State,Vehicle_Type,Weather_Condition,Road_Condition,Road_Type,Time_of_Day,Speed_kmph,Crash_Force_kN,Helmet_Used,Seatbelt_Used,Alcohol_Involved,Mobile_Usage,Emergency_Response_Time_min,Driver_License,Gender,Severity,Number_of_Fatalities,Year,Month,Timing
Rajasthan,Car,Foggy,Dry,Urban,Evening,48.9,70.79,Not Applicable,Yes,No,Yes,29.2,Yes,Female,Minor,0,2019,April,17:32
Tamil Nadu,Car,Clear,Dry,Urban,Morning,46.3,67.04,Not Applicable,Yes,Yes,No,26.2,Yes,Female,Minor,0,2020,April,10:49
Gujarat,Bike,Rainy,Dry,Rural,Evening,58.7,78.47,No,Not Applicable,No,No,21.3,Yes,Female,Minor,0,2020,December,17:07
Uttar Pradesh,Bike,Clear,Wet,Rural,Evening,56.9,77.13,Yes,Not Applicable,No,Yes,20.5,Yes,Male,Minor,0,2023,February,18:10
Gujarat,Truck,Rainy,Dry,Urban,Morning,37.9,53.09,Not Applicable,No,No,No,16.9,Yes,Male,Minor,0,2024,January,4:31
Gujarat,Car,Rainy,Damaged,Urban,Evening,54.7,72.21,Not Applicable,Yes,No,Yes,18.6,Yes,Male,Minor,0,2024,July,19:13
Karnataka,Bike,Clear,Damaged,Urban,Afternoon,52.3,69.42,Yes,Not Applicable,No,Yes,13.5,Yes,Female,Minor,0,2021,August,15:22
Uttar Pradesh,Bike,Rainy,Dry,Urban,Morning,47.1,62.95,Yes,Not Applicable,Yes,No,12,Yes,Female,Minor,2,2020,May,11:35
Tamil Nadu,Bike,Clear,Dry,Rural,Evening,59,79.36,No,Not Applicable,No,No,27.5,Yes,Male,Minor,0,2024,February,20:04
Karnataka,Bike,Clear,Damaged,Urban,Night,50.3,79.4,Yes,Not Applicable,No,No,25.3,Yes,Female,Minor,2,2022,July,0:49
Rajasthan,Car,Clear,Dry,Urban,Evening,44.9,67.97,Not Applicable,Yes,No,No,11.7,Yes,Male,Minor,1,2019,May,18:31
Rajasthan,Bike,Clear,Dry,Rural,Afternoon,52.7,74.44,No,Not Applicable,No,No,31.8,Yes,Female,Minor,0,2023,January,14:50
Uttar Pradesh,Bus,Clear,Damaged,Urban,Afternoon,40.7,65.1,Not Applicable,Yes,No,No,34.7,Expired,Male,Minor,0,2021,December,12:40
Rajasthan,Bus,Rainy,Dry,Urban,Evening,60.6,79.16,Not Applicable,Yes,No,No,22.5,Yes,Male,Minor,0,2021,November,18:30
Rajasthan,Bike,Clear,Wet,Urban,Afternoon,47.9,74.96,Yes,Not Applicable,No,No,17.4,Expired,Female,Minor,0,2023,March,15:45
Tamil Nadu,Bus,Rainy,Damaged,Rural,Night,53.3,78.47,Not Applicable,Yes,No,No,21.2,Yes,Male,Minor,0,2021,May,23:07
Uttar Pradesh,Car,Clear,Dry,Urban,Night,49.7,65.89,Not Applicable,Yes,No,No,10.9,Yes,Male,Minor,0,2021,March,22:30
Uttar Pradesh,Bike,Clear,Dry,Urban,Night,54.2,79.42,Yes,Not Applicable,Yes,No,21.2,Yes,Female,Minor,2,2024,September,21:09
Rajasthan,Bike,Rainy,Damaged,Urban,Afternoon,37.4,52.09,Yes,Not Applicable,No,No,12.2,Yes,Male,Minor,0,2019,May,12:29
Rajasthan,Car,Rainy,Dry,Rural,Morning,52,75.22,Not Applicable,Yes,No,No,13.6,Yes,Female,Minor,0,2023,January,4:31
Tamil Nadu,Bike,Rainy,Damaged,Urban,Morning,39.9,62.54,Yes,Not Applicable,No,No,31.6,Yes,Male,Minor,0,2023,December,8:59
Karnataka,Bike,Clear,Dry,Urban,Night,49.2,67.43,Yes,Not Applicable,No,No,29.8,Yes,Male,Minor,0,2020,July,23:38
Uttar Pradesh,Bus,Rainy,Dry,Urban,Night,44.4,66.06,Not Applicable,Yes,No,No,16.6,Yes,Male,Minor,0,2020,March,23:39
Rajasthan,Bike,Rainy,Dry,Rural,Morning,48,64.36,Yes,Not Applicable,Yes,No,22,Yes,Male,Minor,0,2019,September,8:29
Maharashtra,Car,Clear,Dry,Urban,Evening,49,76.27,Not Applicable,Yes,No,Yes,15.2,Expired,Male,Minor,0,2019,April,18:41
Rajasthan,Car,Clear,Dry,Rural,Night,56.8,75.08,Not Applicable,Yes,No,No,31.4,Yes,Female,Minor,0,2023,January,1:36
Maharashtra,Bike,Clear,Damaged,Urban,Evening,49.5,76.82,Yes,Not Applicable,No,No,20,Yes,Male,Minor,2,2023,September,19:27
Uttar Pradesh,Car,Rainy,Dry,Rural,Night,54.8,78.52,Not Applicable,Yes,No,Yes,20.1,Yes,Female,Minor,0,2019,November,21:16
Rajasthan,Bus,Clear,Wet,Urban,Morning,44.6,64.4,Not Applicable,Yes,No,No,20.1,Yes,Male,Minor,0,2021,May,10:21
Tamil Nadu,Bike,Foggy,Dry,Urban,Evening,38.2,59.73,Yes,Not Applicable,No,No,15.5,Yes,Female,Minor,0,2023,September,20:57
Gujarat,Bike,Foggy,Damaged,Urban,Evening,50.1,74.54,Yes,Not Applicable,No,Yes,14,Yes,Female,Minor,0,2019,April,20:42
Rajasthan,Truck,Clear,Damaged,Urban,Afternoon,53.9,75.53,Not Applicable,Yes,No,No,26.1,Yes,Male,Minor,0,2020,December,16:40
Maharashtra,Car,Foggy,Dry,Urban,Evening,59.4,78.4,Not Applicable,Yes,No,Yes,11.4,Expired,Female,Minor,2,2020,September,20:20
Maharashtra,Bike,Clear,Dry,Rural,Night,57.5,78.14,Yes,Not Applicable,No,No,31.7,Yes,Female,Minor,0,2020,August,1:06
Tamil Nadu,Truck,Rainy,Dry,Urban,Afternoon,37.1,55,Not Applicable,Yes,Yes,No,13.6,Yes,Male,Minor,0,2021,May,13:07
Tamil Nadu,Bike,Clear,Damaged,Urban,Morning,41.7,60.76,Yes,Not Applicable,No,Yes,34.2,Yes,Female,Minor,2,2024,June,11:02
Gujarat,Car,Clear,Damaged,Urban,Evening,52.3,68.07,Not Applicable,Yes,No,No,28.9,Yes,Female,Minor,0,2019,June,17:18
Maharashtra,Bike,Rainy,Dry,Urban,Night,38.2,59.4,Yes,Not Applicable,No,Yes,21,Yes,Female,Minor,0,2021,August,21:36
Tamil Nadu,Truck,Clear,Dry,Urban,Morning,57,77.75,Not Applicable,No,No,No,25.4,Yes,Male,Minor,0,2019,February,7:17
Gujarat,Car,Rainy,Dry,Urban,Evening,43.8,59.28,Not Applicable,Yes,No,Yes,33.4,Yes,Female,Minor,0,2023,January,20:48
Karnataka,Bus,Clear,Dry,Urban,Morning,46.3,67.5,Not Applicable,Yes,Yes,No,11.3,Yes,Male,Minor,0,2020,February,10:12
Uttar Pradesh,Bike,Clear,Wet,Urban,Morning,51.4,75.31,Yes,Not Applicable,No,Yes,23.7,Yes,Female,Minor,0,2021,March,6:01
Karnataka,Truck,Clear,Wet,Urban,Night,52.6,75.01,Not Applicable,Yes,No,No,21.7,Yes,Male,Minor,0,2024,February,21:40
Uttar Pradesh,Bike,Rainy,Damaged,Urban,Morning,45.8,72.06,Yes,Not Applicable,No,No,29.2,Yes,Female,Minor,0,2023,December,11:52
Uttar Pradesh,Bus,Rainy,Dry,Urban,Morning,50.6,79.03,Not Applicable,Yes,No,No,21.4,No,Male,Minor,0,2021,June,4:47
Uttar Pradesh,Bike,Clear,Damaged,Urban,Morning,43,65.21,Yes,Not Applicable,No,No,34.1,Yes,Male,Minor,2,2023,October,4:52
Rajasthan,Bus,Clear,Dry,Urban,Afternoon,40.5,62.21,Not Applicable,Yes,No,No,10.8,No,Male,Minor,0,2024,October,13:16
Uttar Pradesh,Bike,Rainy,Dry,Rural,Afternoon,52.3,68.11,Yes,Not Applicable,No,Yes,13.8,Yes,Male,Minor,0,2021,June,12:34
Maharashtra,Bus,Clear,Damaged,Urban,Evening,48.8,72.58,Not Applicable,Yes,Yes,No,25,Yes,Male,Minor,0,2024,September,18:29
Tamil Nadu,Truck,Clear,Wet,Urban,Morning,44.6,67.31,Not Applicable,Yes,No,No,10.9,Yes,Male,Minor,0,2020,November,5:31
Karnataka,Car,Foggy,Dry,Urban,Morning,49.2,72.93,Not Applicable,Yes,No,No,17,Expired,Male,Minor,0,2022,July,6:29
Tamil Nadu,Car,Clear,Damaged,Urban,Evening,54,78.42,Not Applicable,Yes,No,No,10,Yes,Female,Minor,0,2021,December,19:45
Maharashtra,Car,Rainy,Damaged,Rural,Night,49.9,75.98,Not Applicable,Yes,No,No,20.2,Yes,Male,Minor,0,2022,February,21:28
Karnataka,Car,Clear,Damaged,Urban,Morning,56.5,79.48,Not Applicable,Yes,No,Yes,26.8,Yes,Female,Minor,0,2021,October,10:58
Uttar Pradesh,Bike,Clear,Dry,Urban,Afternoon,47.1,70.25,No,Not Applicable,No,No,32,Yes,Female,Minor,0,2023,November,13:42
Tamil Nadu,Car,Clear,Damaged,Urban,Evening,48,70.09,Not Applicable,No,No,No,11.5,Yes,Male,Minor,0,2024,October,20:58
Uttar Pradesh,Car,Clear,Dry,Rural,Morning,56.6,77.12,Not Applicable,Yes,No,No,25.9,No,Female,Minor,0,2019,January,8:08
Karnataka,Car,Rainy,Dry,Urban,Afternoon,42.1,56.5,Not Applicable,Yes,No,No,25.9,Yes,Male,Minor,0,2023,August,12:08
Rajasthan,Car,Clear,Damaged,Urban,Evening,42.7,58.5,Not Applicable,Yes,No,No,31.7,Yes,Female,Minor,2,2024,July,19:23
Gujarat,Bus,Rainy,Dry,Urban,Morning,48.4,64.03,Not Applicable,Yes,No,No,26.7,Expired,Male,Minor,0,2019,February,10:51
Maharashtra,Bike,Clear,Damaged,Urban,Morning,50.1,79.03,Yes,Not Applicable,No,No,25.5,Yes,Female,Minor,2,2024,May,11:14
Maharashtra,Bus,Foggy,Wet,Urban,Evening,50,78.04,Not Applicable,Yes,No,No,21,Yes,Male,Minor,0,2021,November,19:21
Uttar Pradesh,Car,Rainy,Dry,Urban,Morning,52.6,78.02,Not Applicable,Yes,No,No,21.1,No,Female,Minor,0,2020,October,4:29
Tamil Nadu,Bus,Clear,Damaged,Rural,Night,57.2,78.09,Not Applicable,Yes,No,No,27.9,Yes,Male,Minor,0,2022,February,2:58
Gujarat,Car,Foggy,Dry,Rural,Morning,49.3,73.54,Not Applicable,Yes,No,No,12.9,No,Female,Minor,0,2023,June,11:15
Rajasthan,Truck,Clear,Wet,Urban,Evening,57.5,80,Not Applicable,Yes,No,No,18.1,Yes,Male,Minor,0,2020,December,17:37
Gujarat,Bike,Clear,Damaged,Urban,Night,48.9,67.23,Yes,Not Applicable,No,No,14.1,Yes,Male,Minor,0,2024,June,3:52
Uttar Pradesh,Car,Rainy,Wet,Urban,Morning,46.2,67.99,Not Applicable,Yes,No,No,24.3,Yes,Male,Minor,0,2023,April,5:30
Karnataka,Bike,Clear,Wet,Urban,Evening,54,79.96,Yes,Not Applicable,No,No,14.2,Yes,Male,Minor,0,2022,February,20:34
Maharashtra,Bike,Clear,Dry,Urban,Night,59,77.6,Yes,Not Applicable,No,No,14.1,Expired,Female,Minor,0,2024,November,1:55
Maharashtra,Bike,Clear,Damaged,Urban,Morning,44.5,58.79,Yes,Not Applicable,No,Yes,10.1,Yes,Female,Minor,0,2019,January,4:03
Rajasthan,Car,Rainy,Damaged,Urban,Afternoon,51.9,73.84,Not Applicable,Yes,No,No,17,Yes,Female,Minor,0,2019,April,14:07
Karnataka,Car,Rainy,Dry,Urban,Night,42.7,61.93,Not Applicable,Yes,No,No,26.3,Yes,Female,Minor,0,2024,June,21:22
Karnataka,Bike,Clear,Wet,Urban,Night,44.4,69.24,Yes,Not Applicable,No,No,20.2,Yes,Male,Minor,0,2024,July,21:31
Gujarat,Bus,Clear,Damaged,Urban,Evening,56.1,74.46,Not Applicable,Yes,No,Yes,27.4,Yes,Male,Minor,0,2020,February,19:17
Rajasthan,Bus,Clear,Dry,Urban,Morning,49.5,73.66,Not Applicable,Yes,Yes,No,33.4,Yes,Male,Minor,0,2020,November,9:27
Karnataka,Car,Clear,Damaged,Urban,Morning,44.6,70.84,Not Applicable,Yes,Yes,No,17.1,Yes,Female,Minor,0,2024,February,4:26
Karnataka,Bus,Clear,Dry,Urban,Afternoon,42.7,58.34,Not Applicable,Yes,No,Yes,29.5,Yes,Male,Minor,0,2021,May,16:44
Maharashtra,Truck,Clear,Dry,Urban,Night,41.7,61.61,Not Applicable,Yes,No,No,29.2,Expired,Male,Minor,0,2022,July,22:28
Rajasthan,Bike,Rainy,Dry,Urban,Afternoon,49.1,72.88,Yes,Not Applicable,No,No,19.1,Yes,Female,Minor,1,2019,April,15:39
Maharashtra,Bike,Clear,Dry,Urban,Night,43.6,58.88,Yes,Not Applicable,No,No,22.5,No,Female,Minor,0,2019,March,3:08
Tamil Nadu,Car,Clear,Wet,Urban,Night,44,61.75,Not Applicable,Yes,No,No,10.6,Yes,Female,Minor,0,2019,October,22:29
Uttar Pradesh,Car,Clear,Dry,Urban,Afternoon,49.3,68.87,Not Applicable,Yes,No,No,20.6,Yes,Female,Minor,0,2024,July,12:02
Tamil Nadu,Bike,Foggy,Dry,Urban,Morning,58.1,77.61,Yes,Not Applicable,Yes,No,18.1,Yes,Male,Minor,2,2021,November,6:38
Tamil Nadu,Car,Clear,Wet,Urban,Night,50.9,69.57,Not Applicable,Yes,No,No,19.7,Yes,Female,Minor,0,2021,August,3:23
Tamil Nadu,Car,Foggy,Dry,Rural,Evening,55.3,79.74,Not Applicable,Yes,No,No,13.2,Yes,Male,Minor,1,2021,June,20:00
Uttar Pradesh,Car,Clear,Damaged,Urban,Night,44.9,67.98,Not Applicable,Yes,No,No,16,Expired,Female,Minor,0,2019,January,23:37
Uttar Pradesh,Bike,Foggy,Dry,Urban,Afternoon,45.2,59.01,Yes,Not Applicable,No,No,32.9,Yes,Female,Minor,0,2019,April,15:34
Karnataka,Bike,Foggy,Damaged,Urban,Night,46.6,67.97,Yes,Not Applicable,No,No,24.4,Yes,Male,Minor,0,2023,September,22:02
Rajasthan,Truck,Foggy,Dry,Urban,Morning,56,76.57,Not Applicable,Yes,Yes,No,22.7,Yes,Male,Minor,0,2023,December,10:52
Tamil Nadu,Truck,Rainy,Dry,Urban,Evening,41.7,61.7,Not Applicable,Yes,Yes,No,15.9,Yes,Male,Minor,0,2020,June,18:57
Rajasthan,Bike,Rainy,Damaged,Urban,Morning,41.9,62.48,Yes,Not Applicable,No,No,31.4,Yes,Female,Minor,0,2023,January,4:44
Uttar Pradesh,Car,Clear,Wet,Urban,Night,49.6,69.78,Not Applicable,Yes,No,No,15.4,Yes,Male,Minor,0,2021,December,3:57
Maharashtra,Car,Foggy,Dry,Rural,Night,54.4,79.02,Not Applicable,Yes,No,Yes,14.7,Yes,Female,Minor,0,2024,March,22:00
Tamil Nadu,Bus,Clear,Wet,Urban,Morning,48.5,64.46,Not Applicable,Yes,No,No,23.4,Yes,Male,Minor,0,2020,October,11:13
Gujarat,Bike,Foggy,Dry,Urban,Evening,49.3,77.15,Yes,Not Applicable,No,No,27.5,Expired,Male,Minor,0,2022,April,17:43
Uttar Pradesh,Bike,Clear,Wet,Urban,Morning,44.5,60.57,Yes,Not Applicable,No,Yes,19.5,Yes,Male,Minor,0,2019,August,10:26
Maharashtra,Bus,Clear,Damaged,Urban,Evening,51.5,72.72,Not Applicable,Yes,Yes,No,10.1,Yes,Male,Minor,0,2021,January,20:42
Maharashtra,Bike,Rainy,Dry,Rural,Afternoon,48.2,71.11,Yes,Not Applicable,Yes,No,16.5,Yes,Female,Minor,0,2019,December,16:36
Maharashtra,Bike,Rainy,Dry,Urban,Morning,44.6,70.61,Yes,Not Applicable,No,No,24.7,No,Female,Minor,0,2019,December,4:20
Gujarat,Bike,Clear,Damaged,Urban,Evening,44.4,69.7,Yes,Not Applicable,Yes,No,21.6,Yes,Female,Minor,0,2024,October,20:39
Uttar Pradesh,Bike,Rainy,Dry,Urban,Morning,47.4,71.98,Yes,Not Applicable,No,No,33.6,Expired,Female,Minor,0,2020,July,11:30
Tamil Nadu,Truck,Clear,Damaged,Urban,Morning,42.1,60.26,Not Applicable,Yes,No,No,14.9,Yes,Male,Minor,0,2020,March,11:30
Maharashtra,Car,Rainy,Wet,Urban,Evening,50.5,66.83,Not Applicable,Yes,No,No,23.6,Yes,Female,Minor,0,2022,January,18:13
Gujarat,Bike,Rainy,Dry,Urban,Night,40.3,53.39,Yes,Not Applicable,No,No,19.1,Expired,Female,Minor,0,2024,May,0:37
Rajasthan,Car,Clear,Dry,Rural,Morning,56.7,79.05,Not Applicable,Yes,Yes,No,14.6,Yes,Male,Minor,0,2019,March,5:50
Uttar Pradesh,Bike,Rainy,Damaged,Urban,Evening,39.8,57.68,Yes,Not Applicable,No,No,14.6,Yes,Female,Minor,0,2019,July,20:01
Gujarat,Truck,Clear,Damaged,Urban,Morning,40.6,54.42,Not Applicable,Yes,No,No,19,Yes,Male,Minor,0,2021,January,5:56
Gujarat,Car,Clear,Dry,Urban,Morning,48.4,74.93,Not Applicable,Yes,No,Yes,27.8,Yes,Male,Minor,0,2022,July,10:35
Karnataka,Bike,Foggy,Dry,Urban,Morning,51.1,68.2,Yes,Not Applicable,No,No,10.4,No,Male,Minor,0,2019,November,5:11
Maharashtra,Bus,Rainy,Damaged,Urban,Night,41.6,54.52,Not Applicable,Yes,No,No,18.6,Yes,Male,Minor,0,2023,March,3:18
Rajasthan,Truck,Rainy,Damaged,Urban,Afternoon,50.3,73.8,Not Applicable,Yes,No,No,28.5,Yes,Male,Minor,0,2023,February,15:12
Karnataka,Car,Rainy,Dry,Urban,Morning,52.1,72.97,Not Applicable,Yes,No,Yes,11.6,Yes,Female,Minor,0,2021,August,4:07
Maharashtra,Bike,Clear,Dry,Urban,Evening,55,80,Yes,Not Applicable,Yes,Yes,13.5,Yes,Male,Minor,0,2022,January,18:24
Uttar Pradesh,Car,Rainy,Damaged,Rural,Evening,51.6,78.56,Not Applicable,Yes,No,No,25.8,Yes,Male,Minor,0,2023,June,20:17
Karnataka,Bike,Clear,Dry,Urban,Night,42.2,66.29,Yes,Not Applicable,No,No,27.2,Yes,Female,Minor,0,2024,November,23:47
Karnataka,Car,Clear,Wet,Urban,Morning,48,72.77,Not Applicable,Yes,No,No,12.4,Yes,Female,Minor,0,2023,December,5:28
Gujarat,Bike,Clear,Dry,Urban,Night,57.2,74.63,Yes,Not Applicable,No,Yes,29.6,Yes,Female,Minor,0,2023,October,0:02
Uttar Pradesh,Bike,Rainy,Dry,Urban,Afternoon,46,67.77,Yes,Not Applicable,No,Yes,23.5,Yes,Female,Minor,0,2019,February,13:26
Tamil Nadu,Bike,Clear,Dry,Urban,Morning,48.5,76.07,Yes,Not Applicable,Yes,No,17,Expired,Female,Minor,0,2019,January,6:39
Uttar Pradesh,Bike,Clear,Dry,Urban,Evening,40.4,56.9,Yes,Not Applicable,No,Yes,10.4,Yes,Female,Minor,0,2021,November,17:55
Tamil Nadu,Truck,Rainy,Dry,Urban,Evening,41.1,55.58,Not Applicable,Yes,No,Yes,12,Yes,Male,Minor,0,2019,November,17:34
Gujarat,Car,Foggy,Damaged,Urban,Morning,47.7,68.65,Not Applicable,Yes,No,Yes,15.3,Yes,Female,Minor,0,2019,December,7:45
Maharashtra,Bus,Clear,Dry,Urban,Morning,40.7,54.4,Not Applicable,Yes,No,No,34.7,No,Male,Minor,0,2020,January,5:11
Gujarat,Truck,Clear,Damaged,Urban,Afternoon,42.3,60.19,Not Applicable,Yes,No,Yes,34.2,Yes,Male,Minor,0,2024,November,13:09
Karnataka,Bike,Foggy,Wet,Urban,Morning,45.3,60.34,Yes,Not Applicable,No,No,16.3,Yes,Male,Minor,0,2024,November,7:11
Rajasthan,Truck,Foggy,Damaged,Urban,Morning,37.8,60.24,Not Applicable,Yes,No,Yes,17.4,Yes,Male,Minor,0,2023,June,6:34
Uttar Pradesh,Bike,Rainy,Damaged,Urban,Evening,51.4,78.64,Yes,Not Applicable,No,No,29,Yes,Male,Minor,0,2022,April,20:51
Tamil Nadu,Car,Foggy,Damaged,Urban,Morning,57.8,77.07,Not Applicable,Yes,No,No,24.4,Yes,Male,Minor,0,2020,July,5:50
Rajasthan,Bike,Clear,Dry,Urban,Night,45.9,73.2,Yes,Not Applicable,No,Yes,17.2,Expired,Male,Minor,0,2021,March,21:08
Tamil Nadu,Bus,Rainy,Dry,Rural,Evening,56.6,75.94,Not Applicable,Yes,Yes,No,15.5,Yes,Male,Minor,0,2024,May,18:19
Uttar Pradesh,Truck,Rainy,Damaged,Urban,Morning,51.2,69.36,Not Applicable,Yes,No,No,13.9,Expired,Male,Minor,0,2023,July,11:22
Uttar Pradesh,Bike,Clear,Damaged,Urban,Afternoon,49.3,77.93,Yes,Not Applicable,No,Yes,22.4,Expired,Female,Minor,0,2020,February,13:37
Rajasthan,Bus,Clear,Wet,Urban,Evening,50.2,72.19,Not Applicable,Yes,No,No,18.3,Yes,Male,Minor,0,2022,August,17:22
Uttar Pradesh,Bike,Foggy,Wet,Urban,Morning,52.7,69.65,Yes,Not Applicable,No,No,17.7,Yes,Female,Minor,0,2024,January,6:23
Rajasthan,Bike,Clear,Dry,Urban,Afternoon,43.8,57.35,Yes,Not Applicable,Yes,No,29.8,Yes,Male,Minor,0,2022,May,15:29
Karnataka,Truck,Rainy,Dry,Urban,Morning,51.7,69.23,Not Applicable,Yes,No,No,19.3,Yes,Male,Minor,0,2020,October,7:37
Maharashtra,Bike,Clear,Wet,Urban,Night,49.9,72.46,Yes,Not Applicable,No,No,17.6,Yes,Male,Minor,0,2020,May,2:35
Gujarat,Truck,Rainy,Dry,Rural,Morning,50.6,69.67,Not Applicable,Yes,No,No,16.2,Yes,Male,Minor,0,2024,June,6:12
Rajasthan,Truck,Rainy,Wet,Urban,Evening,58,77.59,Not Applicable,Yes,No,No,16.5,Yes,Male,Minor,0,2020,April,18:37
Gujarat,Bike,Rainy,Dry,Urban,Night,41.6,64.38,Yes,Not Applicable,No,No,25.2,Yes,Male,Minor,0,2020,August,21:26
Rajasthan,Bike,Clear,Dry,Urban,Night,41.9,58.48,Yes,Not Applicable,Yes,No,18.1,Yes,Female,Minor,2,2023,September,1:44
Rajasthan,Car,Rainy,Dry,Urban,Afternoon,51,67.97,Not Applicable,Yes,No,No,20.2,Yes,Male,Minor,0,2019,February,12:55
Maharashtra,Bike,Clear,Wet,Urban,Morning,46.5,65.28,Yes,Not Applicable,No,No,33.8,Yes,Female,Minor,0,2024,April,5:09
Uttar Pradesh,Bike,Clear,Wet,Urban,Evening,47.5,68.92,Yes,Not Applicable,No,Yes,21.2,Yes,Female,Minor,0,2021,August,19:27
Uttar Pradesh,Car,Rainy,Dry,Urban,Night,44.8,63.35,Not Applicable,Yes,No,No,22.6,Yes,Female,Minor,0,2021,December,22:31
Gujarat,Truck,Rainy,Damaged,Urban,Night,51.3,70.89,Not Applicable,Yes,No,No,21.2,Yes,Male,Minor,0,2021,July,3:56
Rajasthan,Bike,Foggy,Damaged,Urban,Morning,48.9,77.64,Yes,Not Applicable,No,Yes,17.4,Yes,Female,Minor,0,2020,October,5:31
Tamil Nadu,Bike,Clear,Damaged,Urban,Afternoon,48.6,75.96,Yes,Not Applicable,No,No,29.5,Yes,Male,Minor,0,2020,December,13:30
Uttar Pradesh,Bike,Clear,Wet,Urban,Morning,41.6,63.17,Yes,Not Applicable,No,No,27.9,Yes,Female,Minor,2,2021,August,8:43
Uttar Pradesh,Car,Foggy,Wet,Urban,Evening,37.2,58.13,Not Applicable,Yes,No,No,21,Yes,Female,Minor,0,2022,July,17:39
Maharashtra,Car,Foggy,Dry,Urban,Morning,41.2,60.59,Not Applicable,Yes,No,No,17.4,No,Female,Minor,2,2024,September,10:09
Gujarat,Bus,Foggy,Damaged,Urban,Morning,45.4,64.91,Not Applicable,Yes,No,No,25.3,Yes,Male,Minor,0,2019,August,10:12
Tamil Nadu,Bus,Clear,Wet,Rural,Afternoon,51.7,68.14,Not Applicable,Yes,No,Yes,24,Yes,Male,Minor,0,2024,September,12:18
Gujarat,Bike,Foggy,Dry,Highway,Night,76.7,112.72,Yes,Not Applicable,Yes,No,23.7,Yes,Female,Serious,2,2023,January,21:02
Karnataka,Car,Clear,Damaged,Urban,Evening,46,61.62,Not Applicable,No,Yes,No,22.3,Yes,Female,Serious,3,2020,January,20:25
Karnataka,Bike,Rainy,Damaged,Urban,Afternoon,64.1,98.83,Yes,Not Applicable,Yes,No,21.7,Yes,Female,Serious,0,2021,June,13:53
Gujarat,Bike,Clear,Dry,Rural,Night,60.9,96.29,Yes,Not Applicable,No,Yes,18.9,Yes,Female,Serious,1,2023,April,1:24
Uttar Pradesh,Bus,Rainy,Wet,Urban,Morning,66.5,90.85,Not Applicable,Yes,No,No,19.2,Yes,Male,Serious,8,2020,December,4:41
Maharashtra,Bike,Clear,Dry,Urban,Night,74.1,104.13,Yes,Not Applicable,Yes,No,13.5,No,Female,Serious,0,2024,June,21:57
Gujarat,Bike,Rainy,Wet,Urban,Night,56.8,81.27,Yes,Not Applicable,No,No,21.2,Yes,Male,Serious,2,2024,July,3:29
Gujarat,Bus,Foggy,Wet,Urban,Morning,65.4,100.35,Not Applicable,Yes,No,No,20.9,Yes,Male,Serious,11,2019,April,8:03
Uttar Pradesh,Car,Rainy,Dry,Urban,Night,47.8,68.09,Not Applicable,Yes,No,No,13.6,No,Female,Serious,4,2022,May,23:26
Tamil Nadu,Truck,Rainy,Dry,Rural,Afternoon,63.4,89.91,Not Applicable,Yes,No,Yes,11.1,Expired,Male,Serious,4,2021,December,16:21
Maharashtra,Bus,Clear,Damaged,Urban,Morning,63.3,98.96,Not Applicable,Yes,Yes,Yes,24.3,Yes,Male,Serious,10,2024,January,8:16
Rajasthan,Bike,Clear,Wet,Urban,Morning,56.2,73.75,Yes,Not Applicable,Yes,Yes,12.5,Yes,Female,Serious,3,2021,July,8:55
Gujarat,Truck,Rainy,Damaged,Urban,Morning,41.7,60,Not Applicable,Yes,No,Yes,32.7,Expired,Male,Serious,3,2021,March,8:00
Rajasthan,Car,Clear,Wet,Urban,Afternoon,53.5,84.82,Not Applicable,Yes,No,No,28.4,Yes,Female,Serious,4,2021,March,15:28
Uttar Pradesh,Truck,Rainy,Damaged,Highway,Morning,78.4,114.56,Not Applicable,No,No,No,25.3,Yes,Male,Serious,4,2024,December,4:54
Rajasthan,Car,Rainy,Damaged,Urban,Morning,43.5,68.05,Not Applicable,Yes,Yes,No,17,Yes,Female,Serious,6,2019,July,9:48
Gujarat,Car,Clear,Wet,Urban,Morning,60.8,85.57,Not Applicable,Yes,No,No,31.2,Expired,Male,Serious,3,2020,September,9:25
Gujarat,Truck,Rainy,Wet,Urban,Evening,63.5,85.94,Not Applicable,Yes,No,No,17,Yes,Male,Serious,2,2022,March,18:37
Rajasthan,Bus,Rainy,Wet,Highway,Morning,70.7,102.08,Not Applicable,Yes,No,No,20.1,Yes,Male,Serious,12,2024,December,4:55
Maharashtra,Car,Rainy,Damaged,Urban,Afternoon,57,78.35,Not Applicable,No,No,Yes,11.2,Yes,Male,Serious,3,2024,January,15:58
Tamil Nadu,Truck,Rainy,Damaged,Urban,Morning,64.4,86.83,Not Applicable,Yes,Yes,Yes,18.4,Yes,Male,Serious,5,2023,April,9:49
Tamil Nadu,Bike,Clear,Dry,Highway,Night,77.8,117.3,Yes,Not Applicable,Yes,No,14.7,No,Female,Serious,0,2019,July,0:13
Rajasthan,Bike,Foggy,Dry,Urban,Morning,53.6,83.22,Yes,Not Applicable,Yes,No,13.6,No,Female,Serious,3,2024,October,7:56
Karnataka,Bike,Clear,Wet,Urban,Afternoon,50.3,78.33,Yes,Not Applicable,Yes,No,13.5,Yes,Female,Serious,0,2022,January,12:26
Gujarat,Car,Rainy,Wet,Highway,Afternoon,74.1,101.06,Not Applicable,Yes,No,No,21.8,No,Male,Serious,3,2020,May,12:26
Maharashtra,Bus,Clear,Dry,Urban,Evening,62.8,98.51,Not Applicable,Yes,Yes,Yes,27.4,Yes,Male,Serious,10,2021,January,19:32
Rajasthan,Bike,Clear,Damaged,Rural,Evening,52.6,69.08,Yes,Not Applicable,No,Yes,30.5,Expired,Female,Serious,0,2021,August,19:57
Uttar Pradesh,Bike,Clear,Damaged,Rural,Evening,63.6,99.89,Yes,Not Applicable,No,Yes,28.7,No,Female,Serious,0,2022,December,18:56
Uttar Pradesh,Car,Foggy,Damaged,Urban,Night,53.3,74.29,Not Applicable,Yes,No,Yes,16.6,Yes,Female,Serious,4,2020,August,22:09
Karnataka,Bike,Foggy,Wet,Rural,Evening,61.9,85.11,Yes,Not Applicable,Yes,No,12.4,Yes,Male,Serious,0,2020,September,20:06
Karnataka,Bike,Clear,Wet,Highway,Night,80.2,106.14,Yes,Not Applicable,Yes,No,15.7,Yes,Male,Serious,3,2020,March,0:55
Uttar Pradesh,Car,Foggy,Wet,Urban,Afternoon,49.3,72.97,Not Applicable,Yes,No,No,26.8,Yes,Female,Serious,3,2022,September,16:47
Tamil Nadu,Car,Rainy,Wet,Highway,Evening,70,107.79,Not Applicable,Yes,No,No,20.8,Expired,Male,Serious,4,2021,November,20:21
Uttar Pradesh,Car,Clear,Dry,Urban,Afternoon,70.3,103.79,Not Applicable,No,Yes,No,14.4,Yes,Male,Serious,5,2019,February,13:55
Rajasthan,Bike,Clear,Dry,Urban,Night,72.3,99.28,Yes,Not Applicable,Yes,No,32.6,Expired,Male,Serious,3,2022,July,1:48
Rajasthan,Bike,Clear,Dry,Urban,Afternoon,45.9,68.41,No,Not Applicable,Yes,Yes,22.4,Yes,Male,Serious,0,2022,April,16:41
Uttar Pradesh,Car,Clear,Wet,Urban,Afternoon,56.4,76.18,Not Applicable,Yes,Yes,No,26,Yes,Male,Serious,5,2021,January,14:19
Gujarat,Bike,Clear,Dry,Rural,Night,73.7,112.06,Yes,Not Applicable,No,No,16.2,Yes,Male,Serious,1,2021,July,3:46
Gujarat,Bike,Foggy,Wet,Rural,Night,78.3,117.65,Yes,Not Applicable,No,No,29.1,Yes,Female,Serious,0,2020,January,21:05
Gujarat,Bus,Clear,Damaged,Urban,Evening,61.3,84.31,Not Applicable,Yes,No,No,29.6,Yes,Male,Serious,9,2024,July,17:30
Rajasthan,Bike,Rainy,Wet,Urban,Night,70.8,98.22,Yes,Not Applicable,No,Yes,16.2,Yes,Female,Serious,2,2022,November,0:35
Gujarat,Car,Clear,Damaged,Rural,Night,75,112.25,Not Applicable,Yes,Yes,No,30.6,Yes,Female,Serious,3,2020,December,3:07
Karnataka,Truck,Rainy,Wet,Urban,Night,49.6,66.25,Not Applicable,Yes,No,Yes,18.1,Yes,Male,Serious,3,2019,January,1:16
Tamil Nadu,Car,Clear,Damaged,Urban,Evening,52.3,78.48,Not Applicable,Yes,Yes,No,17.3,Expired,Female,Serious,6,2021,November,20:27
Tamil Nadu,Car,Rainy,Damaged,Urban,Night,44.8,62.64,Not Applicable,Yes,No,Yes,30.3,Yes,Female,Serious,4,2019,February,1:57
Gujarat,Car,Clear,Damaged,Urban,Morning,61,84.17,Not Applicable,Yes,No,No,12.4,Expired,Female,Serious,4,2021,October,6:23
Rajasthan,Bike,Rainy,Dry,Rural,Morning,56,72.83,Yes,Not Applicable,Yes,No,21.9,No,Female,Serious,0,2022,March,5:07
Gujarat,Car,Clear,Dry,Urban,Evening,67.4,95.77,Not Applicable,No,Yes,No,27.6,Yes,Male,Serious,2,2021,November,19:07
Rajasthan,Car,Clear,Damaged,Highway,Evening,76.3,116.92,Not Applicable,Yes,No,Yes,26.8,No,Male,Serious,3,2024,September,17:22
Rajasthan,Bike,Clear,Wet,Highway,Morning,79.8,107.12,Yes,Not Applicable,No,Yes,25.5,Yes,Female,Serious,0,2019,August,8:42
Rajasthan,Bike,Rainy,Damaged,Rural,Morning,61.2,83.36,Yes,Not Applicable,No,Yes,14.9,No,Male,Serious,3,2019,February,4:15
Uttar Pradesh,Car,Clear,Damaged,Urban,Morning,47.7,75.14,Not Applicable,No,No,Yes,10.1,Yes,Female,Serious,3,2019,February,7:47
Tamil Nadu,Car,Clear,Wet,Urban,Afternoon,74.5,115.18,Not Applicable,Yes,Yes,No,18.6,Yes,Male,Serious,3,2021,November,14:44
Rajasthan,Bus,Clear,Damaged,Urban,Evening,64.6,93.21,Not Applicable,Yes,Yes,No,18.4,Yes,Male,Serious,13,2022,January,19:55
Rajasthan,Bike,Rainy,Dry,Urban,Evening,57.5,91.39,Yes,Not Applicable,No,No,30.5,No,Male,Serious,2,2021,October,17:14
Maharashtra,Bike,Rainy,Wet,Urban,Morning,48.8,65.87,Yes,Not Applicable,No,Yes,33.4,Yes,Female,Serious,2,2021,April,7:30
Tamil Nadu,Car,Foggy,Damaged,Urban,Evening,59.8,86.59,Not Applicable,Yes,No,No,31.2,Expired,Female,Serious,3,2023,November,19:47
Uttar Pradesh,Bike,Rainy,Wet,Rural,Morning,63.2,93.36,Yes,Not Applicable,No,No,14.1,No,Female,Serious,3,2021,June,10:45
Rajasthan,Bike,Clear,Wet,Rural,Evening,69.4,96.01,Yes,Not Applicable,No,Yes,15.7,No,Female,Serious,3,2021,May,18:12
Maharashtra,Car,Clear,Damaged,Highway,Morning,78.1,114.69,Not Applicable,Yes,Yes,Yes,20.5,Yes,Male,Serious,3,2020,May,4:01
Karnataka,Bike,Rainy,Damaged,Urban,Morning,54.9,71.44,Yes,Not Applicable,Yes,Yes,20.2,Yes,Female,Serious,0,2023,October,10:44
Tamil Nadu,Bus,Clear,Damaged,Urban,Morning,62.6,84.4,Not Applicable,Yes,No,Yes,10.4,No,Male,Serious,14,2020,December,10:13
Karnataka,Bike,Clear,Wet,Urban,Evening,67.4,96.26,No,Not Applicable,No,Yes,15.8,Yes,Female,Serious,2,2024,March,19:14
Uttar Pradesh,Bike,Clear,Dry,Urban,Night,49.4,75.44,No,Not Applicable,No,No,15.2,Expired,Female,Serious,0,2024,October,21:29
Tamil Nadu,Car,Rainy,Wet,Urban,Morning,47.2,66.64,Not Applicable,Yes,Yes,No,20.9,Yes,Female,Serious,3,2024,November,9:16
Uttar Pradesh,Truck,Rainy,Dry,Highway,Morning,90,119.53,Not Applicable,Yes,Yes,No,12,Yes,Male,Serious,3,2020,June,10:56
Maharashtra,Bike,Clear,Wet,Urban,Night,60.1,80.66,Yes,Not Applicable,No,Yes,22.8,Expired,Female,Serious,3,2023,December,3:46
Tamil Nadu,Bike,Clear,Wet,Urban,Morning,61.3,83.06,Yes,Not Applicable,No,No,13.8,Yes,Female,Serious,2,2021,December,6:40
Karnataka,Bike,Rainy,Damaged,Urban,Morning,52.9,72.22,Yes,Not Applicable,Yes,Yes,14.5,Yes,Male,Serious,3,2021,April,7:31
Uttar Pradesh,Car,Clear,Dry,Highway,Night,78.4,107.21,Not Applicable,Yes,No,No,17.7,Yes,Female,Serious,2,2019,March,0:59
Gujarat,Car,Clear,Wet,Urban,Evening,71.7,107.6,Not Applicable,Yes,No,No,28.6,Yes,Male,Serious,2,2024,February,18:48
Rajasthan,Car,Foggy,Damaged,Rural,Morning,77.1,116.73,Not Applicable,Yes,Yes,No,26.5,Yes,Male,Serious,5,2022,November,10:20
Gujarat,Bike,Clear,Wet,Highway,Morning,80.6,114.81,Yes,Not Applicable,Yes,No,27.8,Yes,Female,Serious,3,2023,September,6:46
Gujarat,Bike,Clear,Dry,Urban,Night,60.4,86.37,No,Not Applicable,Yes,No,24.6,Yes,Male,Serious,0,2019,December,21:28
Tamil Nadu,Bus,Clear,Wet,Urban,Afternoon,60,78.89,Not Applicable,Yes,No,Yes,28.9,Yes,Male,Serious,8,2021,February,13:36
Rajasthan,Car,Rainy,Damaged,Rural,Night,69.3,90.82,Not Applicable,Yes,No,No,22,Yes,Female,Serious,2,2020,November,1:40
Karnataka,Bike,Foggy,Damaged,Rural,Morning,73.3,101.04,Yes,Not Applicable,Yes,Yes,11,Yes,Female,Serious,0,2020,September,5:45
Maharashtra,Car,Clear,Damaged,Rural,Afternoon,69.8,102.71,Not Applicable,Yes,Yes,Yes,12.3,Yes,Female,Serious,3,2023,November,14:38
Tamil Nadu,Truck,Rainy,Wet,Highway,Morning,87.7,116.79,Not Applicable,Yes,No,Yes,28.5,Yes,Male,Serious,3,2021,July,10:40
Karnataka,Car,Rainy,Dry,Highway,Morning,72.7,95.13,Not Applicable,Yes,No,No,19.4,Yes,Male,Serious,2,2022,September,4:11
Gujarat,Truck,Foggy,Wet,Urban,Evening,52.8,76.38,Not Applicable,Yes,Yes,No,16.3,Yes,Male,Serious,6,2024,March,20:18
Maharashtra,Bike,Clear,Dry,Highway,Night,86.4,116.02,No,Not Applicable,No,Yes,25.5,Yes,Female,Serious,0,2021,July,2:03
Rajasthan,Car,Foggy,Dry,Urban,Night,67.5,100.04,Not Applicable,Yes,Yes,Yes,20.9,Yes,Male,Serious,5,2022,January,23:09
Karnataka,Bike,Clear,Wet,Urban,Afternoon,68.5,90.22,Yes,Not Applicable,Yes,No,15.5,Expired,Male,Serious,4,2021,May,13:23
Rajasthan,Car,Foggy,Wet,Urban,Morning,47.2,74.55,Not Applicable,Yes,No,Yes,19,Yes,Male,Serious,2,2021,July,7:46
Rajasthan,Bike,Clear,Damaged,Rural,Night,74.5,99.66,No,Not Applicable,No,Yes,13.1,Yes,Female,Serious,2,2023,December,0:49
Tamil Nadu,Car,Clear,Damaged,Urban,Afternoon,66.3,102.64,Not Applicable,No,No,No,19.4,No,Female,Serious,3,2021,July,14:34
Rajasthan,Car,Rainy,Dry,Urban,Evening,64.5,100.46,Not Applicable,Yes,Yes,No,13,Expired,Male,Serious,6,2021,November,19:33
Gujarat,Bus,Foggy,Wet,Rural,Evening,63.1,82.18,Not Applicable,Yes,Yes,No,24.4,Yes,Male,Serious,16,2022,January,17:42
Karnataka,Truck,Clear,Wet,Urban,Night,60.8,80.08,Not Applicable,Yes,No,No,12.6,Yes,Male,Serious,3,2022,January,21:38
Karnataka,Car,Foggy,Dry,Rural,Morning,49.4,70.91,Not Applicable,Yes,Yes,Yes,21.9,Yes,Female,Serious,3,2019,December,4:05
Uttar Pradesh,Bike,Clear,Damaged,Rural,Evening,72.9,105.3,Yes,Not Applicable,Yes,No,17.9,Yes,Male,Serious,3,2020,January,18:59
Maharashtra,Truck,Clear,Damaged,Urban,Evening,71.1,93.95,Not Applicable,Yes,Yes,No,16.6,No,Male,Serious,4,2019,May,19:36
Tamil Nadu,Bus,Rainy,Damaged,Highway,Morning,71.7,114.58,Not Applicable,No,No,Yes,24.9,Yes,Male,Serious,7,2024,October,7:08
Uttar Pradesh,Car,Clear,Wet,Urban,Morning,59.4,79.7,Not Applicable,Yes,No,No,10.9,No,Female,Serious,3,2024,February,10:27
Maharashtra,Truck,Foggy,Dry,Urban,Night,40.9,54.16,Not Applicable,Yes,No,Yes,11.9,Expired,Male,Serious,3,2022,May,23:19
Gujarat,Car,Rainy,Dry,Urban,Night,53.9,83.04,Not Applicable,No,No,No,27.5,Yes,Female,Serious,3,2022,March,0:04
Maharashtra,Car,Clear,Damaged,Highway,Morning,89.5,117.36,Not Applicable,Yes,Yes,Yes,31.2,Yes,Female,Serious,3,2024,September,5:17
Tamil Nadu,Bike,Clear,Damaged,Rural,Night,53.7,77.05,Yes,Not Applicable,Yes,Yes,20,Yes,Male,Serious,3,2019,February,21:11
Uttar Pradesh,Bike,Rainy,Damaged,Rural,Evening,57.7,89.65,Yes,Not Applicable,No,No,33.4,No,Male,Serious,3,2023,December,17:27
Maharashtra,Bus,Clear,Damaged,Urban,Evening,44.1,69.09,Not Applicable,Yes,No,Yes,25.5,No,Male,Serious,9,2019,September,18:23
Uttar Pradesh,Bus,Clear,Damaged,Urban,Night,66.3,98.22,Not Applicable,No,No,No,32.2,Yes,Male,Serious,12,2024,February,0:21
Maharashtra,Car,Clear,Dry,Urban,Night,72.5,101.46,Not Applicable,Yes,Yes,Yes,15.3,Yes,Female,Serious,3,2023,January,23:02
Rajasthan,Car,Rainy,Dry,Highway,Morning,69.6,102.9,Not Applicable,Yes,No,Yes,20.9,Expired,Male,Serious,4,2023,April,9:07
Maharashtra,Car,Foggy,Wet,Urban,Night,42.6,66.43,Not Applicable,Yes,No,No,12.7,Yes,Female,Serious,4,2020,February,1:02
Uttar Pradesh,Bus,Rainy,Wet,Urban,Afternoon,37.9,56.75,Not Applicable,Yes,Yes,No,22.7,Yes,Male,Serious,17,2022,March,12:48
Karnataka,Bike,Clear,Damaged,Urban,Night,60.7,83.9,Yes,Not Applicable,No,Yes,19.8,No,Female,Serious,0,2024,October,23:27
Karnataka,Car,Clear,Dry,Highway,Morning,85.4,118.42,Not Applicable,Yes,No,No,23.5,Yes,Female,Serious,1,2019,May,6:08
Gujarat,Bike,Rainy,Damaged,Urban,Evening,41.5,61.11,Yes,Not Applicable,No,No,10.8,No,Male,Serious,3,2021,June,19:43
Maharashtra,Car,Clear,Damaged,Rural,Morning,73.6,112.39,Not Applicable,Yes,Yes,Yes,27.9,Yes,Female,Serious,3,2023,March,9:58
Karnataka,Truck,Clear,Damaged,Highway,Afternoon,83.3,113.6,Not Applicable,Yes,Yes,Yes,27,Yes,Male,Serious,6,2024,June,13:43
Tamil Nadu,Car,Rainy,Dry,Urban,Afternoon,58.2,82.85,Not Applicable,Yes,No,No,30.6,Yes,Female,Serious,2,2024,June,15:15
Tamil Nadu,Car,Rainy,Wet,Rural,Afternoon,47.5,66.53,Not Applicable,Yes,No,No,19.6,Expired,Male,Serious,4,2020,June,13:12
Gujarat,Truck,Clear,Wet,Rural,Afternoon,78.4,110.15,Not Applicable,Yes,No,No,12.7,Yes,Male,Serious,2,2021,January,13:30
Uttar Pradesh,Truck,Clear,Wet,Urban,Morning,57.4,87.34,Not Applicable,Yes,Yes,No,30.3,Yes,Male,Serious,6,2019,October,9:47
Maharashtra,Bike,Foggy,Wet,Rural,Morning,68.7,93.01,Yes,Not Applicable,No,Yes,17.8,Expired,Male,Serious,0,2024,October,11:41
Gujarat,Bike,Foggy,Wet,Urban,Evening,61.4,91.29,Yes,Not Applicable,No,No,31.5,Yes,Male,Serious,2,2023,November,17:27
Gujarat,Bike,Clear,Damaged,Urban,Evening,54.4,83.72,No,Not Applicable,No,No,21.6,Yes,Male,Serious,0,2021,April,20:13
Rajasthan,Car,Foggy,Wet,Urban,Afternoon,58.4,90.54,Not Applicable,Yes,No,No,16.2,No,Female,Serious,3,2023,October,16:15
Uttar Pradesh,Bike,Rainy,Damaged,Urban,Night,63.4,100.03,Yes,Not Applicable,No,No,19.9,Yes,Male,Serious,0,2019,January,21:10
Maharashtra,Car,Clear,Damaged,Urban,Morning,66.8,100.77,Not Applicable,Yes,No,No,29.9,Yes,Female,Serious,3,2024,September,8:32
Karnataka,Bike,Clear,Wet,Urban,Evening,45.3,60.64,Yes,Not Applicable,Yes,No,20.7,Expired,Female,Serious,0,2021,November,20:28
Gujarat,Truck,Clear,Dry,Urban,Night,63.1,86.58,Not Applicable,No,No,Yes,31.3,Yes,Male,Serious,3,2023,July,21:30
Maharashtra,Car,Clear,Damaged,Urban,Night,44.5,60.7,Not Applicable,Yes,Yes,No,33.7,Yes,Male,Serious,6,2019,February,21:41
Gujarat,Car,Clear,Dry,Urban,Night,75.4,115.26,Not Applicable,Yes,No,No,34.3,Yes,Female,Serious,3,2020,December,2:58
Maharashtra,Car,Foggy,Wet,Highway,Night,78.6,108.96,Not Applicable,Yes,No,No,32.1,Yes,Female,Serious,3,2023,March,3:18
Uttar Pradesh,Bike,Foggy,Damaged,Urban,Morning,37.2,49.15,Yes,Not Applicable,Yes,Yes,20,Yes,Female,Serious,3,2024,February,5:04
Tamil Nadu,Car,Rainy,Wet,Highway,Afternoon,69.9,103.25,Not Applicable,Yes,No,No,34.4,Yes,Female,Serious,3,2023,June,14:25
Rajasthan,Bus,Rainy,Damaged,Rural,Morning,55.1,82.77,Not Applicable,Yes,No,No,18.7,No,Male,Serious,13,2024,April,9:56
Uttar Pradesh,Truck,Rainy,Wet,Urban,Night,65.1,92.08,Not Applicable,Yes,No,No,26.7,Yes,Male,Serious,2,2021,February,22:38
Rajasthan,Car,Clear,Wet,Rural,Morning,64.6,88.82,Not Applicable,Yes,Yes,No,28.1,Yes,Female,Serious,3,2024,November,9:15
Gujarat,Car,Foggy,Damaged,Rural,Morning,76.4,114.22,Not Applicable,Yes,No,No,24.6,Yes,Female,Serious,2,2024,March,7:08
Gujarat,Car,Rainy,Dry,Rural,Evening,62.5,85.86,Not Applicable,Yes,No,Yes,13.5,Expired,Male,Serious,4,2022,July,20:04
Maharashtra,Car,Clear,Dry,Urban,Night,57.3,81.06,Not Applicable,Yes,No,No,18.7,No,Female,Serious,3,2023,April,21:06
Tamil Nadu,Bike,Clear,Wet,Rural,Evening,56,86.26,Yes,Not Applicable,No,No,27.8,Yes,Male,Serious,0,2024,June,19:46
Tamil Nadu,Bike,Rainy,Damaged,Urban,Evening,57.5,80.03,No,Not Applicable,No,No,17.2,Expired,Male,Serious,0,2023,October,18:22
Uttar Pradesh,Bike,Clear,Damaged,Urban,Morning,60.1,89.83,Yes,Not Applicable,Yes,Yes,10.8,Yes,Female,Serious,0,2019,November,5:10
Gujarat,Bus,Rainy,Damaged,Urban,Evening,66.1,96.34,Not Applicable,Yes,No,No,26.2,Expired,Male,Serious,8,2020,August,17:16
Gujarat,Car,Foggy,Wet,Urban,Evening,59.1,83.31,Not Applicable,Yes,No,No,23.6,Yes,Female,Serious,3,2021,April,20:23
Rajasthan,Car,Foggy,Damaged,Highway,Evening,79.4,117.69,Not Applicable,Yes,Yes,No,16.1,Yes,Female,Serious,3,2020,March,17:59
Rajasthan,Bike,Rainy,Damaged,Rural,Morning,58.1,78.88,Yes,Not Applicable,Yes,No,18.7,Yes,Female,Serious,3,2024,June,5:58
Rajasthan,Bike,Clear,Damaged,Urban,Evening,59.9,88.06,Yes,Not Applicable,Yes,Yes,11.7,Yes,Female,Serious,0,2020,December,19:44
Rajasthan,Bike,Foggy,Dry,Rural,Night,57,90.46,Yes,Not Applicable,Yes,No,23.6,Yes,Male,Serious,0,2022,June,22:46
Gujarat,Car,Rainy,Dry,Urban,Morning,49.8,78.03,Not Applicable,Yes,Yes,Yes,29.2,Yes,Male,Serious,5,2023,June,9:59
Uttar Pradesh,Car,Clear,Wet,Rural,Morning,52.7,68.86,Not Applicable,Yes,Yes,Yes,24.7,Yes,Female,Serious,6,2021,July,9:32
Rajasthan,Bike,Clear,Wet,Rural,Night,71.4,99.76,Yes,Not Applicable,No,Yes,17.7,Expired,Female,Serious,0,2024,November,1:53
Karnataka,Truck,Clear,Wet,Highway,Night,81.4,114.56,Not Applicable,Yes,No,No,11.7,Yes,Male,Serious,4,2022,May,22:55
Uttar Pradesh,Car,Clear,Damaged,Urban,Morning,69.7,111.39,Not Applicable,Yes,Yes,Yes,26.6,Yes,Female,Serious,6,2022,April,5:03
Gujarat,Car,Clear,Damaged,Urban,Morning,58.3,83.91,Not Applicable,Yes,Yes,No,10.6,No,Male,Serious,7,2021,October,4:00
Karnataka,Bike,Clear,Damaged,Urban,Night,75.6,115.93,Yes,Not Applicable,No,No,26.3,Yes,Female,Serious,2,2023,February,2:18
Tamil Nadu,Truck,Clear,Wet,Urban,Morning,59.4,81.32,Not Applicable,Yes,Yes,No,18,Yes,Male,Serious,5,2020,February,11:07
Uttar Pradesh,Car,Foggy,Dry,Highway,Morning,85.8,113.21,Not Applicable,Yes,Yes,No,13.6,Expired,Female,Serious,4,2024,October,4:42
Gujarat,Truck,Clear,Wet,Urban,Morning,59.4,92.91,Not Applicable,Yes,No,No,28.2,Yes,Male,Serious,2,2019,February,9:15
Maharashtra,Car,Clear,Wet,Urban,Evening,61.5,84.64,Not Applicable,Yes,No,No,25.9,Yes,Female,Serious,2,2024,May,18:35
Tamil Nadu,Truck,Rainy,Damaged,Highway,Night,77.5,110.87,Not Applicable,Yes,No,No,24.2,Expired,Male,Serious,5,2021,August,3:07
Karnataka,Bike,Clear,Dry,Rural,Afternoon,51.5,71.94,Yes,Not Applicable,Yes,No,19.4,No,Male,Serious,3,2020,October,14:44
Rajasthan,Bus,Rainy,Dry,Highway,Evening,89.7,118.25,Not Applicable,Yes,Yes,No,10.1,No,Male,Serious,12,2023,August,20:59
Tamil Nadu,Truck,Rainy,Damaged,Urban,Morning,59.7,94.58,Not Applicable,Yes,Yes,No,19.9,Yes,Male,Serious,5,2020,August,4:51
Rajasthan,Car,Clear,Wet,Rural,Afternoon,56.5,78.43,Not Applicable,Yes,No,Yes,25.6,Yes,Female,Serious,4,2020,February,13:42
Rajasthan,Bike,Foggy,Wet,Urban,Evening,40.9,55.07,Yes,Not Applicable,Yes,No,12.5,Yes,Male,Serious,0,2022,March,17:26
Rajasthan,Car,Clear,Wet,Urban,Evening,71.6,100.82,Not Applicable,No,No,Yes,15.4,Yes,Male,Serious,2,2019,August,19:17
Tamil Nadu,Car,Clear,Wet,Rural,Night,66.3,95.42,Not Applicable,Yes,No,No,10.2,Expired,Female,Serious,5,2022,February,0:00
Gujarat,Car,Rainy,Dry,Rural,Night,48.1,68.58,Not Applicable,Yes,Yes,Yes,15.8,Yes,Female,Serious,5,2022,February,0:20
Uttar Pradesh,Car,Clear,Wet,Rural,Morning,59.3,88.7,Not Applicable,Yes,Yes,No,31.2,Yes,Female,Serious,6,2023,November,11:35
Gujarat,Car,Clear,Damaged,Urban,Night,64,87.28,Not Applicable,Yes,No,No,25.1,Expired,Female,Serious,3,2024,July,23:54
Gujarat,Bus,Clear,Dry,Urban,Afternoon,40.6,54.43,Not Applicable,No,No,No,13.1,No,Male,Serious,12,2023,June,12:57
Gujarat,Car,Foggy,Dry,Highway,Morning,79.7,114.33,Not Applicable,Yes,Yes,No,14.9,Yes,Female,Serious,2,2023,March,9:13
Uttar Pradesh,Car,Rainy,Damaged,Urban,Morning,43.4,56.69,Not Applicable,No,No,No,26.8,Yes,Female,Serious,2,2019,February,7:51
Uttar Pradesh,Bike,Clear,Damaged,Urban,Morning,73.4,101.81,Yes,Not Applicable,Yes,Yes,21.6,Yes,Female,Serious,3,2023,July,6:55
Maharashtra,Truck,Clear,Damaged,Rural,Night,56.2,84.97,Not Applicable,Yes,No,No,33.7,Yes,Male,Serious,2,2019,October,0:38
Uttar Pradesh,Car,Clear,Dry,Urban,Morning,44.6,64.02,Not Applicable,No,Yes,No,21.1,Yes,Female,Serious,2,2022,February,11:49
Rajasthan,Truck,Rainy,Dry,Urban,Evening,64.6,96.42,Not Applicable,Yes,Yes,No,30.4,Yes,Male,Serious,2,2021,January,17:23
Maharashtra,Truck,Clear,Wet,Highway,Morning,77.4,118.51,Not Applicable,Yes,Yes,No,24.3,Yes,Male,Serious,3,2023,May,8:37
Tamil Nadu,Bike,Foggy,Wet,Highway,Morning,70.6,96.56,Yes,Not Applicable,No,No,27.4,Yes,Female,Serious,2,2019,September,7:23
Gujarat,Bike,Foggy,Dry,Rural,Morning,68.6,90.08,Yes,Not Applicable,No,No,20.6,Yes,Female,Serious,1,2024,September,9:36
Rajasthan,Bike,Foggy,Wet,Highway,Evening,70.5,91.89,Yes,Not Applicable,No,Yes,34.2,Yes,Male,Serious,0,2021,March,18:51
Maharashtra,Car,Clear,Damaged,Urban,Morning,67.3,89.33,Not Applicable,Yes,Yes,Yes,25.6,Yes,Female,Serious,3,2022,August,9:20
Maharashtra,Bus,Foggy,Wet,Urban,Afternoon,40.9,59.49,Not Applicable,Yes,No,No,28.2,Expired,Male,Serious,13,2019,March,16:49
Gujarat,Car,Foggy,Wet,Urban,Night,48.5,73.64,Not Applicable,Yes,No,No,22.7,Expired,Female,Serious,4,2019,August,3:09
Rajasthan,Car,Clear,Damaged,Highway,Morning,79.1,106.17,Not Applicable,Yes,No,No,31.7,Expired,Female,Serious,4,2019,December,4:34
Rajasthan,Truck,Rainy,Wet,Urban,Night,58.1,91.46,Not Applicable,Yes,No,Yes,15.1,Yes,Male,Serious,3,2024,May,22:04
Tamil Nadu,Truck,Rainy,Wet,Urban,Night,54.6,77.87,Not Applicable,Yes,No,No,20,Yes,Male,Serious,2,2021,May,21:53
Maharashtra,Car,Foggy,Damaged,Rural,Night,51.4,67.88,Not Applicable,Yes,No,No,24.5,Expired,Female,Serious,3,2022,November,2:36
Gujarat,Car,Rainy,Wet,Rural,Morning,66.9,93.52,Not Applicable,Yes,No,No,32.4,Yes,Female,Serious,4,2021,October,11:29
Uttar Pradesh,Bike,Foggy,Damaged,Urban,Morning,64.1,96.09,Yes,Not Applicable,No,Yes,24.5,Yes,Male,Serious,0,2023,August,4:35
Rajasthan,Car,Foggy,Damaged,Rural,Morning,72.5,110.35,Not Applicable,Yes,No,No,24.4,Yes,Male,Serious,2,2022,November,5:55
Rajasthan,Car,Clear,Dry,Rural,Afternoon,83.6,114.58,Not Applicable,Yes,Yes,No,34.3,Yes,Female,Serious,2,2023,September,13:39
Gujarat,Bike,Foggy,Wet,Rural,Night,63.6,86.62,Yes,Not Applicable,No,No,24.4,Yes,Male,Serious,2,2023,November,3:52
Tamil Nadu,Car,Foggy,Damaged,Urban,Evening,50.9,76.93,Not Applicable,Yes,Yes,No,19.2,Yes,Female,Serious,3,2021,June,18:53
Rajasthan,Bike,Clear,Damaged,Rural,Evening,81.4,111.85,Yes,Not Applicable,Yes,No,34,Yes,Male,Serious,0,2024,September,20:51
Uttar Pradesh,Bike,Clear,Wet,Urban,Morning,50.2,73,Yes,Not Applicable,Yes,No,18.9,Yes,Female,Serious,0,2020,November,8:42
Rajasthan,Bus,Rainy,Damaged,Highway,Afternoon,73.2,101.51,Not Applicable,Yes,No,Yes,20.7,Expired,Male,Serious,13,2022,February,16:47
Maharashtra,Truck,Clear,Dry,Rural,Night,69,101.03,Not Applicable,Yes,Yes,No,10.8,Expired,Male,Serious,3,2021,September,3:29
Uttar Pradesh,Bike,Clear,Damaged,Rural,Afternoon,82.8,116.93,Yes,Not Applicable,No,Yes,32.8,Yes,Male,Serious,0,2023,December,13:11
Rajasthan,Car,Clear,Damaged,Urban,Evening,52.2,78.72,Not Applicable,Yes,No,Yes,31.4,No,Male,Serious,5,2024,April,17:12
Rajasthan,Bus,Clear,Dry,Rural,Night,79.7,117.29,Not Applicable,Yes,No,No,33.4,Expired,Male,Serious,9,2022,November,2:16
Uttar Pradesh,Bike,Rainy,Wet,Rural,Morning,74.8,117.96,Yes,Not Applicable,No,No,19.3,No,Male,Serious,0,2021,July,7:44
Tamil Nadu,Bike,Rainy,Wet,Rural,Morning,77.7,103.2,Yes,Not Applicable,No,No,34.2,Yes,Male,Serious,2,2022,January,5:44
Gujarat,Truck,Foggy,Damaged,Urban,Morning,52.6,82.04,Not Applicable,Yes,No,Yes,21.1,Expired,Male,Serious,4,2023,April,9:16
Maharashtra,Bike,Clear,Wet,Urban,Morning,60.6,79.76,Yes,Not Applicable,Yes,Yes,18.3,Yes,Female,Serious,3,2021,May,10:44
Uttar Pradesh,Bike,Rainy,Damaged,Urban,Night,55.3,79.18,Yes,Not Applicable,No,No,11.8,No,Female,Serious,0,2023,February,0:52
Gujarat,Bus,Foggy,Damaged,Urban,Night,49.2,77.93,Not Applicable,No,No,No,14.3,Yes,Male,Serious,9,2019,October,3:43
Karnataka,Car,Rainy,Damaged,Urban,Morning,55.6,87.08,Not Applicable,Yes,Yes,No,27.6,Yes,Male,Serious,5,2021,December,8:44
Tamil Nadu,Bike,Rainy,Dry,Urban,Morning,45,59.46,No,Not Applicable,No,No,28.4,Yes,Male,Serious,0,2020,May,8:02
Gujarat,Car,Clear,Wet,Urban,Morning,62.6,89.14,Not Applicable,Yes,No,Yes,27.9,Yes,Female,Serious,4,2024,May,4:13
Gujarat,Bike,Rainy,Dry,Urban,Night,51.1,72.19,Yes,Not Applicable,Yes,No,27.1,Yes,Male,Serious,2,2022,May,23:26
Uttar Pradesh,Truck,Clear,Dry,Urban,Evening,59.9,79.92,Not Applicable,Yes,Yes,Yes,17.1,Expired,Male,Serious,4,2019,June,18:47
Gujarat,Bike,Clear,Wet,Urban,Morning,44,62.45,No,Not Applicable,No,No,34.6,Yes,Female,Serious,0,2019,July,7:26
Tamil Nadu,Bike,Rainy,Damaged,Urban,Evening,65.8,86.04,Yes,Not Applicable,No,No,13,Yes,Female,Serious,0,2020,November,20:13
Gujarat,Bike,Clear,Wet,Urban,Night,72.7,95.38,Yes,Not Applicable,No,No,20.8,Yes,Male,Serious,2,2023,July,21:32
Uttar Pradesh,Bike,Clear,Dry,Highway,Morning,79.5,114.44,Yes,Not Applicable,Yes,No,17.3,No,Male,Serious,3,2024,April,5:13
Gujarat,Bike,Clear,Damaged,Urban,Morning,72.8,95.84,Yes,Not Applicable,No,Yes,13.8,Yes,Female,Serious,0,2024,December,10:05
Maharashtra,Car,Rainy,Dry,Urban,Afternoon,45.1,70.74,Not Applicable,No,No,No,31.5,Expired,Female,Serious,4,2022,August,15:05
Rajasthan,Car,Clear,Dry,Rural,Evening,72.6,115.85,Not Applicable,Yes,Yes,Yes,19,No,Female,Serious,3,2024,July,20:12
Uttar Pradesh,Bus,Rainy,Dry,Rural,Morning,46,60.07,Not Applicable,No,No,Yes,34.6,Yes,Male,Serious,9,2019,July,11:42
Maharashtra,Bus,Foggy,Wet,Urban,Morning,45.6,61.2,Not Applicable,Yes,No,No,25.3,Expired,Male,Serious,11,2022,March,10:23
Karnataka,Truck,Clear,Dry,Urban,Morning,64.8,86.24,Not Applicable,No,Yes,No,33.1,Yes,Male,Serious,2,2019,June,11:40
Gujarat,Bike,Rainy,Wet,Urban,Morning,57.2,83.04,Yes,Not Applicable,No,No,33.5,Yes,Male,Serious,2,2019,October,10:06
Karnataka,Bike,Foggy,Wet,Urban,Afternoon,63,96.96,Yes,Not Applicable,No,No,10.1,Yes,Male,Serious,2,2021,June,15:05
Maharashtra,Truck,Foggy,Wet,Highway,Morning,82.2,117.16,Not Applicable,Yes,Yes,No,23.9,Yes,Male,Serious,5,2023,January,10:04
Uttar Pradesh,Bike,Rainy,Wet,Urban,Afternoon,50.7,79.13,Yes,Not Applicable,Yes,No,19.3,Yes,Male,Serious,3,2020,August,13:27
Uttar Pradesh,Truck,Rainy,Dry,Urban,Afternoon,60.6,89.1,Not Applicable,Yes,Yes,Yes,31.3,Yes,Male,Serious,5,2020,February,13:38
Rajasthan,Bike,Clear,Wet,Urban,Night,72,107.83,Yes,Not Applicable,Yes,No,15.5,Yes,Male,Serious,0,2022,September,1:43
Maharashtra,Car,Clear,Damaged,Urban,Evening,71.9,110.33,Not Applicable,Yes,Yes,No,17.9,Yes,Female,Serious,3,2019,April,18:34
Karnataka,Car,Rainy,Damaged,Highway,Morning,76.3,107.66,Not Applicable,Yes,No,No,15.8,Yes,Male,Serious,4,2019,April,7:37
Rajasthan,Car,Clear,Damaged,Urban,Evening,74.4,108.9,Not Applicable,Yes,Yes,No,11.7,No,Female,Serious,7,2024,April,18:19
Maharashtra,Truck,Rainy,Damaged,Rural,Evening,77.1,110.68,Not Applicable,Yes,No,Yes,25.3,Expired,Male,Serious,5,2022,November,19:50
Rajasthan,Bike,Rainy,Dry,Rural,Night,70.1,94.31,Yes,Not Applicable,Yes,No,33.3,Yes,Male,Serious,0,2022,September,21:50
Tamil Nadu,Bike,Rainy,Wet,Urban,Morning,65.1,92.46,Yes,Not Applicable,Yes,No,17.7,Yes,Male,Serious,0,2019,October,7:35
Uttar Pradesh,Truck,Rainy,Dry,Urban,Afternoon,45.5,66.5,Not Applicable,Yes,Yes,Yes,23.3,Yes,Male,Serious,3,2019,June,13:12
Uttar Pradesh,Car,Foggy,Wet,Urban,Morning,45.8,61.67,Not Applicable,Yes,No,Yes,24.2,Yes,Male,Serious,3,2020,October,8:09
Uttar Pradesh,Truck,Rainy,Damaged,Rural,Afternoon,55.7,85.02,Not Applicable,Yes,Yes,No,11.8,Yes,Male,Serious,6,2021,February,15:20
Uttar Pradesh,Car,Rainy,Damaged,Highway,Night,76.2,110.69,Not Applicable,Yes,No,No,31.3,Yes,Male,Serious,2,2023,January,23:25
Tamil Nadu,Car,Rainy,Dry,Urban,Night,58.2,89.54,Not Applicable,Yes,Yes,No,13.7,Yes,Female,Serious,2,2019,June,2:26
Gujarat,Truck,Rainy,Wet,Urban,Morning,49.5,73.29,Not Applicable,Yes,Yes,No,11.7,Yes,Male,Serious,5,2024,May,5:56
Maharashtra,Truck,Rainy,Wet,Urban,Evening,41.8,59.67,Not Applicable,Yes,No,Yes,21.6,Yes,Male,Serious,3,2019,October,17:19
Gujarat,Bus,Foggy,Wet,Urban,Night,66,101.65,Not Applicable,Yes,No,No,16.5,Yes,Male,Serious,13,2021,December,0:27
Uttar Pradesh,Car,Clear,Wet,Urban,Evening,73.1,96.74,Not Applicable,Yes,Yes,No,33.1,Yes,Male,Serious,3,2021,May,18:55
Uttar Pradesh,Bike,Clear,Wet,Urban,Night,76.2,107.07,Yes,Not Applicable,No,Yes,15.8,Yes,Female,Serious,2,2023,April,23:30
Rajasthan,Bike,Rainy,Damaged,Rural,Night,61.9,88.83,Yes,Not Applicable,No,No,26.1,Expired,Male,Serious,3,2021,July,1:18
Maharashtra,Bike,Clear,Damaged,Rural,Morning,61.3,91.46,Yes,Not Applicable,Yes,Yes,11.8,Expired,Female,Serious,0,2024,May,8:49
Karnataka,Car,Rainy,Dry,Rural,Morning,53.6,73.67,Not Applicable,Yes,Yes,No,15.2,No,Female,Serious,3,2019,May,10:35
Gujarat,Bike,Clear,Damaged,Urban,Night,56.5,86.57,Yes,Not Applicable,Yes,No,19.1,Expired,Female,Serious,4,2019,October,22:54
Rajasthan,Bike,Clear,Wet,Urban,Evening,59.2,77.13,Yes,Not Applicable,Yes,No,12.5,Expired,Female,Serious,4,2022,June,18:15
Rajasthan,Car,Rainy,Wet,Rural,Morning,56.6,85.27,Not Applicable,Yes,Yes,No,15.9,Yes,Male,Serious,3,2019,February,9:20
Maharashtra,Bus,Rainy,Damaged,Urban,Morning,50.7,66.87,Not Applicable,Yes,No,No,22.2,No,Male,Serious,15,2020,December,10:24
Rajasthan,Bus,Clear,Wet,Urban,Afternoon,63.9,96.43,Not Applicable,Yes,Yes,Yes,14.2,Yes,Male,Serious,12,2019,May,16:23
Tamil Nadu,Car,Clear,Damaged,Highway,Morning,77.8,113.53,Not Applicable,Yes,No,Yes,26.2,Yes,Female,Serious,3,2019,December,8:11
Rajasthan,Bike,Clear,Wet,Urban,Morning,70.6,105.02,Yes,Not Applicable,No,No,33.1,Expired,Female,Serious,3,2022,November,5:09
Tamil Nadu,Bike,Rainy,Wet,Urban,Night,62.8,87.26,Yes,Not Applicable,No,Yes,10.5,Yes,Male,Serious,0,2022,September,3:41
Karnataka,Bike,Clear,Dry,Rural,Morning,58.3,93.08,Yes,Not Applicable,No,No,33,Yes,Male,Serious,0,2020,September,6:29
Tamil Nadu,Bike,Rainy,Dry,Rural,Morning,50.8,78.67,Yes,Not Applicable,Yes,Yes,12.1,Yes,Female,Serious,2,2023,December,5:37
Uttar Pradesh,Bus,Foggy,Wet,Highway,Afternoon,78.9,105.04,Not Applicable,Yes,No,No,14.2,Yes,Male,Serious,8,2019,July,15:22
Rajasthan,Bike,Rainy,Damaged,Rural,Morning,46.4,74.14,Yes,Not Applicable,No,Yes,30,Yes,Female,Serious,0,2021,February,7:02
Rajasthan,Car,Clear,Dry,Highway,Morning,81.6,112.85,Not Applicable,Yes,No,No,19.4,Yes,Female,Serious,3,2020,November,6:55
Rajasthan,Car,Clear,Dry,Urban,Night,73.3,107.14,Not Applicable,Yes,No,Yes,15.7,Yes,Female,Serious,2,2022,May,22:47
Tamil Nadu,Car,Clear,Damaged,Rural,Night,57.1,86.84,Not Applicable,Yes,No,No,12.3,Yes,Male,Serious,4,2022,June,1:16
Tamil Nadu,Car,Clear,Damaged,Urban,Evening,65.1,85.59,Not Applicable,Yes,Yes,No,21.9,No,Female,Serious,4,2020,December,17:42
Rajasthan,Car,Foggy,Wet,Urban,Afternoon,58.2,81.86,Not Applicable,Yes,No,Yes,13.4,Yes,Male,Serious,3,2024,November,12:47
Gujarat,Bus,Rainy,Damaged,Urban,Night,70.1,99.44,Not Applicable,Yes,No,Yes,22,Expired,Male,Serious,14,2019,October,2:40
Gujarat,Bike,Clear,Wet,Rural,Evening,72.3,104.45,No,Not Applicable,No,Yes,20.6,Yes,Female,Serious,2,2021,December,18:09
Gujarat,Car,Foggy,Dry,Highway,Afternoon,87.1,114.1,Not Applicable,Yes,Yes,No,17.4,Yes,Female,Serious,2,2021,August,14:12
Uttar Pradesh,Bus,Rainy,Dry,Rural,Afternoon,72.8,106.45,Not Applicable,Yes,No,Yes,30,Yes,Male,Serious,8,2021,November,16:51
Tamil Nadu,Truck,Clear,Damaged,Urban,Afternoon,69,99.16,Not Applicable,Yes,No,No,12.7,No,Male,Serious,5,2022,April,12:55
Tamil Nadu,Bike,Rainy,Dry,Urban,Night,56.5,88.1,No,Not Applicable,No,No,31.9,Yes,Female,Serious,0,2021,February,0:59
Uttar Pradesh,Bike,Foggy,Damaged,Rural,Morning,64.4,93.42,No,Not Applicable,No,No,33,Yes,Female,Serious,0,2024,December,10:30
Maharashtra,Bike,Clear,Wet,Urban,Morning,52.1,80.66,Yes,Not Applicable,No,Yes,26.1,Yes,Female,Serious,2,2020,November,9:00
Uttar Pradesh,Car,Clear,Wet,Urban,Afternoon,58.8,92.7,Not Applicable,Yes,Yes,No,24.1,Yes,Male,Serious,3,2024,July,15:26
Maharashtra,Bike,Clear,Wet,Urban,Morning,70.4,110.12,No,Not Applicable,No,No,22.7,Yes,Female,Serious,0,2022,November,9:18
Gujarat,Car,Rainy,Wet,Urban,Morning,49.2,78.23,Not Applicable,Yes,No,No,16.8,No,Female,Serious,3,2023,January,9:45
Uttar Pradesh,Bike,Foggy,Dry,Urban,Afternoon,46.2,61.03,No,Not Applicable,No,Yes,16.1,Yes,Female,Serious,1,2021,July,14:50
Tamil Nadu,Truck,Clear,Wet,Urban,Night,77,116.48,Not Applicable,Yes,No,No,34.9,Yes,Male,Serious,3,2020,February,3:50
Uttar Pradesh,Bike,Clear,Damaged,Urban,Evening,73.9,100.77,Yes,Not Applicable,No,Yes,21.3,Yes,Male,Serious,0,2022,February,20:16
Uttar Pradesh,Bike,Clear,Dry,Rural,Morning,76.9,112.13,No,Not Applicable,No,Yes,14.8,No,Female,Serious,0,2024,December,10:03
Maharashtra,Truck,Rainy,Dry,Rural,Afternoon,65,91.62,Not Applicable,Yes,Yes,Yes,28.5,Yes,Male,Serious,2,2024,March,14:43
Tamil Nadu,Bike,Foggy,Damaged,Urban,Morning,65.4,99.2,Yes,Not Applicable,No,Yes,31.3,Expired,Female,Serious,0,2019,June,4:52
Gujarat,Car,Rainy,Damaged,Highway,Morning,81.9,111.43,Not Applicable,Yes,Yes,No,15.8,Yes,Male,Serious,6,2019,May,6:53
Rajasthan,Bike,Clear,Damaged,Rural,Morning,71.9,109.77,Yes,Not Applicable,No,No,30.9,Yes,Female,Serious,2,2024,July,5:02
Rajasthan,Car,Clear,Wet,Highway,Morning,84,110.57,Not Applicable,No,No,No,31.2,Yes,Male,Serious,4,2019,September,11:05
Maharashtra,Bike,Clear,Wet,Highway,Night,81.6,110.01,Yes,Not Applicable,Yes,No,12.8,Yes,Female,Serious,0,2021,June,21:18
Uttar Pradesh,Bike,Clear,Wet,Urban,Morning,48.6,72.81,No,Not Applicable,No,No,34.7,Yes,Male,Serious,2,2019,December,10:16
Karnataka,Truck,Rainy,Wet,Urban,Morning,49.2,70.8,Not Applicable,Yes,Yes,No,18.7,Yes,Male,Serious,6,2022,June,8:03
Tamil Nadu,Bus,Clear,Dry,Urban,Night,45.4,67.02,Not Applicable,Yes,Yes,No,17.8,No,Male,Serious,12,2020,March,0:04
Karnataka,Bus,Clear,Dry,Urban,Night,71.4,108.26,Not Applicable,Yes,No,No,32.6,No,Male,Serious,12,2020,May,2:06
Maharashtra,Bike,Clear,Damaged,Urban,Afternoon,46.8,68.32,Yes,Not Applicable,Yes,No,31.6,Expired,Male,Serious,4,2020,January,16:31
Gujarat,Truck,Clear,Damaged,Urban,Morning,72.5,106.49,Not Applicable,Yes,Yes,No,15.9,No,Male,Serious,4,2021,May,5:37
Rajasthan,Truck,Clear,Wet,Urban,Morning,74.6,102.03,Not Applicable,Yes,Yes,No,28,Yes,Male,Serious,6,2020,August,8:17
Uttar Pradesh,Bike,Rainy,Dry,Urban,Morning,59.5,90.82,Yes,Not Applicable,No,No,27.6,Expired,Female,Serious,2,2019,November,7:09
Tamil Nadu,Truck,Clear,Wet,Urban,Night,55.6,81.72,Not Applicable,Yes,No,Yes,33.9,Yes,Male,Serious,3,2020,January,1:14
Uttar Pradesh,Car,Rainy,Damaged,Urban,Morning,46.6,70.31,Not Applicable,Yes,No,No,19.8,No,Female,Serious,5,2020,February,6:12
Karnataka,Bus,Rainy,Dry,Urban,Evening,58.5,89.36,Not Applicable,Yes,Yes,No,20,Yes,Male,Serious,9,2020,June,20:29
Maharashtra,Car,Clear,Damaged,Urban,Morning,41.5,58.91,Not Applicable,Yes,Yes,No,14.5,No,Female,Serious,7,2020,January,9:09
Tamil Nadu,Car,Clear,Damaged,Rural,Night,65.1,90.09,Not Applicable,Yes,No,No,28.4,Yes,Female,Serious,2,2019,October,22:44
Karnataka,Car,Rainy,Damaged,Urban,Evening,37.3,58.93,Not Applicable,Yes,No,No,13.7,No,Male,Serious,4,2020,October,17:11
Maharashtra,Bike,Rainy,Dry,Urban,Evening,56.6,80.76,No,Not Applicable,Yes,No,23.1,Yes,Female,Serious,0,2019,April,20:25
Gujarat,Car,Clear,Wet,Highway,Morning,82.1,109.7,Not Applicable,Yes,No,No,29.5,No,Female,Serious,3,2023,June,9:59
Karnataka,Bus,Clear,Dry,Rural,Night,62.5,86.85,Not Applicable,Yes,No,No,10.5,No,Male,Serious,12,2024,December,0:18
Maharashtra,Bike,Clear,Damaged,Urban,Night,44.6,58.61,Yes,Not Applicable,Yes,No,19.5,Yes,Female,Serious,3,2021,December,0:06
Tamil Nadu,Car,Foggy,Damaged,Urban,Night,47,63.84,Not Applicable,Yes,No,Yes,12.7,Expired,Female,Serious,5,2023,January,21:12
Gujarat,Truck,Clear,Damaged,Highway,Morning,83.5,117.53,Not Applicable,Yes,Yes,Yes,10.6,Yes,Male,Serious,6,2021,November,5:33
Tamil Nadu,Truck,Clear,Dry,Urban,Afternoon,61.4,83.95,Not Applicable,No,Yes,No,22.3,Yes,Male,Serious,5,2022,March,14:47
Gujarat,Bike,Rainy,Wet,Urban,Morning,55.4,74.96,Yes,Not Applicable,No,Yes,33.9,Yes,Female,Serious,0,2024,October,8:04
Karnataka,Bike,Clear,Dry,Urban,Morning,59.1,89.91,Yes,Not Applicable,Yes,No,12.8,Yes,Male,Serious,0,2021,June,9:59
Maharashtra,Car,Clear,Wet,Urban,Evening,57.2,84.4,Not Applicable,Yes,Yes,No,20.4,Yes,Female,Serious,5,2023,April,18:06
Uttar Pradesh,Car,Clear,Damaged,Urban,Morning,74.3,101.93,Not Applicable,Yes,No,No,12,Yes,Male,Serious,2,2019,November,7:58
Gujarat,Bike,Rainy,Dry,Highway,Night,86.1,112.36,Yes,Not Applicable,Yes,Yes,24.1,Yes,Male,Serious,0,2024,November,0:36
Karnataka,Bike,Rainy,Dry,Rural,Afternoon,49.5,73.74,No,Not Applicable,No,Yes,21.6,Yes,Male,Serious,1,2020,June,15:27
Maharashtra,Bike,Rainy,Dry,Urban,Night,49.5,73.08,Yes,Not Applicable,Yes,Yes,10.1,Yes,Male,Serious,2,2021,June,0:50
Karnataka,Car,Rainy,Damaged,Urban,Morning,54.9,76.39,Not Applicable,Yes,No,No,24.3,No,Male,Serious,3,2023,January,7:44
Uttar Pradesh,Car,Clear,Damaged,Rural,Night,64.7,96.09,Not Applicable,Yes,Yes,No,29.1,Yes,Female,Serious,3,2019,November,22:54
Maharashtra,Bus,Clear,Damaged,Urban,Night,67.3,104.73,Not Applicable,Yes,No,No,13.6,Yes,Male,Serious,10,2024,October,3:18
Karnataka,Bike,Rainy,Wet,Urban,Morning,61.1,91.07,Yes,Not Applicable,Yes,No,14.8,Yes,Male,Serious,3,2023,October,10:15
Rajasthan,Truck,Clear,Dry,Urban,Evening,42.8,56,Not Applicable,Yes,Yes,Yes,14.1,Expired,Male,Serious,3,2019,November,17:58
Tamil Nadu,Bus,Foggy,Wet,Urban,Evening,61.9,96.12,Not Applicable,Yes,No,No,31.4,Yes,Male,Serious,11,2021,March,19:42
Karnataka,Bike,Rainy,Wet,Highway,Evening,77.2,118.31,Yes,Not Applicable,No,Yes,33.7,Yes,Male,Serious,2,2024,September,18:42
Uttar Pradesh,Car,Rainy,Wet,Urban,Morning,40.3,62.71,Not Applicable,Yes,No,No,31.9,Yes,Female,Serious,3,2023,September,10:13
Maharashtra,Car,Rainy,Dry,Urban,Morning,67.7,91.17,Not Applicable,Yes,Yes,Yes,16.3,Expired,Female,Serious,6,2020,January,7:42
Tamil Nadu,Car,Clear,Damaged,Urban,Morning,66.4,91.11,Not Applicable,Yes,Yes,Yes,18.7,Yes,Female,Serious,6,2019,September,4:22
Tamil Nadu,Car,Clear,Damaged,Urban,Evening,67.2,96.84,Not Applicable,Yes,Yes,No,18.1,Yes,Female,Serious,6,2021,September,19:35
Karnataka,Bike,Clear,Dry,Urban,Evening,52.4,81.65,Yes,Not Applicable,Yes,No,18,Expired,Female,Serious,0,2023,April,20:01
Maharashtra,Bus,Clear,Dry,Urban,Morning,59.4,88.95,Not Applicable,Yes,Yes,Yes,17.1,Yes,Male,Serious,13,2024,October,10:42
Gujarat,Bike,Clear,Wet,Urban,Night,55.4,88.54,Yes,Not Applicable,No,No,20.5,Yes,Female,Serious,0,2019,April,22:25
Rajasthan,Bike,Rainy,Dry,Urban,Afternoon,44.6,70.18,Yes,Not Applicable,Yes,Yes,10.8,Yes,Male,Serious,2,2022,November,12:48
Rajasthan,Truck,Clear,Damaged,Urban,Morning,59,92.75,Not Applicable,Yes,No,No,28,No,Male,Serious,5,2021,April,10:57
Karnataka,Bike,Foggy,Damaged,Highway,Night,82.1,107.9,Yes,Not Applicable,No,No,15.1,Expired,Male,Serious,0,2019,May,0:21
Gujarat,Bus,Foggy,Wet,Urban,Night,52.9,75.97,Not Applicable,Yes,No,Yes,11.8,Yes,Male,Serious,8,2019,August,0:05
Uttar Pradesh,Car,Rainy,Wet,Urban,Morning,40.2,61.35,Not Applicable,No,No,No,11.2,Yes,Male,Serious,4,2022,December,11:56
Maharashtra,Bike,Foggy,Damaged,Highway,Night,76.3,118.3,No,Not Applicable,No,No,10.9,Yes,Female,Serious,2,2024,February,1:00
Rajasthan,Car,Clear,Damaged,Rural,Afternoon,84,116.17,Not Applicable,Yes,No,Yes,28.9,Yes,Female,Serious,3,2024,August,15:27
Maharashtra,Bike,Rainy,Wet,Rural,Afternoon,47.5,71.77,No,Not Applicable,No,No,20.6,Yes,Male,Serious,2,2020,February,13:49
Uttar Pradesh,Car,Foggy,Damaged,Rural,Evening,54.6,86.55,Not Applicable,Yes,No,Yes,20.8,Yes,Male,Serious,3,2023,March,19:44
Uttar Pradesh,Bus,Clear,Damaged,Rural,Evening,52.8,84.25,Not Applicable,Yes,Yes,No,26.9,Yes,Male,Serious,13,2020,April,19:33
Uttar Pradesh,Bus,Rainy,Damaged,Urban,Evening,41.6,61.93,Not Applicable,Yes,No,No,16,No,Male,Serious,15,2023,June,20:31
Maharashtra,Truck,Foggy,Wet,Rural,Night,70.1,104.54,Not Applicable,Yes,No,No,18.9,Expired,Male,Serious,5,2024,April,0:23
Rajasthan,Car,Clear,Dry,Rural,Morning,82.4,112.66,Not Applicable,No,No,Yes,34,Yes,Female,Serious,1,2022,July,11:10
Uttar Pradesh,Car,Rainy,Damaged,Rural,Evening,65.9,88.69,Not Applicable,Yes,No,Yes,18.5,Yes,Male,Serious,4,2019,February,20:55
Gujarat,Bike,Rainy,Dry,Urban,Morning,56.6,81.97,Yes,Not Applicable,No,Yes,26.5,No,Male,Serious,0,2020,September,9:09
Maharashtra,Truck,Foggy,Wet,Urban,Evening,59,77.55,Not Applicable,Yes,No,No,29.3,Expired,Male,Serious,3,2024,August,17:18
Uttar Pradesh,Car,Clear,Wet,Urban,Morning,43.6,66.42,Not Applicable,No,No,No,10.3,Expired,Male,Serious,3,2024,January,10:10
Rajasthan,Car,Foggy,Damaged,Highway,Morning,77.5,116.21,Not Applicable,Yes,No,No,17.7,No,Female,Serious,3,2024,August,11:36
Maharashtra,Truck,Clear,Wet,Urban,Night,73.7,112.31,Not Applicable,Yes,No,No,25,No,Male,Serious,3,2023,February,1:00
Gujarat,Truck,Rainy,Dry,Urban,Evening,53.1,82.04,Not Applicable,Yes,No,No,11.6,Yes,Male,Serious,3,2023,June,19:42
Tamil Nadu,Car,Clear,Damaged,Urban,Morning,59.4,90.23,Not Applicable,Yes,Yes,No,26.2,Yes,Female,Serious,5,2019,May,11:48
Tamil Nadu,Car,Foggy,Dry,Highway,Evening,72.6,98.49,Not Applicable,Yes,Yes,No,23.4,Yes,Female,Serious,3,2021,March,20:18
Karnataka,Car,Rainy,Dry,Rural,Night,74.2,99.84,Not Applicable,Yes,No,No,19.2,No,Female,Serious,4,2021,June,3:21
Uttar Pradesh,Bike,Clear,Wet,Urban,Night,64.8,84.42,No,Not Applicable,No,No,11.4,Yes,Female,Serious,0,2023,March,3:02
Gujarat,Bike,Rainy,Damaged,Urban,Morning,41.5,58.09,Yes,Not Applicable,Yes,No,19.5,Expired,Female,Serious,0,2022,December,8:26
Rajasthan,Car,Clear,Wet,Rural,Afternoon,52.1,74.05,Not Applicable,Yes,Yes,No,22.3,Yes,Female,Serious,6,2022,February,15:58
Tamil Nadu,Bike,Clear,Wet,Urban,Evening,67.8,94.47,No,Not Applicable,No,No,27.1,Yes,Female,Serious,0,2023,December,18:09
Tamil Nadu,Bike,Rainy,Damaged,Urban,Morning,68.6,101.61,Yes,Not Applicable,No,Yes,21.6,Yes,Female,Serious,2,2020,February,8:33
Tamil Nadu,Truck,Rainy,Wet,Rural,Afternoon,47.1,65.76,Not Applicable,Yes,Yes,No,14.3,Yes,Male,Serious,3,2024,September,12:49
Maharashtra,Car,Rainy,Wet,Rural,Night,63.5,94.29,Not Applicable,Yes,No,No,21.1,Yes,Male,Serious,2,2020,April,21:55
Karnataka,Car,Rainy,Wet,Rural,Morning,63.9,83.93,Not Applicable,Yes,No,No,17.7,Yes,Male,Serious,3,2023,February,9:10
Tamil Nadu,Car,Rainy,Dry,Urban,Morning,56.1,74.42,Not Applicable,No,No,No,14.2,Expired,Female,Serious,3,2021,September,7:04
Tamil Nadu,Car,Clear,Wet,Urban,Afternoon,47.1,65.96,Not Applicable,Yes,No,No,12,No,Male,Serious,3,2019,February,14:00
Karnataka,Truck,Rainy,Wet,Urban,Afternoon,36.9,55.8,Not Applicable,Yes,Yes,No,14.5,Yes,Male,Serious,5,2019,July,14:57
Rajasthan,Truck,Clear,Damaged,Urban,Morning,45.2,62.99,Not Applicable,Yes,No,Yes,20.2,No,Male,Serious,3,2022,February,8:49
Tamil Nadu,Truck,Rainy,Dry,Highway,Evening,78.1,101.86,Not Applicable,Yes,No,No,13.5,Yes,Male,Serious,2,2024,July,20:43
Tamil Nadu,Bus,Foggy,Damaged,Urban,Evening,54.9,81.97,Not Applicable,Yes,No,Yes,13.3,Yes,Male,Serious,7,2020,February,19:48
Karnataka,Truck,Rainy,Dry,Rural,Morning,72.7,115.11,Not Applicable,Yes,No,Yes,11.9,No,Male,Serious,2,2020,August,9:31
Rajasthan,Truck,Rainy,Wet,Highway,Night,73.2,101.72,Not Applicable,Yes,No,Yes,11.7,Yes,Male,Serious,4,2020,May,22:34
Uttar Pradesh,Bus,Rainy,Dry,Urban,Evening,67.8,92.11,Not Applicable,Yes,Yes,No,25.1,Yes,Male,Serious,13,2022,June,18:35
Uttar Pradesh,Truck,Clear,Wet,Urban,Night,42.8,57.13,Not Applicable,Yes,Yes,No,23.9,Yes,Male,Serious,3,2022,December,0:28
Tamil Nadu,Car,Clear,Damaged,Rural,Morning,78.8,103.93,Not Applicable,Yes,No,No,21.8,No,Female,Serious,3,2023,August,6:35
Rajasthan,Truck,Rainy,Dry,Urban,Evening,56.2,74.09,Not Applicable,No,No,Yes,25.7,Yes,Male,Serious,2,2022,December,20:00
Karnataka,Car,Clear,Damaged,Urban,Night,55.8,83.91,Not Applicable,No,No,Yes,14.8,Yes,Female,Serious,4,2022,December,22:39
Karnataka,Bike,Rainy,Damaged,Urban,Night,56.5,85.49,Yes,Not Applicable,Yes,No,16.2,Yes,Male,Serious,0,2024,May,2:18
Gujarat,Bike,Clear,Damaged,Urban,Evening,68,98.32,Yes,Not Applicable,Yes,No,17.8,Yes,Male,Serious,3,2020,June,17:57
Uttar Pradesh,Bike,Foggy,Wet,Highway,Night,73.2,103.88,Yes,Not Applicable,No,No,12.3,Yes,Male,Serious,2,2022,August,22:22
Rajasthan,Car,Foggy,Dry,Urban,Night,56.3,81.4,Not Applicable,Yes,No,No,13.8,No,Female,Serious,4,2022,February,0:54
Uttar Pradesh,Car,Clear,Dry,Rural,Morning,75.1,98.17,Not Applicable,Yes,Yes,Yes,24.1,Yes,Male,Serious,3,2023,December,8:43
Tamil Nadu,Bike,Clear,Wet,Urban,Evening,64.7,90.58,Yes,Not Applicable,No,Yes,17.1,Yes,Female,Serious,0,2019,March,20:09
Uttar Pradesh,Bike,Rainy,Wet,Urban,Evening,50.9,66.77,Yes,Not Applicable,No,No,12.6,No,Female,Serious,3,2023,July,20:41
Uttar Pradesh,Bike,Rainy,Damaged,Urban,Evening,39,53.66,No,Not Applicable,No,No,29.2,Yes,Male,Serious,0,2024,September,20:43
Tamil Nadu,Bike,Clear,Dry,Urban,Night,74.4,98.64,No,Not Applicable,Yes,No,15.4,Yes,Female,Serious,2,2022,December,0:06
Maharashtra,Bike,Clear,Wet,Rural,Morning,50.9,75.37,Yes,Not Applicable,No,No,30,Expired,Female,Serious,3,2023,November,9:59
Maharashtra,Bike,Clear,Damaged,Urban,Morning,63.5,101.13,Yes,Not Applicable,No,No,23.9,No,Female,Serious,3,2024,August,11:05
Maharashtra,Bus,Rainy,Damaged,Urban,Night,42.5,55.77,Not Applicable,Yes,Yes,No,19,Yes,Male,Serious,16,2024,October,22:00
Gujarat,Bus,Rainy,Dry,Highway,Morning,73.9,107.36,Not Applicable,Yes,Yes,Yes,17.2,Yes,Male,Serious,9,2022,August,8:16
Karnataka,Car,Rainy,Wet,Urban,Night,41.3,57.06,Not Applicable,Yes,No,No,24.5,Yes,Male,Serious,3,2021,June,23:08
Rajasthan,Car,Foggy,Damaged,Urban,Afternoon,56.5,75.53,Not Applicable,Yes,Yes,No,19.2,Yes,Female,Serious,5,2019,August,14:41
Uttar Pradesh,Car,Rainy,Wet,Urban,Afternoon,47,66.25,Not Applicable,No,No,No,18.1,Yes,Female,Serious,2,2021,December,16:11
Tamil Nadu,Bike,Foggy,Wet,Rural,Night,71.6,98.63,Yes,Not Applicable,No,No,30.4,Yes,Female,Serious,2,2019,August,0:22
Karnataka,Car,Foggy,Dry,Urban,Morning,64.2,87.13,Not Applicable,Yes,Yes,No,17.8,Yes,Male,Serious,2,2024,December,8:10
Tamil Nadu,Bus,Clear,Dry,Urban,Afternoon,43.6,68.92,Not Applicable,No,Yes,No,13.9,Yes,Male,Serious,13,2021,September,12:38
Tamil Nadu,Truck,Clear,Damaged,Highway,Morning,84.9,117.1,Not Applicable,Yes,Yes,No,17.8,Expired,Male,Serious,6,2024,November,7:47
Gujarat,Bike,Clear,Dry,Highway,Afternoon,81.9,109.31,Yes,Not Applicable,No,No,14.1,Yes,Male,Serious,1,2019,August,13:08
Karnataka,Car,Rainy,Damaged,Rural,Morning,72.2,109.71,Not Applicable,Yes,No,No,23.2,No,Male,Serious,4,2019,August,7:23
Uttar Pradesh,Car,Clear,Wet,Highway,Morning,75,99.12,Not Applicable,Yes,No,No,25.7,Yes,Male,Serious,4,2024,June,10:46
Gujarat,Bike,Clear,Wet,Urban,Afternoon,41.4,58.27,Yes,Not Applicable,No,Yes,32.1,Yes,Female,Serious,2,2022,November,14:03
Uttar Pradesh,Car,Clear,Wet,Rural,Morning,51.7,81.5,Not Applicable,Yes,Yes,Yes,21.4,Yes,Female,Serious,6,2022,January,10:05
Uttar Pradesh,Bike,Clear,Damaged,Urban,Evening,51.6,78.42,Yes,Not Applicable,No,Yes,25.5,No,Male,Serious,0,2021,October,17:21
Uttar Pradesh,Bus,Clear,Damaged,Urban,Morning,57.1,81.49,Not Applicable,Yes,No,No,15.8,Yes,Male,Serious,11,2022,February,10:44
Karnataka,Truck,Clear,Damaged,Urban,Afternoon,44.5,60.74,Not Applicable,Yes,Yes,Yes,16.9,Yes,Male,Serious,5,2020,March,12:18
Gujarat,Car,Rainy,Damaged,Urban,Morning,60.6,93.4,Not Applicable,Yes,No,Yes,20.2,No,Female,Serious,5,2020,June,10:08
Tamil Nadu,Car,Clear,Damaged,Urban,Night,46.1,61.42,Not Applicable,Yes,Yes,Yes,22,Yes,Female,Serious,3,2024,May,1:17
Uttar Pradesh,Car,Clear,Damaged,Urban,Evening,50.4,79.1,Not Applicable,No,Yes,No,15.6,Yes,Female,Serious,5,2022,November,20:47
Rajasthan,Car,Rainy,Damaged,Urban,Morning,44.2,70.63,Not Applicable,Yes,No,Yes,30.7,Yes,Male,Serious,3,2021,December,6:41
Rajasthan,Car,Rainy,Damaged,Urban,Afternoon,55.5,80.08,Not Applicable,Yes,Yes,No,16,Yes,Female,Serious,5,2020,December,12:21
Karnataka,Truck,Clear,Wet,Highway,Night,78.6,104.65,Not Applicable,Yes,Yes,No,12.2,Yes,Male,Serious,3,2021,June,0:56
Tamil Nadu,Bike,Clear,Wet,Urban,Morning,74.7,97.22,Yes,Not Applicable,Yes,No,30.6,Yes,Male,Serious,3,2021,February,10:26
Karnataka,Car,Rainy,Damaged,Rural,Afternoon,50.1,65.71,Not Applicable,Yes,No,No,30.6,No,Male,Serious,4,2024,January,15:39
Maharashtra,Bike,Foggy,Damaged,Highway,Morning,78.3,116.42,Yes,Not Applicable,Yes,No,10.9,Yes,Female,Serious,3,2023,February,7:24
Uttar Pradesh,Truck,Clear,Damaged,Highway,Evening,90.6,118.67,Not Applicable,No,No,No,17.4,No,Male,Serious,5,2024,June,18:40
Maharashtra,Bus,Clear,Wet,Urban,Morning,59.6,85.4,Not Applicable,Yes,Yes,No,12.2,Yes,Male,Serious,17,2019,May,6:32
Gujarat,Bike,Clear,Wet,Urban,Evening,58.4,92.14,Yes,Not Applicable,No,No,24.5,Yes,Male,Serious,2,2022,October,19:42
Tamil Nadu,Bike,Foggy,Dry,Urban,Morning,59.3,81.53,Yes,Not Applicable,Yes,No,27.2,Yes,Male,Serious,0,2019,September,9:45
Tamil Nadu,Bike,Foggy,Dry,Rural,Evening,65.2,87.93,No,Not Applicable,No,No,27.9,Yes,Male,Serious,0,2019,November,17:06
Karnataka,Bike,Rainy,Dry,Urban,Night,50.1,70.9,Yes,Not Applicable,Yes,Yes,19.9,Yes,Male,Serious,0,2019,May,3:50
Uttar Pradesh,Bus,Clear,Damaged,Rural,Night,61.1,80.28,Not Applicable,Yes,No,No,15.4,Yes,Male,Serious,7,2024,July,22:48
Uttar Pradesh,Car,Clear,Wet,Urban,Evening,46.9,63.76,Not Applicable,Yes,No,Yes,17,No,Female,Serious,3,2019,September,20:47
Gujarat,Car,Foggy,Wet,Urban,Morning,41.7,56.12,Not Applicable,Yes,No,Yes,30.3,Yes,Female,Serious,4,2022,March,10:19
Uttar Pradesh,Bike,Clear,Dry,Urban,Afternoon,44.2,67.42,Yes,Not Applicable,Yes,Yes,32.9,Yes,Female,Serious,0,2019,September,13:04
Karnataka,Car,Clear,Wet,Urban,Morning,45.3,59.68,Not Applicable,Yes,No,Yes,23.4,No,Female,Serious,3,2020,April,8:53
Uttar Pradesh,Truck,Clear,Dry,Urban,Evening,71.3,95.79,Not Applicable,Yes,No,No,19.1,Yes,Male,Serious,1,2019,June,18:04
Uttar Pradesh,Bike,Clear,Damaged,Rural,Night,57.4,84.6,Yes,Not Applicable,Yes,No,31.3,Yes,Male,Serious,0,2024,March,1:10
Rajasthan,Car,Rainy,Damaged,Urban,Morning,51.2,80.19,Not Applicable,Yes,Yes,No,13.3,Yes,Female,Serious,6,2023,January,11:40
Tamil Nadu,Truck,Clear,Wet,Highway,Night,84.6,113.18,Not Applicable,Yes,No,No,13.2,No,Male,Serious,3,2021,September,0:33
Tamil Nadu,Car,Rainy,Dry,Urban,Morning,51.4,76.54,Not Applicable,Yes,No,No,26.1,No,Male,Serious,2,2022,January,10:43
Rajasthan,Car,Rainy,Wet,Urban,Evening,65.3,91.83,Not Applicable,Yes,Yes,No,17.6,Yes,Female,Serious,3,2019,October,19:06
Uttar Pradesh,Car,Rainy,Damaged,Urban,Afternoon,57.6,84.55,Not Applicable,Yes,No,No,21.1,Yes,Female,Serious,2,2023,April,14:24
Uttar Pradesh,Bike,Foggy,Dry,Rural,Morning,50.9,80.46,Yes,Not Applicable,No,Yes,19,No,Female,Serious,2,2019,February,8:51
Rajasthan,Car,Clear,Dry,Urban,Evening,67.5,96.32,Not Applicable,Yes,Yes,No,34.3,Yes,Male,Serious,3,2020,December,19:02
Gujarat,Bike,Clear,Damaged,Urban,Night,76.1,117.7,Yes,Not Applicable,Yes,No,20.1,Yes,Female,Serious,3,2023,December,23:20
Maharashtra,Car,Rainy,Damaged,Highway,Morning,77.4,118.48,Not Applicable,Yes,Yes,No,22.5,Yes,Female,Serious,3,2022,October,5:43
Karnataka,Truck,Rainy,Dry,Rural,Evening,73.3,110.71,Not Applicable,Yes,Yes,Yes,20.6,Yes,Male,Serious,3,2019,February,18:10
Karnataka,Car,Rainy,Wet,Urban,Morning,68.8,106.59,Not Applicable,Yes,No,Yes,22,Yes,Male,Serious,2,2020,August,10:34
Rajasthan,Truck,Clear,Wet,Highway,Evening,89.5,118.75,Not Applicable,No,No,Yes,17.3,Yes,Male,Serious,4,2023,November,20:40
Gujarat,Car,Clear,Wet,Urban,Night,70.8,99.28,Not Applicable,No,No,No,16.5,Yes,Male,Serious,2,2020,July,22:49
Karnataka,Car,Foggy,Dry,Highway,Night,76.4,102.12,Not Applicable,No,No,No,29.3,Yes,Female,Serious,3,2024,August,2:24
Tamil Nadu,Bike,Foggy,Damaged,Urban,Morning,39.1,61.25,No,Not Applicable,No,Yes,10.2,Yes,Male,Serious,0,2019,December,4:13
Karnataka,Car,Clear,Wet,Rural,Afternoon,71.3,98.45,Not Applicable,Yes,No,No,20.8,No,Male,Serious,3,2024,July,16:16
Rajasthan,Car,Foggy,Damaged,Urban,Afternoon,56.7,85.52,Not Applicable,Yes,No,No,30.8,Yes,Female,Serious,2,2019,April,13:00
Uttar Pradesh,Truck,Clear,Damaged,Rural,Morning,64.5,102.49,Not Applicable,Yes,No,No,14.9,Yes,Male,Serious,4,2022,March,11:32
Maharashtra,Bike,Clear,Dry,Urban,Night,42.1,61.81,Yes,Not Applicable,Yes,No,30.3,Yes,Male,Serious,0,2019,January,3:53
Tamil Nadu,Truck,Clear,Dry,Highway,Evening,86.3,119.36,Not Applicable,No,No,No,10.5,Yes,Male,Serious,2,2019,February,17:02
Gujarat,Bike,Clear,Damaged,Rural,Evening,63.5,95.98,Yes,Not Applicable,No,Yes,26.3,Yes,Male,Serious,0,2022,November,18:23
Rajasthan,Bus,Clear,Wet,Rural,Afternoon,55.1,74.48,Not Applicable,Yes,No,No,10.9,No,Male,Serious,10,2022,February,16:50
Gujarat,Car,Rainy,Dry,Highway,Morning,87.6,114.01,Not Applicable,Yes,Yes,No,21.6,Yes,Female,Serious,2,2019,July,10:41
Tamil Nadu,Car,Clear,Damaged,Urban,Evening,72.8,101.34,Not Applicable,Yes,No,Yes,14.7,No,Female,Serious,3,2024,December,17:37
Maharashtra,Bus,Clear,Dry,Rural,Afternoon,82.3,112.43,Not Applicable,Yes,No,No,19.7,Yes,Male,Serious,9,2024,December,12:16
Uttar Pradesh,Bike,Clear,Dry,Rural,Afternoon,63.1,92.58,No,Not Applicable,No,No,10.9,Yes,Male,Serious,0,2021,January,16:02
Maharashtra,Bus,Clear,Dry,Rural,Night,74.3,110.09,Not Applicable,Yes,Yes,No,27.5,Yes,Male,Serious,10,2023,April,2:13
Karnataka,Bus,Foggy,Wet,Highway,Afternoon,73.3,104.14,Not Applicable,Yes,No,Yes,20.5,Yes,Male,Serious,11,2019,April,14:38
Maharashtra,Car,Rainy,Damaged,Urban,Morning,47.8,68.51,Not Applicable,Yes,No,No,22.3,No,Female,Serious,4,2020,March,11:18
Maharashtra,Truck,Rainy,Damaged,Urban,Morning,47.8,71.98,Not Applicable,Yes,Yes,No,24.3,Yes,Male,Serious,6,2023,July,10:36
Rajasthan,Car,Rainy,Wet,Urban,Morning,57.9,76.55,Not Applicable,No,No,No,15.9,Yes,Male,Serious,3,2023,June,5:46
Tamil Nadu,Bike,Clear,Damaged,Rural,Night,55.6,81.86,Yes,Not Applicable,Yes,No,21.9,Yes,Male,Serious,3,2024,March,1:22
Tamil Nadu,Truck,Clear,Damaged,Urban,Morning,63,98.86,Not Applicable,Yes,No,Yes,25.1,Yes,Male,Serious,3,2023,November,7:39
Maharashtra,Car,Clear,Wet,Urban,Afternoon,66.2,92.99,Not Applicable,Yes,No,Yes,33.4,Yes,Female,Serious,2,2020,March,14:49
Uttar Pradesh,Bike,Clear,Damaged,Urban,Afternoon,63.8,91.3,Yes,Not Applicable,No,No,18.2,No,Female,Serious,0,2023,January,14:52
Karnataka,Truck,Clear,Wet,Rural,Afternoon,63.4,86.12,Not Applicable,No,No,Yes,24.7,Yes,Male,Serious,4,2022,September,13:23
Maharashtra,Car,Foggy,Wet,Urban,Evening,44.3,65.42,Not Applicable,Yes,Yes,No,10.9,Yes,Female,Serious,6,2020,February,17:12
Gujarat,Bike,Foggy,Wet,Urban,Morning,49.6,67.07,Yes,Not Applicable,No,No,16.6,No,Male,Serious,0,2022,June,8:22
Uttar Pradesh,Bike,Clear,Damaged,Highway,Afternoon,76.2,117.41,Yes,Not Applicable,No,No,18.5,No,Male,Serious,0,2023,October,13:08
Gujarat,Car,Clear,Damaged,Rural,Evening,50,76.96,Not Applicable,Yes,Yes,No,16.8,No,Male,Serious,4,2021,February,20:33
Uttar Pradesh,Car,Rainy,Wet,Urban,Evening,39.6,60.94,Not Applicable,Yes,Yes,No,20.5,Yes,Female,Serious,6,2019,September,20:36
Maharashtra,Truck,Rainy,Damaged,Urban,Morning,59.9,89.32,Not Applicable,Yes,Yes,No,29.1,Yes,Male,Serious,5,2021,November,8:30
Karnataka,Bike,Clear,Wet,Urban,Night,48.5,76.59,Yes,Not Applicable,No,No,27.8,Expired,Male,Serious,0,2022,August,23:02
Uttar Pradesh,Car,Foggy,Dry,Highway,Night,85,119.97,Not Applicable,Yes,No,No,11.4,No,Female,Serious,3,2020,November,1:13
Maharashtra,Bike,Rainy,Dry,Rural,Morning,59,81.54,No,Not Applicable,No,Yes,23.4,Yes,Male,Serious,0,2024,November,9:09
Gujarat,Car,Rainy,Dry,Urban,Morning,52.2,80.43,Not Applicable,Yes,Yes,Yes,30.6,Yes,Female,Serious,5,2020,June,7:32
Rajasthan,Truck,Clear,Wet,Urban,Morning,70.8,103.51,Not Applicable,Yes,No,Yes,29.7,Expired,Male,Serious,5,2024,August,7:57
Rajasthan,Car,Clear,Wet,Rural,Morning,57.8,84.13,Not Applicable,Yes,No,No,20.9,No,Male,Serious,3,2021,March,7:43
Tamil Nadu,Car,Foggy,Dry,Urban,Evening,44.8,70.19,Not Applicable,Yes,Yes,No,13.5,No,Male,Serious,7,2019,December,19:28
Karnataka,Bike,Rainy,Wet,Urban,Afternoon,38.8,59.91,Yes,Not Applicable,No,Yes,20.6,Yes,Female,Serious,0,2022,April,14:00
Uttar Pradesh,Car,Clear,Damaged,Rural,Morning,79.9,115.63,Not Applicable,Yes,Yes,No,12,Expired,Female,Serious,4,2019,January,8:01
Rajasthan,Truck,Foggy,Wet,Urban,Afternoon,56.9,74.76,Not Applicable,Yes,Yes,No,15.3,Yes,Male,Serious,3,2019,June,13:43
Karnataka,Truck,Clear,Damaged,Rural,Night,78,111.9,Not Applicable,Yes,Yes,No,28.8,Yes,Male,Serious,3,2020,April,2:45
Karnataka,Truck,Rainy,Dry,Rural,Evening,59.3,80.16,Not Applicable,Yes,Yes,No,33.9,Yes,Male,Serious,2,2020,January,19:16
Rajasthan,Bike,Clear,Wet,Urban,Night,60,91.65,Yes,Not Applicable,No,Yes,24.6,Yes,Female,Serious,0,2024,January,2:05
Karnataka,Car,Foggy,Wet,Urban,Morning,48.2,65.64,Not Applicable,Yes,No,No,12.3,No,Female,Serious,5,2024,July,5:41
Uttar Pradesh,Car,Clear,Damaged,Urban,Morning,49.9,69.84,Not Applicable,Yes,No,No,27.5,No,Female,Serious,5,2020,May,9:56
Maharashtra,Truck,Clear,Dry,Rural,Night,61.6,92.37,Not Applicable,Yes,Yes,Yes,26.7,Yes,Male,Serious,5,2022,October,1:48
Maharashtra,Car,Rainy,Damaged,Rural,Morning,55.1,83.85,Not Applicable,Yes,No,No,31.5,Yes,Female,Serious,2,2021,October,10:33
Maharashtra,Car,Rainy,Wet,Rural,Morning,51.1,79.56,Not Applicable,Yes,Yes,No,16.4,Yes,Male,Serious,5,2023,August,6:37
Karnataka,Car,Rainy,Dry,Urban,Evening,63.9,87.12,Not Applicable,No,No,No,17.3,Yes,Female,Serious,2,2024,March,19:54
Tamil Nadu,Car,Clear,Wet,Highway,Night,86.3,115.72,Not Applicable,Yes,No,No,19.1,Yes,Female,Serious,3,2022,July,1:46
Gujarat,Bike,Rainy,Dry,Urban,Night,59.4,85.77,Yes,Not Applicable,No,No,29,Yes,Female,Serious,0,2021,November,21:15
Maharashtra,Bike,Clear,Dry,Urban,Evening,66.2,92.87,Yes,Not Applicable,No,No,27.6,Yes,Male,Serious,1,2022,February,17:15
Maharashtra,Bike,Foggy,Damaged,Highway,Morning,78.3,112.01,Yes,Not Applicable,No,Yes,16.1,Expired,Female,Serious,0,2023,August,4:33
Karnataka,Bike,Rainy,Dry,Urban,Evening,55.3,76.8,Yes,Not Applicable,No,No,25.2,No,Female,Serious,2,2024,July,19:22
Maharashtra,Car,Foggy,Wet,Urban,Night,52.2,72.39,Not Applicable,Yes,No,No,20.7,Yes,Female,Serious,4,2020,July,3:47
Uttar Pradesh,Bike,Clear,Damaged,Highway,Morning,76.3,112.27,Yes,Not Applicable,No,Yes,34.6,No,Female,Serious,3,2020,January,4:47
Uttar Pradesh,Truck,Clear,Dry,Urban,Morning,42.8,61.2,Not Applicable,Yes,Yes,Yes,24.7,Expired,Male,Serious,4,2023,November,4:57
Uttar Pradesh,Car,Rainy,Damaged,Rural,Evening,69.5,97.89,Not Applicable,Yes,No,No,30.9,No,Female,Serious,3,2023,December,17:00
Tamil Nadu,Bike,Foggy,Damaged,Highway,Morning,75.9,103.33,Yes,Not Applicable,Yes,No,20.8,Yes,Male,Serious,3,2021,November,9:31
Karnataka,Bike,Clear,Dry,Urban,Night,63.3,97.81,Yes,Not Applicable,Yes,No,33.7,Yes,Male,Serious,0,2022,October,2:38
Tamil Nadu,Car,Clear,Wet,Urban,Night,76.3,118.55,Not Applicable,Yes,No,No,24.4,Yes,Male,Serious,3,2022,September,0:13
Rajasthan,Bike,Rainy,Damaged,Urban,Evening,59.6,87.42,Yes,Not Applicable,No,No,13.7,Yes,Male,Serious,2,2019,December,20:14
Tamil Nadu,Car,Rainy,Dry,Urban,Evening,57.4,91.2,Not Applicable,Yes,Yes,No,34.5,Yes,Male,Serious,3,2021,February,18:49
Gujarat,Car,Clear,Damaged,Urban,Evening,44,62.9,Not Applicable,No,No,Yes,12.4,Expired,Female,Serious,4,2019,September,19:47
Karnataka,Bus,Clear,Damaged,Urban,Morning,65.3,101.75,Not Applicable,Yes,Yes,No,20.2,No,Male,Serious,17,2019,February,6:14
Uttar Pradesh,Car,Clear,Damaged,Urban,Night,42.6,60.18,Not Applicable,Yes,Yes,No,33.8,Yes,Male,Serious,3,2022,December,22:20
Karnataka,Bike,Clear,Damaged,Highway,Morning,76.5,110.59,Yes,Not Applicable,No,Yes,17.9,No,Female,Serious,3,2020,April,7:58
Karnataka,Bus,Foggy,Damaged,Rural,Night,70.8,111.95,Not Applicable,Yes,Yes,No,19.7,Yes,Male,Serious,13,2021,August,0:45
Tamil Nadu,Bike,Rainy,Wet,Urban,Morning,42.6,61.43,Yes,Not Applicable,No,No,26.2,Yes,Female,Serious,0,2023,February,4:57
Rajasthan,Car,Clear,Dry,Urban,Morning,50.4,74.83,Not Applicable,No,No,No,30.4,No,Male,Serious,2,2022,October,7:33
Maharashtra,Car,Clear,Dry,Urban,Night,57,90.59,Not Applicable,Yes,Yes,Yes,19.7,Yes,Male,Serious,5,2023,September,23:21
Maharashtra,Car,Clear,Wet,Rural,Morning,60,81.57,Not Applicable,Yes,Yes,No,19.7,Yes,Male,Serious,6,2023,March,5:22
Gujarat,Car,Clear,Dry,Rural,Morning,67.8,105.93,Not Applicable,Yes,No,No,27.2,Yes,Male,Serious,3,2023,July,9:56
Tamil Nadu,Car,Clear,Dry,Rural,Night,62.6,89.09,Not Applicable,Yes,No,Yes,29.6,No,Female,Serious,3,2022,February,0:11
Gujarat,Truck,Clear,Damaged,Urban,Evening,50.2,68.27,Not Applicable,Yes,Yes,No,29.6,Yes,Male,Serious,5,2021,April,20:53
Rajasthan,Car,Clear,Dry,Rural,Night,75.5,105.5,Not Applicable,Yes,Yes,No,19,No,Male,Serious,7,2023,May,23:22
Gujarat,Bus,Clear,Damaged,Urban,Morning,40.6,60.78,Not Applicable,Yes,Yes,No,27,Yes,Male,Serious,17,2019,April,11:17
Rajasthan,Bike,Clear,Damaged,Rural,Night,61.5,86.1,Yes,Not Applicable,No,No,15.9,Yes,Female,Serious,0,2024,July,23:49
Maharashtra,Car,Rainy,Damaged,Highway,Morning,71.5,107.89,Not Applicable,No,No,No,14.4,Yes,Male,Serious,4,2020,July,8:31
Karnataka,Bike,Clear,Damaged,Urban,Evening,43.4,59.26,Yes,Not Applicable,Yes,Yes,23.1,Yes,Female,Serious,3,2023,May,19:33
Uttar Pradesh,Bike,Clear,Damaged,Urban,Morning,64.4,101.05,Yes,Not Applicable,No,Yes,15.5,Yes,Male,Serious,2,2020,November,8:30
Tamil Nadu,Car,Clear,Damaged,Urban,Evening,70,96.93,Not Applicable,Yes,No,No,23.1,No,Female,Serious,3,2023,November,17:57
Gujarat,Truck,Clear,Wet,Rural,Evening,66.9,105.52,Not Applicable,No,No,Yes,12.9,Yes,Male,Serious,4,2023,February,18:42
Karnataka,Car,Foggy,Wet,Urban,Afternoon,57.7,91.32,Not Applicable,Yes,No,No,22.7,No,Female,Serious,5,2020,March,16:42
Uttar Pradesh,Truck,Rainy,Wet,Urban,Morning,56.5,77.59,Not Applicable,Yes,No,No,21.9,Expired,Male,Serious,5,2023,December,11:28
Karnataka,Truck,Rainy,Dry,Urban,Evening,65.3,101.68,Not Applicable,Yes,Yes,Yes,17.9,Yes,Male,Serious,3,2020,August,19:55
Gujarat,Car,Foggy,Damaged,Highway,Afternoon,75.3,108.29,Not Applicable,Yes,No,Yes,27.9,Expired,Female,Serious,4,2019,July,13:12
Uttar Pradesh,Car,Clear,Dry,Highway,Night,86.1,112.05,Not Applicable,Yes,Yes,No,28,Yes,Female,Serious,3,2020,August,21:13
Karnataka,Truck,Foggy,Dry,Rural,Afternoon,49,64.11,Not Applicable,Yes,Yes,No,22.3,No,Male,Serious,4,2021,February,16:24
Rajasthan,Bike,Rainy,Damaged,Urban,Morning,59.2,91.17,Yes,Not Applicable,Yes,Yes,14.5,Yes,Male,Serious,0,2024,April,5:12
Gujarat,Car,Foggy,Wet,Urban,Night,64.2,85.58,Not Applicable,Yes,No,No,32.9,Yes,Male,Serious,4,2020,March,3:18
Rajasthan,Car,Rainy,Wet,Rural,Morning,74.2,96.59,Not Applicable,Yes,No,Yes,21.3,Yes,Female,Serious,4,2022,October,7:17
Tamil Nadu,Truck,Rainy,Dry,Highway,Morning,76,117.6,Not Applicable,Yes,No,No,27.1,Yes,Male,Serious,2,2023,June,8:20
Uttar Pradesh,Truck,Foggy,Damaged,Rural,Afternoon,76.9,101.56,Not Applicable,Yes,Yes,Yes,24,Yes,Male,Serious,6,2024,February,16:18
Rajasthan,Truck,Clear,Damaged,Urban,Night,64.6,87.6,Not Applicable,Yes,Yes,Yes,18.2,Yes,Male,Serious,5,2022,April,0:07
Gujarat,Bike,Rainy,Dry,Rural,Morning,74.2,99.68,No,Not Applicable,No,No,13.4,Yes,Male,Serious,0,2021,January,6:36
Maharashtra,Car,Clear,Damaged,Highway,Morning,75,99.22,Not Applicable,Yes,Yes,No,13.8,Expired,Male,Serious,6,2022,August,10:25
Maharashtra,Car,Clear,Damaged,Highway,Afternoon,81.4,109.02,Not Applicable,Yes,Yes,No,12.6,No,Male,Serious,8,2020,December,13:29
Maharashtra,Car,Rainy,Wet,Urban,Morning,66,90.74,Not Applicable,Yes,Yes,No,10.3,Yes,Female,Serious,3,2021,December,5:48
Rajasthan,Bike,Rainy,Dry,Urban,Morning,37.9,59.48,No,Not Applicable,No,No,27.7,Yes,Female,Serious,0,2024,October,11:17
Maharashtra,Car,Clear,Wet,Rural,Morning,62.2,82.4,Not Applicable,Yes,Yes,No,32.1,Yes,Male,Serious,6,2020,November,5:16
Rajasthan,Car,Rainy,Dry,Rural,Afternoon,48.9,73.5,Not Applicable,Yes,Yes,No,22.4,Expired,Male,Serious,3,2019,December,14:18
Uttar Pradesh,Car,Foggy,Damaged,Highway,Evening,74.6,99.94,Not Applicable,Yes,Yes,No,31.3,Yes,Female,Serious,6,2022,November,17:57
Maharashtra,Bike,Clear,Dry,Highway,Night,82,114.85,Yes,Not Applicable,Yes,No,31.5,Expired,Male,Serious,3,2021,February,0:39
Rajasthan,Car,Clear,Wet,Urban,Morning,45.5,61.64,Not Applicable,Yes,Yes,Yes,24.8,Yes,Male,Serious,6,2023,June,9:36
Karnataka,Truck,Rainy,Dry,Urban,Morning,61,96.62,Not Applicable,Yes,No,No,11.3,Yes,Male,Serious,1,2019,July,10:19
Gujarat,Bike,Clear,Dry,Rural,Night,84,116.91,Yes,Not Applicable,Yes,No,33.9,Yes,Female,Serious,2,2019,January,23:18
Gujarat,Bike,Clear,Dry,Urban,Evening,71.2,100.54,Yes,Not Applicable,No,Yes,22.4,Yes,Male,Serious,1,2021,October,19:34
Uttar Pradesh,Bike,Rainy,Damaged,Urban,Evening,37.5,53.25,No,Not Applicable,No,No,26.4,Yes,Female,Serious,0,2021,March,17:17
Tamil Nadu,Car,Clear,Wet,Urban,Evening,61.7,82.43,Not Applicable,Yes,No,No,16.1,Expired,Female,Serious,5,2020,September,20:02
Gujarat,Bike,Rainy,Wet,Urban,Night,70.7,102.66,Yes,Not Applicable,No,No,15.7,Yes,Female,Serious,0,2020,October,0:53
Uttar Pradesh,Bus,Foggy,Wet,Urban,Evening,67.4,93.88,Not Applicable,Yes,No,No,15.6,No,Male,Serious,17,2024,October,18:30
Uttar Pradesh,Bike,Rainy,Dry,Highway,Morning,77.1,106.53,Yes,Not Applicable,Yes,No,17.5,Yes,Female,Serious,2,2024,May,8:04
Tamil Nadu,Bike,Rainy,Wet,Rural,Morning,57.5,76.39,Yes,Not Applicable,Yes,No,16.9,Yes,Male,Serious,3,2020,March,6:12
Maharashtra,Car,Clear,Dry,Urban,Morning,46.5,69.87,Not Applicable,Yes,Yes,Yes,22,No,Female,Serious,4,2023,June,8:47
Karnataka,Car,Clear,Damaged,Urban,Morning,53.3,78.64,Not Applicable,No,No,Yes,20.3,Yes,Male,Serious,2,2020,August,7:33
Tamil Nadu,Bus,Rainy,Damaged,Urban,Morning,47.4,71.8,Not Applicable,Yes,No,No,14.8,No,Male,Serious,9,2023,April,4:28
Uttar Pradesh,Bike,Foggy,Damaged,Urban,Afternoon,63,82.81,Yes,Not Applicable,Yes,Yes,16.6,Yes,Female,Serious,0,2023,November,15:52
Gujarat,Car,Foggy,Damaged,Urban,Morning,46.4,70.39,Not Applicable,Yes,No,No,25.3,No,Female,Serious,4,2020,April,9:55
Tamil Nadu,Bike,Rainy,Damaged,Highway,Evening,73.6,109.03,Yes,Not Applicable,No,Yes,21.3,No,Female,Serious,3,2019,July,20:48
Tamil Nadu,Car,Clear,Wet,Rural,Morning,55.5,77.1,Not Applicable,Yes,Yes,Yes,13.7,Yes,Male,Serious,6,2023,March,10:39
Karnataka,Bike,Clear,Damaged,Urban,Afternoon,58.3,91.71,Yes,Not Applicable,No,No,26.9,No,Male,Serious,3,2020,January,16:26
Uttar Pradesh,Car,Rainy,Dry,Rural,Afternoon,74.8,116.6,Not Applicable,Yes,Yes,No,21,Yes,Female,Serious,3,2019,June,12:20
Tamil Nadu,Car,Clear,Wet,Highway,Evening,79.9,106.99,Not Applicable,Yes,No,Yes,16.8,Yes,Male,Serious,3,2020,October,19:01
Tamil Nadu,Truck,Rainy,Dry,Urban,Evening,64.1,87.58,Not Applicable,Yes,No,No,22.1,No,Male,Serious,3,2022,August,17:57
Tamil Nadu,Truck,Foggy,Damaged,Urban,Afternoon,39.5,61.43,Not Applicable,Yes,Yes,No,15.4,Yes,Male,Serious,5,2023,August,15:58
Tamil Nadu,Truck,Clear,Damaged,Urban,Morning,62.3,88.98,Not Applicable,Yes,No,No,23.6,No,Male,Serious,3,2023,February,7:28
Uttar Pradesh,Bus,Clear,Damaged,Highway,Evening,76.8,109.04,Not Applicable,Yes,Yes,Yes,16,Yes,Male,Serious,14,2020,September,18:51
Karnataka,Bus,Clear,Wet,Urban,Night,43.7,66.63,Not Applicable,Yes,No,Yes,29.6,Yes,Male,Serious,13,2021,March,3:46
Gujarat,Bike,Clear,Wet,Urban,Evening,70.6,96.3,Yes,Not Applicable,No,No,28,Yes,Male,Serious,2,2019,March,18:12
Uttar Pradesh,Bike,Rainy,Dry,Urban,Night,52.7,77.21,Yes,Not Applicable,Yes,No,31.7,Yes,Male,Serious,2,2021,September,21:59
Gujarat,Car,Rainy,Damaged,Urban,Night,55.4,85.5,Not Applicable,Yes,No,No,23.3,Expired,Female,Serious,4,2019,January,2:00
Gujarat,Bike,Clear,Damaged,Highway,Morning,78.6,102.23,Yes,Not Applicable,Yes,Yes,28.2,Yes,Male,Serious,3,2021,November,9:40
Gujarat,Bus,Rainy,Dry,Urban,Night,40,54.18,Not Applicable,Yes,Yes,No,15.9,Yes,Male,Serious,13,2020,February,0:46
Gujarat,Bus,Clear,Damaged,Rural,Morning,67.8,102.28,Not Applicable,Yes,Yes,Yes,16.3,Yes,Male,Serious,14,2024,January,11:01
Karnataka,Car,Rainy,Damaged,Rural,Evening,53.7,72.59,Not Applicable,Yes,Yes,No,32.9,Yes,Female,Serious,3,2020,December,20:30
Maharashtra,Car,Clear,Wet,Rural,Evening,55.1,87.23,Not Applicable,Yes,No,No,16.8,Yes,Male,Serious,4,2023,March,19:28
Rajasthan,Bike,Clear,Dry,Urban,Night,68.7,94.96,Yes,Not Applicable,Yes,No,22,Yes,Female,Serious,0,2020,May,21:30
Gujarat,Bike,Clear,Damaged,Urban,Morning,66.2,101.44,Yes,Not Applicable,Yes,Yes,17.6,Yes,Male,Serious,0,2024,February,7:53
Gujarat,Bike,Rainy,Wet,Urban,Night,48.3,67.15,Yes,Not Applicable,No,No,15.8,Expired,Male,Serious,3,2019,May,0:04
Gujarat,Car,Foggy,Wet,Highway,Morning,72.1,95.97,Not Applicable,Yes,No,Yes,30.7,Yes,Male,Serious,3,2022,August,8:46
Rajasthan,Bike,Rainy,Damaged,Urban,Afternoon,56.1,85.62,Yes,Not Applicable,Yes,No,21,Expired,Female,Serious,4,2023,May,13:59
Gujarat,Bike,Clear,Dry,Rural,Night,62.3,82.84,No,Not Applicable,Yes,No,10.4,Yes,Female,Serious,2,2020,October,23:33
Tamil Nadu,Car,Foggy,Damaged,Urban,Morning,60.9,93.15,Not Applicable,Yes,Yes,No,30.7,Yes,Male,Serious,6,2024,May,9:18
Maharashtra,Bike,Rainy,Damaged,Urban,Morning,47.1,66.81,Yes,Not Applicable,Yes,Yes,19.3,Yes,Female,Serious,3,2022,October,11:10
Gujarat,Car,Clear,Wet,Urban,Afternoon,63.3,88.31,Not Applicable,Yes,No,Yes,10.1,Yes,Female,Serious,2,2023,December,12:07
Gujarat,Bike,Clear,Dry,Rural,Night,79.6,117.77,Yes,Not Applicable,No,No,15.2,No,Female,Serious,0,2019,January,22:53
Karnataka,Bike,Foggy,Wet,Rural,Afternoon,69,98.32,Yes,Not Applicable,Yes,No,13.9,Yes,Male,Serious,0,2019,May,14:59
Maharashtra,Bike,Clear,Dry,Highway,Morning,81.8,112.93,No,Not Applicable,Yes,Yes,19.6,Yes,Male,Serious,2,2020,October,9:52
Gujarat,Bike,Foggy,Damaged,Urban,Afternoon,39.2,60.75,Yes,Not Applicable,No,Yes,23.4,Expired,Male,Serious,3,2024,January,16:49
Uttar Pradesh,Car,Rainy,Dry,Urban,Morning,53.7,83.19,Not Applicable,Yes,No,Yes,23.4,Yes,Female,Serious,2,2019,December,9:42
Gujarat,Bike,Foggy,Wet,Rural,Morning,51.2,69.97,Yes,Not Applicable,Yes,No,20.5,Yes,Male,Serious,0,2019,November,6:33
Uttar Pradesh,Bike,Clear,Wet,Rural,Afternoon,57.8,81.12,Yes,Not Applicable,Yes,No,16.2,Yes,Male,Serious,3,2024,September,15:45
Tamil Nadu,Truck,Clear,Damaged,Highway,Morning,82.1,112.15,Not Applicable,Yes,No,No,10.5,Yes,Male,Serious,3,2019,April,8:34
Tamil Nadu,Bus,Clear,Dry,Urban,Afternoon,52.3,80.37,Not Applicable,Yes,Yes,Yes,11.2,Yes,Male,Serious,13,2019,October,15:18
Uttar Pradesh,Car,Rainy,Damaged,Urban,Night,46.2,69.83,Not Applicable,Yes,No,No,23.7,No,Male,Serious,5,2024,August,22:16
Rajasthan,Car,Clear,Damaged,Urban,Morning,62.5,95.1,Not Applicable,Yes,Yes,No,17.3,Yes,Male,Serious,6,2023,January,11:08
Tamil Nadu,Car,Clear,Wet,Urban,Night,56.5,84.88,Not Applicable,Yes,Yes,No,20.2,Yes,Male,Serious,6,2021,June,22:57
Maharashtra,Car,Clear,Wet,Rural,Morning,52.2,76.3,Not Applicable,Yes,Yes,Yes,19.9,Yes,Female,Serious,5,2024,August,8:28
Maharashtra,Truck,Clear,Wet,Rural,Afternoon,82.5,107.71,Not Applicable,No,No,Yes,11.9,Yes,Male,Serious,4,2024,June,12:44
Karnataka,Car,Clear,Damaged,Urban,Night,67.8,93.78,Not Applicable,Yes,Yes,No,25.8,Yes,Male,Serious,6,2022,September,3:14
Rajasthan,Bike,Foggy,Damaged,Urban,Night,58.8,90.33,Yes,Not Applicable,No,Yes,16,Yes,Male,Serious,2,2023,December,21:11
Rajasthan,Car,Clear,Damaged,Urban,Night,59.1,93.12,Not Applicable,Yes,Yes,No,12.4,Yes,Female,Serious,3,2020,April,21:02
Tamil Nadu,Bike,Rainy,Damaged,Rural,Morning,63.8,100.11,Yes,Not Applicable,Yes,Yes,17.5,Yes,Female,Serious,3,2021,January,4:06
Rajasthan,Bike,Clear,Wet,Highway,Morning,87,116.09,Yes,Not Applicable,No,No,26.6,Expired,Female,Serious,0,2023,March,7:15
Tamil Nadu,Car,Clear,Damaged,Urban,Morning,65.7,87.27,Not Applicable,Yes,Yes,Yes,23.9,Yes,Male,Serious,3,2024,December,4:12
Uttar Pradesh,Bike,Clear,Wet,Urban,Evening,73.1,103.87,No,Not Applicable,No,No,10.6,Expired,Female,Serious,3,2022,February,18:54
Uttar Pradesh,Bus,Clear,Damaged,Rural,Morning,64.8,92.53,Not Applicable,Yes,Yes,No,21.2,No,Male,Serious,18,2022,March,11:01
Gujarat,Car,Rainy,Damaged,Urban,Morning,68.4,100.07,Not Applicable,Yes,No,No,13.8,Yes,Male,Serious,3,2020,March,6:16
Tamil Nadu,Bus,Clear,Damaged,Urban,Morning,45.5,71.53,Not Applicable,No,Yes,No,18.1,Yes,Male,Serious,13,2019,March,6:11
Tamil Nadu,Car,Foggy,Damaged,Urban,Night,45.1,67.49,Not Applicable,Yes,No,No,14,No,Female,Serious,5,2019,December,21:19
Uttar Pradesh,Bike,Clear,Damaged,Rural,Morning,69.8,101.74,Yes,Not Applicable,No,Yes,10.4,Yes,Male,Serious,0,2021,October,10:00
Rajasthan,Truck,Clear,Dry,Urban,Morning,53.6,81.61,Not Applicable,Yes,Yes,No,11.9,Yes,Male,Serious,2,2023,June,10:58
Tamil Nadu,Car,Rainy,Damaged,Urban,Night,41.4,55.21,Not Applicable,Yes,No,No,11,No,Female,Serious,5,2023,July,3:55
Rajasthan,Bus,Clear,Wet,Highway,Morning,75.2,101.83,Not Applicable,No,No,Yes,15.8,Yes,Male,Serious,10,2023,October,9:05
Rajasthan,Bike,Clear,Damaged,Rural,Morning,60.6,88.11,Yes,Not Applicable,No,No,31.4,Yes,Female,Serious,2,2020,July,11:08
Tamil Nadu,Bike,Rainy,Wet,Urban,Evening,57.3,75.12,Yes,Not Applicable,No,No,25.6,Yes,Female,Serious,0,2024,April,18:19
Tamil Nadu,Car,Rainy,Wet,Rural,Afternoon,78.1,110.71,Not Applicable,Yes,No,No,14.4,Yes,Female,Serious,2,2023,January,15:47
Karnataka,Car,Rainy,Damaged,Rural,Morning,64.6,92.69,Not Applicable,Yes,Yes,No,26.9,Yes,Female,Serious,6,2021,March,10:21
Rajasthan,Bike,Rainy,Dry,Urban,Morning,48.1,72.45,Yes,Not Applicable,No,No,31.8,No,Female,Serious,2,2023,October,11:17
Karnataka,Bike,Rainy,Wet,Urban,Morning,52.3,76.33,Yes,Not Applicable,No,No,30.6,Yes,Female,Serious,0,2020,December,7:16
Maharashtra,Truck,Clear,Damaged,Rural,Night,80.6,117.93,Not Applicable,Yes,Yes,No,14.5,Yes,Male,Serious,5,2020,January,22:57
Uttar Pradesh,Bus,Foggy,Dry,Urban,Morning,43,64.3,Not Applicable,Yes,No,No,29.7,No,Male,Serious,9,2023,January,8:42
Tamil Nadu,Bus,Foggy,Dry,Urban,Morning,63.9,92.35,Not Applicable,Yes,No,No,21.1,Yes,Male,Serious,9,2019,February,4:08
Karnataka,Bus,Foggy,Dry,Rural,Afternoon,69.9,109.25,Not Applicable,Yes,Yes,Yes,24.2,Yes,Male,Serious,10,2019,March,12:27
Gujarat,Car,Clear,Damaged,Urban,Afternoon,58.3,86.02,Not Applicable,Yes,Yes,No,12.1,Expired,Female,Serious,6,2022,July,15:15
Karnataka,Car,Clear,Damaged,Rural,Afternoon,71.5,101.14,Not Applicable,Yes,Yes,Yes,14.8,Yes,Female,Serious,5,2019,July,12:17
Tamil Nadu,Car,Clear,Dry,Highway,Morning,80.4,111.54,Not Applicable,Yes,Yes,Yes,14.5,Yes,Female,Serious,2,2020,March,4:33
Maharashtra,Car,Clear,Dry,Urban,Night,71.9,104.58,Not Applicable,Yes,Yes,No,25,Yes,Female,Serious,2,2024,March,23:21
Karnataka,Bike,Foggy,Damaged,Rural,Morning,60.9,90.82,Yes,Not Applicable,No,Yes,25.7,Expired,Male,Serious,0,2022,December,6:35
Uttar Pradesh,Bike,Clear,Dry,Rural,Morning,62.6,97.38,Yes,Not Applicable,No,No,27.6,Yes,Male,Serious,1,2024,June,8:11
Maharashtra,Car,Foggy,Damaged,Urban,Morning,38.9,53.92,Not Applicable,Yes,No,Yes,13.3,Expired,Female,Serious,4,2020,December,10:08
Gujarat,Bike,Clear,Wet,Urban,Afternoon,65.9,95.81,No,Not Applicable,No,Yes,16.7,Yes,Female,Serious,0,2022,January,13:02
Rajasthan,Car,Rainy,Wet,Highway,Evening,76.6,109.18,Not Applicable,Yes,No,Yes,11.6,Yes,Male,Serious,2,2019,May,17:19
Tamil Nadu,Car,Clear,Wet,Highway,Morning,82.3,119.34,Not Applicable,Yes,Yes,No,22.8,Yes,Male,Serious,3,2021,April,11:32
Uttar Pradesh,Car,Clear,Dry,Urban,Night,65.5,94.83,Not Applicable,Yes,No,No,17.3,No,Male,Serious,3,2024,October,1:59
Maharashtra,Truck,Clear,Damaged,Urban,Morning,69.8,111.13,Not Applicable,Yes,No,Yes,10.3,Expired,Male,Serious,5,2024,September,8:33
Maharashtra,Car,Clear,Damaged,Rural,Afternoon,67,88.57,Not Applicable,Yes,Yes,No,24.3,No,Female,Serious,4,2023,August,15:24
Uttar Pradesh,Bus,Clear,Damaged,Urban,Morning,63.1,86.56,Not Applicable,Yes,No,No,17.2,No,Male,Serious,14,2020,March,4:39
Maharashtra,Truck,Foggy,Dry,Urban,Afternoon,63.9,88.7,Not Applicable,Yes,Yes,No,18.6,No,Male,Serious,3,2023,September,13:50
Karnataka,Car,Rainy,Damaged,Rural,Evening,72.7,113.43,Not Applicable,Yes,Yes,No,15.5,Yes,Female,Serious,3,2019,January,17:09
Karnataka,Bike,Rainy,Wet,Urban,Morning,64.9,91.1,Yes,Not Applicable,No,No,28.9,Yes,Male,Serious,2,2020,October,10:13
Rajasthan,Car,Clear,Wet,Rural,Morning,62.8,88.33,Not Applicable,Yes,No,Yes,13,Expired,Male,Serious,3,2020,February,6:08
Uttar Pradesh,Car,Clear,Damaged,Rural,Afternoon,84.4,117.92,Not Applicable,Yes,Yes,No,13.4,Yes,Female,Serious,3,2021,June,14:35
Karnataka,Bike,Clear,Dry,Urban,Morning,57.2,89.39,Yes,Not Applicable,Yes,No,30.5,Yes,Female,Serious,0,2022,September,11:18
Uttar Pradesh,Car,Clear,Damaged,Urban,Morning,56.7,90.01,Not Applicable,No,No,No,28.4,Yes,Male,Serious,3,2024,May,7:49
Karnataka,Car,Clear,Wet,Urban,Evening,71.6,94.36,Not Applicable,Yes,No,No,20.9,Yes,Female,Serious,3,2020,January,19:00
Gujarat,Bike,Rainy,Dry,Rural,Evening,62.1,87.02,Yes,Not Applicable,Yes,No,11.5,Yes,Female,Serious,2,2019,July,17:46
Uttar Pradesh,Car,Foggy,Wet,Rural,Evening,72.6,101.95,Not Applicable,Yes,No,No,17,Yes,Male,Serious,2,2024,April,19:23
Rajasthan,Car,Rainy,Dry,Rural,Morning,71.8,106.63,Not Applicable,Yes,Yes,No,21.4,Yes,Male,Serious,5,2022,March,5:28
Gujarat,Bike,Clear,Damaged,Urban,Night,51.6,79.74,Yes,Not Applicable,Yes,No,10.6,Yes,Male,Serious,3,2024,November,21:49
Uttar Pradesh,Car,Clear,Damaged,Urban,Morning,65.3,99.23,Not Applicable,Yes,No,No,27,Yes,Female,Serious,4,2022,July,11:47
Tamil Nadu,Bike,Foggy,Damaged,Urban,Morning,38.2,60.09,Yes,Not Applicable,Yes,No,29.4,Yes,Female,Serious,3,2021,January,8:00
Gujarat,Truck,Rainy,Damaged,Urban,Evening,40,60.3,Not Applicable,Yes,Yes,Yes,16.7,Yes,Male,Serious,3,2024,April,19:38
Karnataka,Truck,Rainy,Wet,Urban,Afternoon,41.9,60.38,Not Applicable,Yes,Yes,No,13.5,Yes,Male,Serious,5,2021,September,12:49
Tamil Nadu,Bike,Foggy,Damaged,Urban,Night,68.2,108.44,Yes,Not Applicable,No,Yes,28.6,Yes,Female,Serious,2,2024,September,0:34
Gujarat,Bike,Rainy,Damaged,Highway,Afternoon,75.2,103.61,Yes,Not Applicable,Yes,Yes,15.3,Yes,Male,Serious,0,2019,March,16:48
Karnataka,Car,Clear,Wet,Urban,Afternoon,71.5,102.59,Not Applicable,Yes,Yes,No,15.2,Yes,Female,Serious,3,2021,March,13:11
Gujarat,Truck,Rainy,Dry,Rural,Evening,72.8,104.22,Not Applicable,Yes,No,Yes,10.9,Expired,Male,Serious,4,2021,August,17:25
Tamil Nadu,Bus,Rainy,Dry,Highway,Afternoon,78.1,101.81,Not Applicable,Yes,Yes,No,18.5,No,Male,Serious,13,2024,February,15:57
Gujarat,Car,Clear,Wet,Rural,Morning,74.7,113.65,Not Applicable,Yes,Yes,No,28.9,Yes,Male,Serious,6,2024,October,6:29
Tamil Nadu,Bike,Clear,Dry,Urban,Morning,72.3,105.99,Yes,Not Applicable,No,No,33.2,No,Female,Serious,0,2024,August,5:49
Rajasthan,Bike,Foggy,Damaged,Highway,Morning,71,95.9,Yes,Not Applicable,Yes,No,19.3,Yes,Male,Serious,0,2021,August,4:16
Rajasthan,Bike,Foggy,Wet,Highway,Morning,83.4,119.79,Yes,Not Applicable,No,No,17.1,Yes,Female,Serious,2,2024,December,10:11
Gujarat,Bike,Clear,Wet,Urban,Night,44.9,59.2,Yes,Not Applicable,Yes,No,19,Yes,Female,Serious,3,2023,May,23:16
Maharashtra,Car,Clear,Dry,Urban,Morning,56.1,80.08,Not Applicable,Yes,No,Yes,19.3,Yes,Female,Serious,1,2021,December,8:25
Uttar Pradesh,Truck,Clear,Wet,Urban,Night,54.4,80.44,Not Applicable,Yes,No,No,13,Expired,Male,Serious,3,2023,November,0:00
Uttar Pradesh,Bike,Rainy,Dry,Urban,Evening,68.2,105.89,Yes,Not Applicable,No,No,14.9,Yes,Female,Serious,1,2022,June,20:12
Karnataka,Truck,Rainy,Wet,Rural,Afternoon,69,103.42,Not Applicable,Yes,Yes,No,13.1,Yes,Male,Serious,6,2021,March,16:51
Rajasthan,Bike,Clear,Dry,Highway,Afternoon,83.3,110.45,Yes,Not Applicable,No,Yes,24,Yes,Female,Serious,1,2020,November,16:45
Tamil Nadu,Bike,Clear,Damaged,Rural,Morning,77.4,114.27,No,Not Applicable,Yes,No,18.7,Yes,Female,Serious,3,2024,April,7:33
Gujarat,Truck,Clear,Wet,Rural,Morning,61.6,92.07,Not Applicable,Yes,Yes,No,15,Expired,Male,Serious,4,2019,February,5:05
Gujarat,Car,Rainy,Wet,Urban,Night,64,90.79,Not Applicable,Yes,No,No,28.4,Yes,Male,Serious,4,2021,January,3:02
Maharashtra,Truck,Rainy,Dry,Rural,Morning,50,73.59,Not Applicable,Yes,No,Yes,24.8,No,Male,Serious,3,2019,April,10:23
Karnataka,Car,Clear,Dry,Urban,Afternoon,64.8,88.45,Not Applicable,Yes,No,No,34.7,Expired,Female,Serious,2,2023,December,12:40
Tamil Nadu,Bike,Clear,Damaged,Highway,Afternoon,75.6,108.77,Yes,Not Applicable,No,Yes,27.5,Yes,Male,Serious,2,2023,April,13:12
Uttar Pradesh,Truck,Rainy,Dry,Urban,Afternoon,56.7,89.67,Not Applicable,Yes,Yes,No,16.1,Yes,Male,Serious,5,2023,March,15:58
Rajasthan,Bus,Rainy,Wet,Highway,Morning,71.3,94.41,Not Applicable,Yes,No,No,14.7,No,Male,Serious,14,2021,November,8:04
Maharashtra,Bike,Rainy,Wet,Urban,Morning,68.2,89.57,Yes,Not Applicable,Yes,No,21.1,Yes,Female,Serious,0,2023,July,4:07
Tamil Nadu,Truck,Rainy,Damaged,Rural,Morning,58.1,86.45,Not Applicable,Yes,No,No,26.2,No,Male,Serious,3,2020,September,10:29
Tamil Nadu,Car,Clear,Wet,Highway,Afternoon,83.5,110.88,Not Applicable,Yes,Yes,No,19.5,Yes,Female,Serious,3,2019,October,13:54
Rajasthan,Truck,Clear,Damaged,Urban,Afternoon,43,62.49,Not Applicable,Yes,Yes,Yes,26.8,Yes,Male,Serious,6,2023,January,14:15
Tamil Nadu,Bike,Clear,Damaged,Urban,Morning,68.2,96.07,Yes,Not Applicable,Yes,Yes,19.3,Yes,Female,Serious,0,2023,October,6:16
Uttar Pradesh,Car,Clear,Wet,Urban,Morning,53.1,78.51,Not Applicable,Yes,Yes,No,25.6,Yes,Male,Serious,3,2020,December,6:41
Tamil Nadu,Bike,Clear,Damaged,Urban,Evening,41.6,61.5,Yes,Not Applicable,Yes,Yes,20.8,Yes,Male,Serious,0,2022,July,18:06
Uttar Pradesh,Car,Clear,Wet,Rural,Morning,63.6,86.86,Not Applicable,Yes,Yes,No,14.5,Yes,Female,Serious,3,2024,January,5:39
Karnataka,Car,Clear,Wet,Urban,Morning,41.5,61.38,Not Applicable,Yes,Yes,Yes,13.8,Yes,Female,Serious,6,2021,July,10:43
Rajasthan,Bike,Clear,Wet,Urban,Morning,62.1,86.52,No,Not Applicable,No,No,18,Expired,Male,Serious,3,2022,April,5:46
Karnataka,Car,Rainy,Dry,Urban,Morning,49.8,65.04,Not Applicable,Yes,Yes,No,32,Yes,Male,Serious,5,2023,February,11:25
Maharashtra,Bike,Clear,Wet,Urban,Morning,68.5,102.48,No,Not Applicable,No,No,21.7,Yes,Male,Serious,0,2023,December,8:35
Tamil Nadu,Car,Rainy,Dry,Urban,Evening,64.8,103,Not Applicable,Yes,Yes,No,33.6,Yes,Male,Serious,5,2021,June,19:11
Maharashtra,Bus,Clear,Dry,Urban,Morning,63.8,88.21,Not Applicable,No,Yes,Yes,19.7,Yes,Male,Serious,13,2021,July,7:57
Karnataka,Car,Clear,Damaged,Rural,Afternoon,68.8,107.69,Not Applicable,Yes,No,Yes,22.2,Expired,Female,Serious,4,2019,February,16:18
Karnataka,Bike,Clear,Dry,Urban,Morning,65.2,99.43,No,Not Applicable,No,No,11.5,No,Female,Serious,2,2020,August,7:51
Maharashtra,Car,Clear,Wet,Rural,Evening,68.5,93.11,Not Applicable,Yes,Yes,No,10.3,Yes,Male,Serious,3,2021,September,18:45
Tamil Nadu,Bike,Foggy,Wet,Urban,Night,70.3,102.65,Yes,Not Applicable,No,Yes,22,Yes,Female,Serious,2,2021,May,3:53
Uttar Pradesh,Bike,Foggy,Damaged,Rural,Evening,55.6,81.47,No,Not Applicable,No,Yes,13.1,Yes,Female,Serious,0,2019,April,17:51
Karnataka,Car,Rainy,Dry,Urban,Evening,49.7,65.71,Not Applicable,Yes,Yes,Yes,11.6,Yes,Male,Serious,2,2021,December,17:19
Uttar Pradesh,Bike,Clear,Damaged,Urban,Morning,69.9,100.56,Yes,Not Applicable,Yes,Yes,18.4,Yes,Female,Serious,3,2021,September,6:16
Tamil Nadu,Bike,Clear,Wet,Highway,Morning,78.3,107.51,Yes,Not Applicable,No,No,20.5,Expired,Male,Serious,3,2019,November,7:00
Maharashtra,Truck,Rainy,Dry,Highway,Evening,81,116.77,Not Applicable,Yes,No,No,32.1,Expired,Male,Serious,3,2020,October,17:55
Rajasthan,Bus,Clear,Damaged,Highway,Evening,79.4,104.03,Not Applicable,Yes,No,Yes,25.1,Yes,Male,Serious,12,2021,December,20:54
Karnataka,Car,Foggy,Dry,Rural,Morning,74.6,114.51,Not Applicable,Yes,No,Yes,34.3,No,Male,Serious,2,2020,August,10:15
Karnataka,Bike,Rainy,Dry,Urban,Morning,54.1,72.46,Yes,Not Applicable,Yes,Yes,19.7,Yes,Female,Serious,2,2021,May,8:02
Gujarat,Bike,Clear,Damaged,Urban,Morning,51.3,71.75,No,Not Applicable,Yes,No,11,Yes,Male,Serious,3,2020,May,11:59
Tamil Nadu,Bike,Rainy,Damaged,Rural,Night,68.5,89.5,Yes,Not Applicable,Yes,No,18.5,Yes,Male,Serious,0,2020,January,1:16
Karnataka,Bike,Rainy,Dry,Highway,Morning,72.7,113.05,No,Not Applicable,No,No,12.7,Yes,Female,Serious,0,2023,October,11:38
Uttar Pradesh,Car,Clear,Dry,Highway,Afternoon,78,119.63,Not Applicable,Yes,No,No,26.4,Yes,Male,Serious,2,2022,April,16:19
Tamil Nadu,Bike,Clear,Dry,Rural,Afternoon,62.1,91.78,No,Not Applicable,Yes,Yes,13.7,Yes,Female,Serious,2,2024,May,13:53
Gujarat,Bike,Clear,Wet,Urban,Night,64.4,102,Yes,Not Applicable,Yes,No,19.8,Yes,Female,Serious,3,2022,April,2:34
Rajasthan,Car,Foggy,Wet,Urban,Morning,56.4,89.74,Not Applicable,No,No,No,21.9,Yes,Male,Serious,2,2024,November,6:55
Gujarat,Bus,Foggy,Wet,Urban,Morning,58.9,89.77,Not Applicable,Yes,No,No,14.9,No,Male,Serious,13,2023,September,11:14
Maharashtra,Bike,Clear,Wet,Rural,Afternoon,65.4,97.63,Yes,Not Applicable,No,No,28,Yes,Female,Serious,2,2021,December,13:54
Rajasthan,Bus,Foggy,Damaged,Rural,Night,68.7,107.86,Not Applicable,Yes,No,Yes,23.5,Yes,Male,Serious,9,2020,January,23:31
Maharashtra,Bike,Clear,Wet,Urban,Morning,62,87.69,Yes,Not Applicable,No,No,13.7,Yes,Female,Serious,0,2021,August,6:53
Uttar Pradesh,Bike,Rainy,Dry,Highway,Afternoon,69,106.32,No,Not Applicable,No,No,22.5,Yes,Female,Serious,0,2023,May,13:59
Rajasthan,Bus,Rainy,Damaged,Urban,Afternoon,44.3,57.89,Not Applicable,Yes,Yes,Yes,15.9,Yes,Male,Serious,16,2023,January,12:01
Rajasthan,Bus,Clear,Dry,Urban,Night,75.8,106.11,Not Applicable,No,No,No,31,Yes,Male,Serious,7,2022,September,0:21
Rajasthan,Truck,Clear,Damaged,Urban,Night,67.7,102.16,Not Applicable,Yes,Yes,No,33.7,Yes,Male,Serious,3,2021,April,0:21
Gujarat,Truck,Foggy,Damaged,Rural,Afternoon,73.6,112.48,Not Applicable,Yes,No,No,15.4,No,Male,Serious,5,2019,April,13:10
Rajasthan,Bike,Clear,Damaged,Urban,Evening,65.9,96.6,Yes,Not Applicable,No,Yes,21.7,Yes,Female,Serious,0,2024,January,18:39
Karnataka,Car,Clear,Wet,Urban,Evening,73.8,112.94,Not Applicable,Yes,Yes,No,18.6,Yes,Female,Serious,6,2019,November,20:38
Tamil Nadu,Bike,Clear,Dry,Rural,Night,52.7,80.09,Yes,Not Applicable,No,Yes,31.6,Yes,Female,Serious,1,2019,October,2:56
Karnataka,Bike,Rainy,Damaged,Urban,Morning,65.9,90.04,No,Not Applicable,No,No,29.8,Yes,Female,Serious,2,2019,October,5:18
Tamil Nadu,Bike,Rainy,Dry,Urban,Night,70.6,92.4,No,Not Applicable,No,No,32.8,Yes,Male,Serious,0,2021,January,1:41
Maharashtra,Bus,Foggy,Wet,Highway,Evening,86,115.1,Not Applicable,Yes,No,No,24.8,Yes,Male,Serious,13,2022,December,18:41
Karnataka,Car,Rainy,Damaged,Rural,Morning,66.2,88.54,Not Applicable,Yes,Yes,No,11.4,Yes,Female,Serious,6,2021,February,9:14
Uttar Pradesh,Car,Rainy,Wet,Urban,Morning,37.1,57.84,Not Applicable,Yes,No,No,15.7,No,Female,Serious,3,2022,December,11:32
Rajasthan,Bike,Clear,Wet,Urban,Afternoon,72.6,104.61,Yes,Not Applicable,No,No,32.7,No,Male,Serious,0,2024,January,16:41
Karnataka,Truck,Clear,Wet,Urban,Morning,66.1,86.08,Not Applicable,Yes,Yes,No,32.2,Yes,Male,Serious,6,2024,August,10:04
Uttar Pradesh,Car,Clear,Dry,Highway,Morning,76.1,107.39,Not Applicable,Yes,No,No,34.9,Yes,Female,Serious,3,2019,June,4:05
Maharashtra,Car,Clear,Dry,Highway,Evening,77.4,116.68,Not Applicable,Yes,No,Yes,30.3,Yes,Male,Serious,2,2023,April,19:37
Maharashtra,Bike,Clear,Wet,Urban,Evening,61.6,88.49,Yes,Not Applicable,No,Yes,19,Yes,Female,Serious,2,2019,March,18:12
Uttar Pradesh,Bike,Rainy,Damaged,Rural,Evening,53.3,71.15,Yes,Not Applicable,Yes,No,33.1,Yes,Female,Serious,3,2019,April,20:14
Maharashtra,Bus,Clear,Wet,Urban,Afternoon,60.9,95.24,Not Applicable,Yes,No,No,12.8,Expired,Male,Serious,15,2019,April,14:09
Gujarat,Truck,Clear,Damaged,Urban,Evening,55.1,74.09,Not Applicable,No,No,No,32.4,Yes,Male,Serious,3,2023,March,19:56
Karnataka,Bike,Rainy,Damaged,Highway,Evening,70.4,94.27,Yes,Not Applicable,No,Yes,20.6,Yes,Female,Serious,2,2019,August,17:41
Uttar Pradesh,Bike,Rainy,Wet,Highway,Night,76.8,116.72,Yes,Not Applicable,No,No,15.9,Yes,Male,Serious,2,2019,September,1:45
Rajasthan,Car,Rainy,Damaged,Rural,Morning,72.6,111.72,Not Applicable,Yes,Yes,Yes,19.4,Yes,Female,Serious,3,2021,November,7:55
Uttar Pradesh,Bus,Clear,Damaged,Urban,Afternoon,58,83.31,Not Applicable,Yes,No,No,27.5,Yes,Male,Serious,9,2021,July,13:24
Karnataka,Bus,Clear,Damaged,Urban,Morning,69.7,103.38,Not Applicable,Yes,No,No,23.6,Yes,Male,Serious,11,2021,April,8:08
Gujarat,Bus,Rainy,Wet,Rural,Evening,55.2,73.04,Not Applicable,Yes,No,No,27.9,Yes,Male,Serious,8,2022,March,19:06
Uttar Pradesh,Bus,Clear,Damaged,Urban,Morning,51.2,71.18,Not Applicable,Yes,Yes,No,12.8,No,Male,Serious,20,2020,April,4:33
Tamil Nadu,Bike,Clear,Dry,Urban,Night,65.8,93.85,Yes,Not Applicable,Yes,Yes,25.2,Yes,Female,Serious,2,2024,August,21:57
Tamil Nadu,Car,Foggy,Dry,Rural,Morning,59.6,88.21,Not Applicable,Yes,Yes,Yes,12.1,Yes,Female,Serious,2,2021,June,4:42
Maharashtra,Car,Clear,Dry,Rural,Evening,50.7,76.28,Not Applicable,No,Yes,No,16.3,Yes,Female,Serious,5,2020,March,17:48
Gujarat,Car,Clear,Damaged,Rural,Morning,55.7,88.98,Not Applicable,Yes,No,No,32,Yes,Male,Serious,3,2019,January,7:02
Maharashtra,Bus,Rainy,Dry,Highway,Afternoon,70.9,93.96,Not Applicable,Yes,No,Yes,27.5,No,Male,Serious,9,2022,September,13:34
Gujarat,Car,Foggy,Dry,Rural,Afternoon,72.9,111.19,Not Applicable,Yes,Yes,Yes,18.2,Expired,Female,Serious,4,2022,December,15:19
Uttar Pradesh,Bike,Foggy,Damaged,Urban,Morning,55.1,76.45,Yes,Not Applicable,Yes,No,22,Yes,Female,Serious,3,2022,September,9:28
Tamil Nadu,Bike,Foggy,Dry,Highway,Morning,69.5,94.74,Yes,Not Applicable,No,Yes,23.7,Yes,Female,Serious,1,2020,November,10:45
Rajasthan,Bike,Clear,Damaged,Urban,Morning,74.1,112.39,No,Not Applicable,No,Yes,27.1,Yes,Female,Serious,0,2023,March,9:25
Karnataka,Bike,Clear,Dry,Rural,Night,66.7,103.92,Yes,Not Applicable,No,Yes,12.3,Expired,Female,Serious,2,2024,August,3:48
Uttar Pradesh,Bike,Rainy,Wet,Rural,Night,67.6,96.44,Yes,Not Applicable,No,No,10.5,Expired,Male,Serious,0,2021,March,0:17
Gujarat,Bus,Clear,Wet,Urban,Evening,73.6,96.15,Not Applicable,Yes,Yes,Yes,18.6,Yes,Male,Serious,16,2020,September,17:59
Tamil Nadu,Bus,Foggy,Damaged,Urban,Night,70.8,107.67,Not Applicable,Yes,Yes,No,19.4,Yes,Male,Serious,13,2021,June,3:57
Maharashtra,Car,Rainy,Damaged,Rural,Evening,75.3,100.28,Not Applicable,Yes,No,Yes,20.9,Yes,Female,Serious,2,2024,July,18:59
Karnataka,Car,Rainy,Damaged,Highway,Morning,73.8,113.72,Not Applicable,Yes,No,No,12.6,Expired,Male,Serious,5,2020,August,4:00
Rajasthan,Truck,Foggy,Damaged,Urban,Morning,50.8,79.68,Not Applicable,Yes,No,No,21.1,No,Male,Serious,5,2023,January,9:00
Rajasthan,Bike,Clear,Wet,Urban,Morning,53.5,72.31,No,Not Applicable,No,Yes,16.9,Yes,Female,Serious,2,2020,October,10:06
Rajasthan,Bus,Clear,Dry,Urban,Evening,60.2,91.84,Not Applicable,Yes,Yes,Yes,20.6,Yes,Male,Serious,13,2023,September,20:32
Gujarat,Bike,Clear,Dry,Rural,Morning,55.8,80.07,Yes,Not Applicable,No,No,10.5,No,Male,Serious,2,2024,January,9:43
Rajasthan,Car,Clear,Wet,Rural,Evening,67.8,99.55,Not Applicable,Yes,No,No,33,Expired,Female,Serious,4,2021,November,20:29
Karnataka,Bus,Rainy,Damaged,Urban,Morning,42.9,61.16,Not Applicable,Yes,Yes,No,16,Expired,Male,Serious,16,2019,October,5:10
Uttar Pradesh,Bike,Clear,Damaged,Urban,Morning,62.1,96.74,Yes,Not Applicable,Yes,No,22.6,Yes,Female,Serious,0,2022,April,11:56
Rajasthan,Truck,Clear,Wet,Urban,Night,69.3,107.19,Not Applicable,Yes,No,Yes,29.8,Yes,Male,Serious,3,2022,May,21:04
Maharashtra,Bus,Rainy,Damaged,Rural,Night,69.9,93.61,Not Applicable,Yes,No,Yes,11.6,Expired,Male,Serious,11,2019,February,2:39
Uttar Pradesh,Bike,Clear,Wet,Urban,Night,70.4,99.99,Yes,Not Applicable,No,No,15.6,Yes,Male,Serious,0,2022,October,1:54
Karnataka,Bike,Rainy,Damaged,Urban,Evening,53.6,80.67,No,Not Applicable,No,No,21.1,Yes,Male,Serious,0,2020,December,19:02
Maharashtra,Car,Clear,Dry,Highway,Night,79.3,105.61,Not Applicable,Yes,No,Yes,26.7,No,Female,Serious,2,2019,August,1:58
Maharashtra,Car,Clear,Dry,Rural,Morning,61.1,93.84,Not Applicable,Yes,No,No,34.5,Yes,Female,Serious,3,2023,February,6:43
Karnataka,Car,Foggy,Damaged,Rural,Afternoon,48.1,72.07,Not Applicable,Yes,Yes,No,26.3,Yes,Female,Serious,5,2024,May,16:23
Uttar Pradesh,Bike,Rainy,Dry,Urban,Morning,68.1,107.25,No,Not Applicable,No,Yes,22.1,Yes,Male,Serious,1,2021,February,7:48
Karnataka,Bike,Rainy,Wet,Urban,Night,39.9,62.71,Yes,Not Applicable,No,No,32.9,Yes,Male,Serious,0,2020,November,23:12
Uttar Pradesh,Bus,Clear,Damaged,Urban,Morning,69.2,94.74,Not Applicable,Yes,Yes,No,33.7,Yes,Male,Serious,10,2021,July,5:49
Rajasthan,Bike,Rainy,Wet,Urban,Evening,57.1,74.67,Yes,Not Applicable,Yes,No,24.4,Yes,Male,Serious,3,2021,May,20:53
Gujarat,Truck,Clear,Dry,Urban,Afternoon,64.3,98.99,Not Applicable,Yes,No,Yes,19.9,No,Male,Serious,4,2019,October,16:11
Rajasthan,Bike,Clear,Dry,Urban,Morning,59.5,82.28,Yes,Not Applicable,Yes,No,31.8,Yes,Male,Serious,0,2021,June,6:31
Uttar Pradesh,Bike,Rainy,Dry,Urban,Night,60,91.77,No,Not Applicable,No,No,13,Yes,Male,Serious,1,2023,November,23:32
Uttar Pradesh,Car,Clear,Wet,Urban,Morning,48.3,71.52,Not Applicable,No,No,No,11.6,Yes,Male,Serious,2,2020,August,9:22
Uttar Pradesh,Bike,Clear,Wet,Urban,Night,65.3,97.67,Yes,Not Applicable,No,Yes,14.9,Yes,Male,Serious,0,2023,November,23:57
Karnataka,Car,Clear,Dry,Urban,Evening,42.4,58.35,Not Applicable,Yes,Yes,Yes,25.9,Yes,Male,Serious,5,2020,April,19:58
Rajasthan,Car,Foggy,Damaged,Urban,Night,43.3,64.34,Not Applicable,Yes,No,Yes,13.5,Yes,Female,Serious,2,2023,July,2:27
Maharashtra,Car,Clear,Wet,Urban,Evening,45.9,72.86,Not Applicable,Yes,No,No,23.4,No,Male,Serious,4,2023,May,18:59
Tamil Nadu,Car,Rainy,Damaged,Highway,Afternoon,75.5,108.11,Not Applicable,Yes,No,No,29.1,Yes,Female,Serious,2,2019,March,16:49
Gujarat,Bike,Clear,Dry,Urban,Night,74.6,109.5,Yes,Not Applicable,No,Yes,10.4,Yes,Female,Serious,0,2022,October,3:10
Gujarat,Bus,Foggy,Dry,Highway,Afternoon,73.7,112.46,Not Applicable,No,Yes,No,11.1,Yes,Male,Serious,9,2024,February,14:27
Gujarat,Bus,Clear,Damaged,Urban,Afternoon,68.4,100.23,Not Applicable,Yes,No,Yes,22.7,Yes,Male,Serious,7,2022,November,14:14
Karnataka,Bus,Rainy,Damaged,Highway,Morning,72.5,98.27,Not Applicable,Yes,No,Yes,25.4,Yes,Male,Serious,7,2020,June,10:32
Rajasthan,Bike,Clear,Damaged,Rural,Evening,72.6,97.06,Yes,Not Applicable,No,Yes,20.3,No,Male,Serious,3,2019,January,20:09
Maharashtra,Bike,Rainy,Dry,Highway,Evening,82.2,107.85,No,Not Applicable,No,Yes,24.5,Yes,Female,Serious,1,2024,July,19:36
Maharashtra,Truck,Clear,Wet,Urban,Night,44.6,61.87,Not Applicable,Yes,Yes,No,24,Yes,Male,Serious,3,2023,June,23:06
Maharashtra,Bike,Clear,Wet,Urban,Morning,60,89.03,Yes,Not Applicable,Yes,No,21.3,Expired,Male,Serious,4,2023,June,7:00
Maharashtra,Car,Clear,Dry,Rural,Evening,84.4,111.2,Not Applicable,Yes,No,No,16.8,Expired,Female,Serious,4,2023,October,20:39
Maharashtra,Truck,Clear,Damaged,Urban,Night,69.4,102.33,Not Applicable,Yes,No,No,20.5,Yes,Male,Serious,4,2019,May,2:43
Karnataka,Bike,Foggy,Damaged,Urban,Morning,56.7,76.63,Yes,Not Applicable,No,No,18.4,No,Female,Serious,3,2021,February,9:14
Rajasthan,Bike,Foggy,Wet,Urban,Night,54.8,83.69,Yes,Not Applicable,No,Yes,24.3,Yes,Female,Serious,2,2021,December,22:42
Tamil Nadu,Car,Clear,Wet,Urban,Evening,57.5,86.79,Not Applicable,Yes,Yes,No,25.8,Yes,Male,Serious,6,2021,May,20:29
Rajasthan,Bike,Clear,Dry,Highway,Evening,80.2,108.05,Yes,Not Applicable,Yes,No,20.7,Yes,Male,Serious,2,2023,December,17:47
Tamil Nadu,Car,Rainy,Wet,Rural,Afternoon,74.5,98.39,Not Applicable,Yes,No,Yes,12.7,Yes,Female,Serious,3,2021,December,14:28
Gujarat,Bike,Clear,Wet,Urban,Morning,71.4,111.7,Yes,Not Applicable,No,No,16.9,Expired,Male,Serious,3,2023,August,10:16
Rajasthan,Car,Clear,Damaged,Rural,Afternoon,72.9,111.48,Not Applicable,Yes,Yes,No,28.8,Yes,Female,Serious,5,2024,January,12:37
Tamil Nadu,Bus,Foggy,Wet,Highway,Afternoon,84,116.04,Not Applicable,Yes,No,No,13.7,No,Male,Serious,17,2023,March,14:46
Rajasthan,Car,Clear,Dry,Urban,Evening,59,85.01,Not Applicable,No,No,Yes,23.7,Yes,Female,Serious,3,2023,September,17:56
Karnataka,Bike,Clear,Wet,Urban,Night,63.1,95.61,Yes,Not Applicable,No,No,19.8,Yes,Male,Serious,2,2023,December,23:55
Maharashtra,Car,Foggy,Damaged,Highway,Afternoon,78.9,110.73,Not Applicable,Yes,No,No,31.9,No,Female,Serious,3,2022,August,14:58
Uttar Pradesh,Bus,Foggy,Damaged,Urban,Morning,46.3,60.26,Not Applicable,Yes,Yes,No,22.5,Yes,Male,Serious,14,2020,February,6:44
Gujarat,Bus,Clear,Dry,Urban,Night,51,78.18,Not Applicable,Yes,Yes,No,34.8,Yes,Male,Serious,10,2023,December,2:24
Rajasthan,Bike,Foggy,Wet,Urban,Morning,55.9,80.58,Yes,Not Applicable,No,Yes,26.2,Yes,Female,Serious,2,2021,March,9:09
Karnataka,Bus,Rainy,Dry,Urban,Morning,61.9,91.81,Not Applicable,Yes,No,No,14.3,No,Male,Serious,10,2019,March,7:27
Maharashtra,Bike,Rainy,Damaged,Urban,Morning,60.2,87.52,Yes,Not Applicable,Yes,No,22.6,Yes,Male,Serious,3,2021,January,6:26
Karnataka,Truck,Clear,Damaged,Urban,Morning,60.3,87.39,Not Applicable,Yes,No,No,18.5,Yes,Male,Serious,4,2024,March,11:54
Tamil Nadu,Bike,Foggy,Damaged,Rural,Morning,67.8,97.74,Yes,Not Applicable,No,No,26.6,Yes,Female,Serious,0,2020,August,6:48
Uttar Pradesh,Bike,Foggy,Damaged,Urban,Afternoon,64.4,96.75,Yes,Not Applicable,No,Yes,21.3,Yes,Female,Serious,2,2021,February,14:07
Uttar Pradesh,Car,Clear,Wet,Urban,Evening,50.8,68.83,Not Applicable,Yes,Yes,Yes,22.3,Yes,Female,Serious,5,2023,April,17:50
Gujarat,Truck,Clear,Dry,Highway,Night,86.2,119.55,Not Applicable,Yes,Yes,Yes,25.6,Yes,Male,Serious,5,2024,November,0:12
Tamil Nadu,Car,Clear,Damaged,Highway,Morning,75.9,115.41,Not Applicable,No,Yes,No,23.2,Yes,Female,Serious,5,2020,March,10:05
Rajasthan,Car,Clear,Damaged,Rural,Night,74.3,100.79,Not Applicable,Yes,Yes,Yes,11,Yes,Female,Serious,3,2021,April,23:53
Gujarat,Bus,Clear,Dry,Rural,Night,75.3,118.42,Not Applicable,Yes,Yes,No,16,Yes,Male,Serious,12,2023,February,2:12
Uttar Pradesh,Bike,Foggy,Dry,Urban,Night,61.3,86.39,Yes,Not Applicable,Yes,Yes,13.8,Yes,Male,Serious,0,2019,March,22:53
Maharashtra,Bus,Clear,Dry,Highway,Evening,90.8,119.03,Not Applicable,Yes,Yes,No,21,No,Male,Serious,12,2019,February,20:47
Tamil Nadu,Bike,Clear,Dry,Highway,Night,78.9,114.89,No,Not Applicable,Yes,No,22.6,Yes,Female,Serious,0,2021,October,22:15
Uttar Pradesh,Bus,Clear,Damaged,Rural,Evening,83.4,108.7,Not Applicable,No,No,No,30.9,Expired,Male,Serious,11,2020,September,20:54
Maharashtra,Bike,Clear,Dry,Rural,Night,85.4,118.72,Yes,Not Applicable,No,Yes,30.3,Yes,Female,Serious,0,2022,June,2:31
Gujarat,Bike,Clear,Wet,Urban,Morning,53.2,79.55,Yes,Not Applicable,No,Yes,31.5,Expired,Male,Serious,0,2020,January,10:36
Rajasthan,Bike,Clear,Damaged,Urban,Morning,53,78.53,Yes,Not Applicable,Yes,No,14.3,Expired,Male,Serious,0,2022,October,8:51
Uttar Pradesh,Car,Clear,Dry,Rural,Evening,64.9,92.15,Not Applicable,Yes,Yes,Yes,31.8,Yes,Male,Serious,3,2024,October,18:19
Rajasthan,Bike,Foggy,Dry,Urban,Night,60.2,85.91,Yes,Not Applicable,Yes,No,17.2,Expired,Female,Serious,3,2021,October,3:11
Rajasthan,Car,Rainy,Damaged,Urban,Afternoon,45.9,69.31,Not Applicable,Yes,Yes,No,16.7,Yes,Female,Serious,5,2022,August,14:26
Uttar Pradesh,Car,Rainy,Damaged,Highway,Afternoon,73.9,104.73,Not Applicable,Yes,Yes,Yes,20.5,Yes,Female,Serious,5,2019,February,16:55
Tamil Nadu,Car,Clear,Wet,Urban,Morning,69.2,95.13,Not Applicable,Yes,Yes,No,21.5,Yes,Male,Serious,3,2021,May,4:16
Rajasthan,Bike,Foggy,Wet,Urban,Evening,42.2,66.87,Yes,Not Applicable,Yes,No,17.4,Yes,Female,Serious,0,2023,March,19:34
Maharashtra,Car,Clear,Wet,Rural,Afternoon,67.4,98.22,Not Applicable,Yes,No,No,33.2,Expired,Female,Serious,5,2024,November,12:33
Maharashtra,Bus,Clear,Wet,Urban,Evening,47.3,62.98,Not Applicable,Yes,Yes,No,18.6,Yes,Male,Serious,16,2020,March,20:08
Rajasthan,Car,Clear,Dry,Urban,Night,68.7,91.1,Not Applicable,Yes,Yes,No,25.3,Expired,Female,Serious,6,2022,January,2:54
Gujarat,Car,Clear,Damaged,Urban,Night,75.3,116.69,Not Applicable,Yes,No,Yes,30.6,Yes,Male,Serious,4,2023,January,0:54
Maharashtra,Bike,Clear,Dry,Rural,Night,60.5,87.82,Yes,Not Applicable,No,No,25.6,Expired,Male,Serious,2,2022,July,23:22
Rajasthan,Car,Clear,Wet,Urban,Evening,74.2,105.03,Not Applicable,Yes,Yes,No,31.9,Yes,Male,Serious,3,2019,February,19:49
Karnataka,Truck,Clear,Damaged,Highway,Evening,75.2,110.94,Not Applicable,Yes,Yes,No,22.7,Yes,Male,Serious,6,2024,March,20:35
Uttar Pradesh,Car,Clear,Damaged,Urban,Night,47.1,72.58,Not Applicable,No,No,Yes,20.8,Yes,Male,Serious,3,2021,December,22:29
Uttar Pradesh,Bus,Rainy,Damaged,Rural,Morning,76.1,109.85,Not Applicable,Yes,No,No,15.5,Yes,Male,Serious,7,2019,December,4:15
Karnataka,Truck,Rainy,Damaged,Urban,Night,56.1,73.82,Not Applicable,Yes,No,Yes,29.1,Yes,Male,Serious,2,2019,November,2:15
Karnataka,Car,Foggy,Dry,Urban,Night,48.5,69.6,Not Applicable,Yes,Yes,Yes,16,Yes,Female,Serious,2,2024,April,0:09
Rajasthan,Bike,Foggy,Damaged,Highway,Evening,75.2,112.85,Yes,Not Applicable,No,Yes,33.3,Yes,Male,Serious,2,2020,May,19:04
Maharashtra,Bike,Clear,Damaged,Urban,Morning,73.8,111.5,No,Not Applicable,No,No,34.9,Yes,Male,Serious,2,2022,June,6:41
Uttar Pradesh,Bike,Rainy,Damaged,Rural,Morning,69,104.75,No,Not Applicable,No,No,10,Yes,Female,Serious,0,2021,July,11:02
Karnataka,Bike,Foggy,Damaged,Urban,Night,60.1,84.02,Yes,Not Applicable,No,Yes,11.2,Expired,Female,Serious,3,2020,October,23:27
Rajasthan,Car,Foggy,Damaged,Urban,Evening,54.4,82.49,Not Applicable,Yes,No,No,27.2,Yes,Female,Serious,4,2021,February,19:32
Maharashtra,Car,Foggy,Damaged,Highway,Evening,82.1,114.66,Not Applicable,Yes,Yes,No,31.7,Yes,Male,Serious,5,2023,October,19:30
Gujarat,Truck,Foggy,Wet,Highway,Evening,83,114.3,Not Applicable,Yes,No,No,28.3,Yes,Male,Serious,3,2019,February,17:41
Gujarat,Car,Clear,Dry,Urban,Morning,74,111.26,Not Applicable,Yes,No,Yes,23.3,Yes,Female,Serious,3,2023,February,5:25
Rajasthan,Car,Rainy,Damaged,Rural,Morning,55.2,81.24,Not Applicable,Yes,No,No,24,Yes,Male,Serious,2,2024,May,8:28
Uttar Pradesh,Truck,Rainy,Dry,Rural,Morning,54.7,74.38,Not Applicable,Yes,No,No,27.7,No,Male,Serious,2,2019,June,8:37
Karnataka,Bike,Clear,Damaged,Rural,Morning,73.7,108.8,Yes,Not Applicable,No,Yes,10.7,No,Female,Serious,3,2022,June,4:36
Rajasthan,Bike,Foggy,Damaged,Highway,Evening,75.7,116.78,Yes,Not Applicable,No,Yes,12,Yes,Female,Serious,2,2020,January,20:09
Tamil Nadu,Truck,Clear,Dry,Urban,Evening,69.8,95.9,Not Applicable,Yes,Yes,No,23.7,Expired,Male,Serious,6,2021,February,18:36
Karnataka,Bike,Rainy,Wet,Urban,Night,48,76.58,Yes,Not Applicable,No,No,22.8,Expired,Female,Serious,3,2020,September,2:09
Tamil Nadu,Car,Foggy,Damaged,Urban,Night,45.7,72.58,Not Applicable,Yes,Yes,No,11.4,Yes,Male,Serious,5,2019,September,21:58
Karnataka,Truck,Rainy,Damaged,Urban,Evening,54.6,82.92,Not Applicable,Yes,Yes,No,25.1,Yes,Male,Serious,6,2020,March,17:46
Tamil Nadu,Bike,Clear,Damaged,Rural,Morning,70.1,107.57,Yes,Not Applicable,No,No,19.7,Yes,Male,Serious,0,2019,May,4:47
Uttar Pradesh,Car,Clear,Damaged,Urban,Evening,72.1,99.03,Not Applicable,Yes,Yes,No,13.2,No,Female,Serious,8,2022,November,19:35
Rajasthan,Truck,Foggy,Damaged,Urban,Night,68.2,107.04,Not Applicable,Yes,Yes,No,24.4,Yes,Male,Serious,3,2019,December,1:10
Maharashtra,Bike,Clear,Damaged,Urban,Night,65.8,102.13,Yes,Not Applicable,Yes,No,11.5,Expired,Female,Serious,0,2021,August,22:19
Gujarat,Truck,Clear,Damaged,Urban,Afternoon,47.6,68.11,Not Applicable,Yes,Yes,Yes,29.2,Yes,Male,Serious,6,2019,August,12:55
Karnataka,Truck,Clear,Damaged,Rural,Morning,62.1,89.37,Not Applicable,Yes,No,No,34.2,Yes,Male,Serious,3,2022,September,11:27
Tamil Nadu,Truck,Clear,Wet,Urban,Night,70.9,94.57,Not Applicable,Yes,No,No,22.1,Expired,Male,Serious,4,2024,November,21:55
Tamil Nadu,Bus,Clear,Wet,Urban,Afternoon,67.5,93.83,Not Applicable,Yes,No,No,23.7,Yes,Male,Serious,8,2023,June,13:10
Tamil Nadu,Car,Clear,Wet,Urban,Night,63,86.91,Not Applicable,Yes,No,Yes,33,Yes,Male,Serious,4,2019,December,2:25
Tamil Nadu,Car,Clear,Wet,Rural,Evening,66.7,95.01,Not Applicable,Yes,Yes,No,10.4,Yes,Male,Serious,6,2021,July,19:07
Gujarat,Truck,Rainy,Wet,Urban,Night,55.9,80.93,Not Applicable,Yes,No,No,31.5,Yes,Male,Serious,4,2024,January,21:48
Tamil Nadu,Bike,Clear,Wet,Rural,Afternoon,76.2,117.13,Yes,Not Applicable,No,Yes,22,Yes,Female,Serious,2,2024,February,16:54
Maharashtra,Car,Clear,Dry,Urban,Night,65,88.06,Not Applicable,Yes,Yes,Yes,21.9,Expired,Male,Serious,4,2023,October,22:14
Maharashtra,Car,Foggy,Damaged,Highway,Afternoon,79.4,111.31,Not Applicable,Yes,No,Yes,28.2,Expired,Female,Serious,3,2023,June,16:25
Tamil Nadu,Car,Clear,Wet,Urban,Morning,54.7,80.47,Not Applicable,Yes,Yes,No,11.7,Yes,Male,Serious,3,2021,August,9:22
Uttar Pradesh,Bike,Rainy,Dry,Rural,Evening,67,90.83,No,Not Applicable,No,No,19.2,Yes,Male,Serious,1,2021,December,17:41
Uttar Pradesh,Car,Foggy,Dry,Urban,Night,56.6,87.13,Not Applicable,Yes,No,No,15.2,Yes,Female,Serious,2,2021,August,1:11
Karnataka,Bike,Clear,Wet,Urban,Evening,71.3,95.25,Yes,Not Applicable,Yes,No,17.7,Yes,Male,Serious,0,2022,September,18:36
Gujarat,Car,Rainy,Dry,Rural,Afternoon,53,84.66,Not Applicable,No,No,No,14.2,Yes,Male,Serious,3,2021,July,12:39
Gujarat,Car,Clear,Dry,Urban,Morning,49.4,76.21,Not Applicable,Yes,No,Yes,32.9,No,Male,Serious,4,2020,December,5:50
Tamil Nadu,Truck,Clear,Dry,Urban,Night,76.6,116.86,Not Applicable,Yes,No,Yes,27.5,No,Male,Serious,2,2022,August,21:08
Uttar Pradesh,Bike,Rainy,Dry,Rural,Evening,61,80.48,Yes,Not Applicable,No,No,18.1,No,Male,Serious,0,2021,November,20:44
Uttar Pradesh,Truck,Clear,Damaged,Highway,Evening,85.1,111.06,Not Applicable,Yes,No,No,25.7,Yes,Male,Serious,4,2019,November,20:30
Maharashtra,Bike,Rainy,Wet,Urban,Afternoon,68,107.96,Yes,Not Applicable,No,Yes,22.9,Yes,Female,Serious,0,2020,May,14:35
Karnataka,Car,Foggy,Damaged,Rural,Morning,68.4,90.82,Not Applicable,No,No,Yes,10.6,Yes,Female,Serious,3,2020,September,10:21
Gujarat,Truck,Clear,Dry,Rural,Afternoon,74.2,97.25,Not Applicable,Yes,Yes,Yes,22.9,Yes,Male,Serious,2,2024,December,14:27
Gujarat,Bike,Rainy,Damaged,Highway,Morning,75.9,100.62,Yes,Not Applicable,No,No,34.3,Yes,Female,Serious,0,2024,October,9:53
Rajasthan,Bus,Foggy,Damaged,Urban,Morning,40.6,61.24,Not Applicable,Yes,No,Yes,15.1,No,Male,Serious,9,2021,February,7:01
Gujarat,Bike,Foggy,Wet,Highway,Morning,86.8,116.57,Yes,Not Applicable,No,No,18.9,Yes,Female,Serious,0,2020,May,10:43
Uttar Pradesh,Car,Clear,Damaged,Rural,Afternoon,72.5,112.99,Not Applicable,Yes,No,Yes,25.9,No,Male,Serious,3,2024,July,16:14
Tamil Nadu,Bike,Clear,Dry,Urban,Night,42.3,67.61,Yes,Not Applicable,Yes,Yes,30.6,Yes,Male,Serious,0,2022,July,2:06
Maharashtra,Bike,Rainy,Damaged,Rural,Evening,61.1,95.32,No,Not Applicable,No,No,29.3,Yes,Female,Serious,2,2024,December,19:50
Rajasthan,Car,Clear,Damaged,Urban,Night,57.5,90.36,Not Applicable,Yes,Yes,Yes,25,Yes,Female,Serious,5,2022,December,3:21
Tamil Nadu,Bus,Clear,Damaged,Rural,Morning,81.2,112.52,Not Applicable,Yes,No,No,15.4,Yes,Male,Serious,9,2022,September,7:14
Maharashtra,Bike,Clear,Dry,Urban,Evening,73.2,114.47,Yes,Not Applicable,No,No,32.3,No,Female,Serious,2,2021,January,18:53
Uttar Pradesh,Bike,Foggy,Dry,Urban,Evening,56.8,79.83,Yes,Not Applicable,Yes,Yes,30.9,Yes,Female,Serious,0,2024,May,17:19
Maharashtra,Bike,Clear,Damaged,Urban,Evening,43.9,70.16,No,Not Applicable,Yes,No,17.4,Yes,Female,Serious,0,2021,May,18:38
Tamil Nadu,Bike,Rainy,Damaged,Urban,Evening,41.4,57.71,No,Not Applicable,No,Yes,15.8,Yes,Male,Serious,2,2023,May,17:00
Rajasthan,Bike,Clear,Damaged,Rural,Afternoon,81.7,114.18,Yes,Not Applicable,Yes,Yes,25.6,Yes,Female,Serious,0,2020,October,14:30
Uttar Pradesh,Bus,Rainy,Damaged,Urban,Afternoon,66.9,91.68,Not Applicable,Yes,No,No,27.1,Yes,Male,Serious,9,2019,April,12:32
Uttar Pradesh,Bike,Rainy,Damaged,Urban,Afternoon,55,76.95,No,Not Applicable,No,No,30.8,Yes,Female,Serious,2,2023,February,13:18
Karnataka,Bike,Clear,Wet,Rural,Evening,51.4,75.33,Yes,Not Applicable,No,No,14.1,No,Female,Serious,3,2019,February,20:49
Uttar Pradesh,Truck,Rainy,Damaged,Urban,Night,70.2,100.49,Not Applicable,Yes,No,Yes,18.1,Yes,Male,Serious,4,2021,July,21:25
Uttar Pradesh,Bike,Rainy,Damaged,Urban,Evening,39.1,53.87,Yes,Not Applicable,Yes,No,17.7,Yes,Male,Serious,0,2022,March,19:29
Uttar Pradesh,Car,Clear,Damaged,Rural,Evening,67.6,95.53,Not Applicable,Yes,Yes,Yes,27.1,Yes,Female,Serious,6,2019,July,18:28
Rajasthan,Bike,Clear,Damaged,Urban,Afternoon,73.1,109.69,Yes,Not Applicable,Yes,Yes,22.8,Yes,Female,Serious,3,2024,June,16:04
Tamil Nadu,Car,Foggy,Damaged,Highway,Morning,83.9,115.58,Not Applicable,Yes,No,No,16.3,Expired,Female,Serious,5,2021,June,10:55
Rajasthan,Car,Clear,Damaged,Urban,Evening,58.1,88.39,Not Applicable,No,No,Yes,22.7,Yes,Female,Serious,2,2024,December,18:45
Gujarat,Bike,Clear,Damaged,Urban,Morning,51.9,79.7,Yes,Not Applicable,Yes,Yes,10.1,Yes,Male,Serious,3,2024,November,11:30
Gujarat,Car,Rainy,Dry,Urban,Night,63,94.66,Not Applicable,Yes,No,No,28.9,No,Female,Serious,3,2020,November,3:18
Maharashtra,Car,Clear,Damaged,Urban,Night,75.9,111.53,Not Applicable,Yes,Yes,No,13.9,Yes,Female,Serious,6,2020,May,3:14
Uttar Pradesh,Truck,Rainy,Damaged,Rural,Morning,69,108.61,Not Applicable,Yes,No,Yes,31.1,Yes,Male,Serious,2,2022,August,9:45
Karnataka,Bike,Rainy,Wet,Urban,Night,66.9,91.21,Yes,Not Applicable,No,Yes,15.1,Yes,Male,Serious,0,2019,March,1:04
Rajasthan,Bike,Foggy,Wet,Urban,Morning,68.4,94.12,Yes,Not Applicable,No,No,15,Yes,Male,Serious,0,2021,January,10:55
Gujarat,Bike,Clear,Wet,Urban,Evening,58.9,84.57,Yes,Not Applicable,No,No,34.7,Yes,Male,Serious,2,2020,January,20:04
Uttar Pradesh,Truck,Foggy,Dry,Rural,Night,78.9,108.45,Not Applicable,Yes,Yes,Yes,18.6,Yes,Male,Serious,2,2019,January,23:09
Rajasthan,Bike,Rainy,Damaged,Urban,Night,62.2,92.36,Yes,Not Applicable,Yes,No,17.5,Yes,Female,Serious,3,2020,July,3:45
Uttar Pradesh,Car,Clear,Damaged,Urban,Night,70.4,111.4,Not Applicable,Yes,No,No,12.3,Yes,Female,Serious,4,2019,May,3:19
Tamil Nadu,Truck,Clear,Damaged,Urban,Night,62.9,89.41,Not Applicable,Yes,No,No,22.9,No,Male,Serious,3,2022,August,22:54
Tamil Nadu,Bike,Foggy,Dry,Highway,Morning,73.6,103.45,No,Not Applicable,No,Yes,18.5,Yes,Female,Serious,1,2021,August,6:42
Uttar Pradesh,Bike,Rainy,Damaged,Urban,Afternoon,41.1,58.78,Yes,Not Applicable,Yes,No,20.1,Yes,Female,Serious,0,2019,March,13:09
Karnataka,Bike,Rainy,Damaged,Urban,Afternoon,47.3,65.96,Yes,Not Applicable,No,No,26.5,No,Male,Serious,0,2019,February,14:07
Uttar Pradesh,Car,Rainy,Damaged,Urban,Evening,66.8,88.04,Not Applicable,Yes,No,No,15.4,Yes,Male,Serious,2,2022,August,17:34
Maharashtra,Bike,Clear,Damaged,Urban,Night,63.5,96.34,Yes,Not Applicable,Yes,No,29.7,Yes,Female,Serious,3,2023,September,2:17
Gujarat,Truck,Clear,Wet,Urban,Morning,60.2,79.56,Not Applicable,Yes,No,Yes,33.9,Yes,Male,Serious,3,2022,May,9:32
Uttar Pradesh,Bus,Rainy,Damaged,Rural,Morning,46.5,69.66,Not Applicable,Yes,No,Yes,28.8,Yes,Male,Serious,10,2021,September,8:11
Uttar Pradesh,Bike,Rainy,Dry,Highway,Evening,82.9,111.67,Yes,Not Applicable,Yes,Yes,13.2,Yes,Female,Serious,2,2023,July,20:37
Tamil Nadu,Bike,Clear,Damaged,Rural,Night,71,94.41,Yes,Not Applicable,Yes,No,12.9,Expired,Female,Serious,4,2023,February,22:54
Rajasthan,Bike,Clear,Wet,Urban,Morning,71.9,103.91,Yes,Not Applicable,No,Yes,12.1,Yes,Female,Serious,2,2022,October,8:45
Karnataka,Truck,Foggy,Damaged,Rural,Evening,77.6,108.41,Not Applicable,Yes,Yes,No,22.3,Yes,Male,Serious,3,2020,January,19:08
Karnataka,Bike,Clear,Damaged,Urban,Night,44.3,66.07,Yes,Not Applicable,No,Yes,12.7,Expired,Male,Serious,3,2021,December,3:07
Tamil Nadu,Bus,Foggy,Dry,Urban,Evening,49.5,77.59,Not Applicable,Yes,Yes,Yes,32.4,Yes,Male,Serious,13,2020,September,17:34
Tamil Nadu,Bus,Clear,Wet,Urban,Afternoon,60.6,82.51,Not Applicable,No,No,No,10.1,Yes,Male,Serious,11,2023,September,15:07
Rajasthan,Bike,Clear,Damaged,Urban,Morning,61.4,96.02,Yes,Not Applicable,No,No,23.6,Yes,Male,Serious,2,2021,March,5:04
Karnataka,Bike,Rainy,Dry,Rural,Evening,67.4,91.62,No,Not Applicable,Yes,No,15.6,Yes,Female,Serious,0,2023,September,20:39
Uttar Pradesh,Car,Clear,Wet,Urban,Morning,66.5,93.15,Not Applicable,Yes,Yes,No,22.4,Yes,Female,Serious,6,2020,August,6:12
Tamil Nadu,Bike,Clear,Dry,Rural,Morning,73.3,110.92,No,Not Applicable,Yes,Yes,13.6,Yes,Male,Serious,0,2020,December,11:01
Maharashtra,Truck,Clear,Wet,Urban,Evening,41.9,64.27,Not Applicable,Yes,Yes,No,20.3,Yes,Male,Serious,3,2023,July,18:54
Gujarat,Bike,Rainy,Dry,Urban,Night,53,75.37,Yes,Not Applicable,Yes,No,27.2,Yes,Male,Serious,2,2020,September,0:45
Uttar Pradesh,Truck,Clear,Damaged,Urban,Afternoon,65.1,90.35,Not Applicable,No,Yes,No,19,Yes,Male,Serious,6,2021,April,13:51
Maharashtra,Car,Rainy,Wet,Highway,Morning,74.8,109.16,Not Applicable,Yes,No,Yes,24.1,Yes,Female,Serious,4,2019,March,6:06
Gujarat,Truck,Rainy,Dry,Urban,Afternoon,59.5,80.31,Not Applicable,Yes,Yes,No,12.7,Yes,Male,Serious,2,2019,October,16:50
Karnataka,Car,Clear,Wet,Urban,Night,59.2,92.37,Not Applicable,Yes,No,No,23.3,No,Male,Serious,3,2024,May,1:46
Gujarat,Bike,Clear,Wet,Urban,Evening,60.3,95.67,Yes,Not Applicable,No,Yes,18.2,Yes,Female,Serious,2,2024,November,18:25
Tamil Nadu,Bus,Clear,Wet,Urban,Morning,63,100.72,Not Applicable,Yes,No,Yes,16.4,Yes,Male,Serious,10,2023,June,8:30
Karnataka,Car,Clear,Wet,Rural,Evening,73,100.28,Not Applicable,Yes,No,No,10.8,Yes,Female,Serious,3,2021,February,18:38
Uttar Pradesh,Truck,Foggy,Damaged,Rural,Night,53.1,74.63,Not Applicable,Yes,No,Yes,31.3,Yes,Male,Serious,4,2020,December,22:08
Maharashtra,Bike,Clear,Wet,Urban,Night,56.8,86.16,Yes,Not Applicable,No,No,25.3,Yes,Female,Serious,2,2020,November,0:48
Tamil Nadu,Car,Clear,Wet,Rural,Evening,52.4,83.47,Not Applicable,No,No,No,17.5,Yes,Female,Serious,2,2021,January,20:50
Gujarat,Bus,Clear,Wet,Rural,Afternoon,73.4,115.97,Not Applicable,Yes,No,No,21.4,Yes,Male,Serious,12,2024,February,15:50
Karnataka,Truck,Clear,Wet,Urban,Night,63.4,100.5,Not Applicable,Yes,No,No,22,Yes,Male,Serious,3,2021,July,23:06
Gujarat,Bike,Clear,Damaged,Urban,Night,54.6,82.37,No,Not Applicable,No,No,16.7,Yes,Female,Serious,0,2024,August,21:00
Rajasthan,Truck,Rainy,Dry,Rural,Afternoon,52.1,68.99,Not Applicable,No,No,Yes,34.8,Yes,Male,Serious,2,2019,December,16:10
Tamil Nadu,Car,Foggy,Damaged,Rural,Afternoon,77.8,111.68,Not Applicable,Yes,Yes,No,14.2,Expired,Female,Serious,6,2024,November,13:06
Rajasthan,Truck,Clear,Wet,Urban,Afternoon,62.5,84.27,Not Applicable,Yes,No,Yes,11.6,Yes,Male,Serious,2,2021,July,13:56
Karnataka,Car,Rainy,Dry,Rural,Night,75.1,109.05,Not Applicable,Yes,No,No,32.6,Expired,Female,Serious,2,2020,February,23:59
Maharashtra,Bus,Clear,Damaged,Urban,Night,53.4,79.63,Not Applicable,Yes,No,Yes,26,Expired,Male,Serious,10,2022,November,1:24
Tamil Nadu,Bike,Clear,Wet,Urban,Morning,68.9,94.76,No,Not Applicable,No,No,16.2,Yes,Female,Serious,2,2019,January,11:07
Uttar Pradesh,Bike,Rainy,Wet,Urban,Morning,39.1,57.9,Yes,Not Applicable,No,Yes,19.3,Yes,Female,Serious,0,2019,December,4:16
Maharashtra,Car,Clear,Damaged,Rural,Night,77.4,101.37,Not Applicable,Yes,No,Yes,20.3,Yes,Male,Serious,4,2023,May,23:52
Gujarat,Car,Foggy,Wet,Rural,Morning,77.1,116.32,Not Applicable,Yes,No,No,33.6,Yes,Male,Serious,2,2024,December,11:53
Maharashtra,Bike,Clear,Wet,Urban,Evening,58.7,81.73,Yes,Not Applicable,No,No,27,Yes,Female,Serious,0,2022,July,17:55
Maharashtra,Bike,Clear,Wet,Urban,Morning,71.4,97.89,Yes,Not Applicable,No,No,34.6,No,Female,Serious,3,2021,July,4:05
Rajasthan,Bike,Clear,Damaged,Highway,Morning,87.4,116.2,Yes,Not Applicable,No,Yes,34.4,No,Female,Serious,0,2024,August,4:53
Tamil Nadu,Bike,Clear,Wet,Urban,Night,53.3,70.77,Yes,Not Applicable,No,No,32.5,Yes,Female,Serious,0,2022,May,0:24
Maharashtra,Bike,Foggy,Wet,Rural,Evening,57.2,81.31,Yes,Not Applicable,No,Yes,24.7,Yes,Female,Serious,0,2024,January,18:00
Karnataka,Truck,Rainy,Wet,Urban,Morning,46.7,61.13,Not Applicable,Yes,No,No,14.6,No,Male,Serious,3,2019,February,9:54
Tamil Nadu,Car,Clear,Wet,Urban,Morning,52.6,79.55,Not Applicable,No,No,No,14.7,Expired,Female,Serious,5,2024,September,7:34
Gujarat,Car,Clear,Dry,Rural,Morning,71.4,99.25,Not Applicable,Yes,Yes,No,29.6,No,Female,Serious,3,2022,November,8:12
Karnataka,Car,Clear,Damaged,Rural,Morning,72.9,111.58,Not Applicable,Yes,No,No,18.9,No,Female,Serious,4,2020,October,11:12
Rajasthan,Truck,Foggy,Wet,Urban,Morning,63.7,99.18,Not Applicable,Yes,No,No,16.5,Yes,Male,Serious,4,2021,February,5:21
Uttar Pradesh,Truck,Rainy,Damaged,Rural,Afternoon,61.5,87.94,Not Applicable,Yes,Yes,No,28.1,Yes,Male,Serious,6,2021,June,13:45
Rajasthan,Bike,Clear,Dry,Urban,Night,76.2,113.83,Yes,Not Applicable,No,Yes,26.7,No,Male,Serious,2,2020,April,2:40
Karnataka,Car,Rainy,Wet,Rural,Morning,55.6,84.39,Not Applicable,Yes,Yes,No,23.7,Yes,Female,Serious,5,2020,August,7:55
Gujarat,Truck,Clear,Wet,Rural,Evening,73.8,103.17,Not Applicable,Yes,No,Yes,33.1,Yes,Male,Serious,2,2020,December,19:44
Maharashtra,Bus,Rainy,Wet,Rural,Afternoon,70.7,109.87,Not Applicable,Yes,Yes,No,13.2,Yes,Male,Serious,17,2021,August,13:04
Rajasthan,Car,Clear,Wet,Urban,Afternoon,69,98.08,Not Applicable,Yes,No,Yes,17,Expired,Female,Serious,3,2021,April,16:41
Rajasthan,Bike,Rainy,Dry,Urban,Morning,55.3,84.97,Yes,Not Applicable,Yes,No,12.2,Yes,Female,Serious,2,2023,February,9:54
Maharashtra,Bike,Rainy,Damaged,Urban,Evening,63.8,101.51,Yes,Not Applicable,No,No,32.8,Yes,Female,Serious,0,2021,March,17:22
Uttar Pradesh,Car,Clear,Dry,Urban,Afternoon,52.1,82.79,Not Applicable,Yes,Yes,Yes,25.2,Yes,Female,Serious,5,2019,September,16:42
Maharashtra,Bus,Clear,Dry,Urban,Night,76,118.14,Not Applicable,Yes,No,Yes,22.7,Yes,Male,Serious,9,2022,March,0:12
Rajasthan,Bike,Clear,Wet,Urban,Night,63.3,92.65,Yes,Not Applicable,Yes,No,18.8,Yes,Female,Serious,3,2023,February,1:21
Rajasthan,Car,Clear,Dry,Rural,Morning,77.8,104.59,Not Applicable,Yes,Yes,No,24.6,Yes,Female,Serious,3,2019,July,11:37
Maharashtra,Car,Foggy,Damaged,Highway,Afternoon,73.6,111.05,Not Applicable,Yes,No,No,22.6,No,Male,Serious,5,2022,February,15:33
Gujarat,Bike,Clear,Damaged,Rural,Night,82,115.78,Yes,Not Applicable,Yes,No,19.3,Expired,Male,Serious,4,2023,July,23:49
Gujarat,Truck,Clear,Wet,Urban,Afternoon,57.6,75.6,Not Applicable,Yes,Yes,No,30.7,Yes,Male,Serious,6,2024,May,13:06
Uttar Pradesh,Truck,Clear,Dry,Rural,Evening,82,118.21,Not Applicable,Yes,Yes,No,26.1,No,Male,Serious,7,2020,July,20:54
Maharashtra,Bike,Rainy,Damaged,Highway,Morning,70.8,92.23,No,Not Applicable,No,Yes,14.6,Yes,Male,Serious,0,2019,July,6:26
Maharashtra,Car,Clear,Wet,Urban,Morning,50.1,71.28,Not Applicable,Yes,Yes,No,26.3,Yes,Male,Serious,6,2024,June,7:12
Rajasthan,Bus,Clear,Damaged,Urban,Night,43.8,66.37,Not Applicable,Yes,Yes,No,18,Yes,Male,Serious,16,2021,December,2:00
Gujarat,Bus,Foggy,Dry,Urban,Morning,41.2,53.65,Not Applicable,Yes,Yes,No,28.5,Yes,Male,Serious,13,2019,March,6:06
Uttar Pradesh,Car,Clear,Dry,Highway,Morning,75.7,105.08,Not Applicable,No,No,No,33.8,Yes,Male,Serious,1,2020,December,9:11
Karnataka,Car,Foggy,Dry,Urban,Night,58.3,79.79,Not Applicable,Yes,No,Yes,22.6,Expired,Female,Serious,3,2022,October,3:25
Uttar Pradesh,Car,Rainy,Dry,Rural,Afternoon,73.8,110.8,Not Applicable,Yes,Yes,Yes,25.5,Yes,Male,Serious,5,2024,February,13:42
Uttar Pradesh,Truck,Foggy,Damaged,Rural,Afternoon,66.3,100.9,Not Applicable,Yes,Yes,No,12.2,Yes,Male,Serious,5,2021,July,15:42
Maharashtra,Bike,Rainy,Damaged,Urban,Night,39.7,52.65,No,Not Applicable,No,No,11.7,Yes,Female,Serious,0,2019,August,3:47
Karnataka,Truck,Foggy,Damaged,Highway,Night,83.6,112.65,Not Applicable,Yes,No,No,17.3,Expired,Male,Serious,3,2021,June,0:30
Rajasthan,Car,Rainy,Damaged,Urban,Night,45,64.62,Not Applicable,No,No,No,22.8,Yes,Male,Serious,4,2020,November,1:07
Tamil Nadu,Bike,Clear,Damaged,Urban,Morning,43,58.92,No,Not Applicable,No,Yes,17.5,Yes,Female,Serious,2,2023,December,9:41
Tamil Nadu,Bike,Foggy,Wet,Highway,Morning,74.5,103.22,Yes,Not Applicable,No,Yes,26.7,Yes,Male,Serious,2,2020,March,11:06
Tamil Nadu,Bike,Clear,Damaged,Rural,Night,69.1,93.79,Yes,Not Applicable,Yes,No,16,Yes,Male,Serious,3,2019,July,23:31
Rajasthan,Truck,Clear,Dry,Urban,Night,51.5,72.43,Not Applicable,Yes,Yes,No,10.5,Expired,Male,Serious,6,2024,September,23:11
Karnataka,Bike,Clear,Damaged,Urban,Morning,60.6,81.99,Yes,Not Applicable,No,Yes,32.2,Yes,Female,Serious,2,2024,May,6:58
Gujarat,Truck,Clear,Dry,Urban,Morning,65.3,95.73,Not Applicable,Yes,Yes,Yes,21.3,No,Male,Serious,7,2020,August,9:29
Rajasthan,Truck,Clear,Damaged,Rural,Morning,61.6,86.61,Not Applicable,Yes,No,No,19.9,Yes,Male,Serious,3,2020,August,4:35
Gujarat,Truck,Foggy,Damaged,Highway,Morning,74.6,114.95,Not Applicable,Yes,Yes,No,14,Yes,Male,Serious,6,2021,April,6:48
Maharashtra,Bus,Rainy,Wet,Urban,Evening,60.2,95.06,Not Applicable,Yes,Yes,No,15.5,Yes,Male,Serious,17,2020,February,17:13
Rajasthan,Car,Clear,Dry,Urban,Night,75.5,119.8,Not Applicable,Yes,No,No,19.7,Yes,Female,Serious,1,2019,December,0:24
Rajasthan,Bike,Clear,Damaged,Highway,Afternoon,86.8,115.18,Yes,Not Applicable,Yes,No,18,No,Female,Serious,0,2023,November,13:54
Gujarat,Car,Foggy,Damaged,Urban,Evening,52.8,78.46,Not Applicable,Yes,Yes,Yes,17.1,Yes,Female,Serious,5,2023,December,20:50
Rajasthan,Bike,Foggy,Dry,Urban,Night,54.5,74.98,No,Not Applicable,No,No,20,Yes,Female,Serious,0,2020,April,21:16
Maharashtra,Bus,Clear,Wet,Urban,Morning,55,83.33,Not Applicable,Yes,No,Yes,31.5,Yes,Male,Serious,8,2021,March,6:08
Maharashtra,Car,Foggy,Damaged,Urban,Morning,38.3,54.8,Not Applicable,Yes,No,Yes,14,Expired,Female,Serious,5,2021,December,6:12
Maharashtra,Bike,Rainy,Dry,Urban,Night,69.2,109.27,Yes,Not Applicable,Yes,No,16.6,Yes,Female,Serious,2,2023,May,1:57
Uttar Pradesh,Bike,Clear,Wet,Rural,Night,66,87.5,Yes,Not Applicable,No,No,14.6,No,Female,Serious,0,2022,September,1:23
Karnataka,Car,Clear,Damaged,Urban,Morning,60.7,93.99,Not Applicable,Yes,Yes,Yes,13.2,Yes,Female,Serious,6,2022,December,11:22
Gujarat,Car,Clear,Dry,Urban,Night,43.4,57.34,Not Applicable,Yes,Yes,No,21.7,No,Male,Serious,3,2019,December,23:33
Uttar Pradesh,Truck,Clear,Damaged,Urban,Morning,60.5,85.82,Not Applicable,Yes,Yes,Yes,28.9,Yes,Male,Serious,6,2022,September,10:11
Uttar Pradesh,Car,Clear,Damaged,Highway,Morning,81.9,114.65,Not Applicable,Yes,No,Yes,16.4,Expired,Female,Serious,3,2021,August,9:22
Karnataka,Car,Rainy,Wet,Rural,Afternoon,65.1,98.48,Not Applicable,Yes,No,No,26.6,Yes,Male,Serious,4,2021,May,16:53
Rajasthan,Truck,Clear,Wet,Urban,Afternoon,71.4,109.67,Not Applicable,Yes,No,Yes,19.8,Expired,Male,Serious,5,2019,June,12:59
Gujarat,Car,Rainy,Damaged,Highway,Night,82.4,116.61,Not Applicable,Yes,No,Yes,13.3,Yes,Female,Serious,4,2021,July,23:38
Rajasthan,Truck,Rainy,Dry,Highway,Afternoon,70.6,111.61,Not Applicable,Yes,Yes,No,18.1,No,Male,Serious,7,2019,January,16:09
Gujarat,Truck,Clear,Wet,Urban,Morning,63.6,87.23,Not Applicable,Yes,Yes,Yes,24.5,Yes,Male,Serious,5,2024,November,10:31
Maharashtra,Car,Clear,Wet,Rural,Morning,68.2,101.16,Not Applicable,Yes,Yes,No,26.3,Yes,Male,Serious,3,2020,December,9:45
Tamil Nadu,Truck,Foggy,Damaged,Urban,Evening,58.8,81.97,Not Applicable,Yes,No,No,14.6,Yes,Male,Serious,3,2024,February,18:24
Uttar Pradesh,Bike,Rainy,Dry,Highway,Morning,70.9,97.43,No,Not Applicable,No,No,33.6,Yes,Male,Serious,0,2020,January,10:58
Tamil Nadu,Bike,Rainy,Dry,Rural,Evening,59.2,89.55,Yes,Not Applicable,Yes,Yes,30.4,Yes,Male,Serious,0,2019,April,20:37
Karnataka,Bus,Foggy,Damaged,Urban,Night,63.8,89.35,Not Applicable,Yes,No,No,34.6,Yes,Male,Serious,11,2024,November,1:21
Maharashtra,Bike,Clear,Dry,Urban,Night,59.4,86.71,Yes,Not Applicable,No,No,20.8,No,Female,Serious,2,2023,March,3:20
Rajasthan,Bike,Rainy,Wet,Rural,Evening,65.3,94.8,Yes,Not Applicable,No,Yes,15.7,Expired,Female,Serious,3,2023,June,17:48
Gujarat,Truck,Rainy,Damaged,Rural,Night,77.3,101.19,Not Applicable,Yes,Yes,Yes,21,No,Male,Fatal,4,2023,August,22:41
Gujarat,Bus,Clear,Wet,Highway,Evening,98.2,153.71,Not Applicable,No,No,No,28.5,No,Male,Fatal,30,2022,January,19:08
Tamil Nadu,Bike,Rainy,Wet,Urban,Afternoon,65.1,101.38,No,Not Applicable,Yes,No,33.1,Yes,Male,Fatal,5,2024,August,16:37
Tamil Nadu,Bike,Rainy,Damaged,Rural,Morning,51.7,71.24,No,Not Applicable,Yes,Yes,33.3,Yes,Male,Fatal,3,2024,August,9:40
Rajasthan,Car,Clear,Wet,Highway,Evening,84.8,111.36,Not Applicable,No,Yes,No,29.5,Yes,Male,Fatal,6,2024,December,19:39
Gujarat,Truck,Rainy,Wet,Highway,Morning,81.2,109.51,Not Applicable,Yes,Yes,Yes,24.8,Yes,Male,Fatal,3,2020,March,11:50
Rajasthan,Truck,Clear,Dry,Highway,Afternoon,96.6,150.02,Not Applicable,No,Yes,Yes,13.1,Expired,Male,Fatal,4,2022,July,12:31
Karnataka,Bike,Clear,Damaged,Highway,Morning,82.1,125.99,Yes,Not Applicable,Yes,No,34.7,Yes,Female,Fatal,3,2022,August,10:23
Maharashtra,Truck,Clear,Wet,Urban,Evening,72.8,99.38,Not Applicable,Yes,Yes,Yes,28.7,Expired,Male,Fatal,6,2020,May,18:41
Tamil Nadu,Bike,Clear,Wet,Highway,Morning,86.8,135.88,No,Not Applicable,Yes,No,29.3,Expired,Female,Fatal,4,2020,September,8:42
Maharashtra,Car,Rainy,Wet,Highway,Night,94.3,146.23,Not Applicable,No,Yes,Yes,25.1,Yes,Male,Fatal,6,2020,May,0:21
Maharashtra,Bike,Rainy,Wet,Urban,Morning,61.7,96.11,Yes,Not Applicable,Yes,No,13.3,No,Female,Fatal,4,2023,January,7:28
Uttar Pradesh,Car,Clear,Dry,Highway,Night,98.1,130.96,Not Applicable,No,No,No,13.1,Yes,Male,Fatal,2,2020,November,22:02
Tamil Nadu,Car,Clear,Wet,Highway,Night,100.2,148.05,Not Applicable,Yes,No,No,15.7,Yes,Male,Fatal,4,2020,September,0:41
Rajasthan,Car,Rainy,Damaged,Urban,Night,44.4,58.93,Not Applicable,No,Yes,Yes,12.3,No,Male,Fatal,4,2022,April,1:07
Gujarat,Truck,Rainy,Dry,Highway,Afternoon,96.4,137.43,Not Applicable,No,Yes,Yes,31.8,Yes,Male,Fatal,3,2024,December,15:40
Maharashtra,Bike,Foggy,Wet,Highway,Night,108.6,147.08,No,Not Applicable,Yes,No,27.1,Yes,Male,Fatal,3,2022,August,2:43
Gujarat,Truck,Foggy,Wet,Urban,Night,63.8,87.51,Not Applicable,Yes,Yes,No,15.3,No,Male,Fatal,4,2021,January,3:26
Karnataka,Car,Foggy,Wet,Highway,Evening,98.7,143.06,Not Applicable,Yes,No,No,28.7,Yes,Female,Fatal,4,2021,September,20:52
Maharashtra,Car,Clear,Wet,Highway,Morning,80.3,124.29,Not Applicable,Yes,No,No,31.9,No,Male,Fatal,4,2020,February,5:20
Karnataka,Car,Foggy,Damaged,Highway,Night,78.6,112.62,Not Applicable,Yes,Yes,No,24.3,No,Female,Fatal,9,2023,June,0:13
Rajasthan,Bike,Foggy,Wet,Rural,Morning,77.4,102.14,Yes,Not Applicable,Yes,No,15.5,No,Female,Fatal,4,2024,June,9:35
Tamil Nadu,Car,Clear,Wet,Rural,Evening,78.7,123.32,Not Applicable,Yes,Yes,No,21.7,Expired,Male,Fatal,10,2019,August,19:33
Gujarat,Bike,Rainy,Wet,Urban,Night,50.4,68.48,Yes,Not Applicable,Yes,Yes,16.4,Yes,Male,Fatal,5,2022,October,3:37
Rajasthan,Car,Rainy,Damaged,Urban,Morning,65.4,89.38,Not Applicable,Yes,Yes,No,29.3,No,Female,Fatal,8,2022,October,7:06
Rajasthan,Car,Clear,Damaged,Urban,Afternoon,43.2,61.33,Not Applicable,Yes,Yes,Yes,31.2,No,Female,Fatal,4,2019,July,15:43
Maharashtra,Bike,Clear,Damaged,Highway,Night,113.4,171.81,No,Not Applicable,No,No,30.8,Expired,Female,Fatal,3,2022,December,1:13
Rajasthan,Truck,Clear,Damaged,Highway,Night,84.2,133.81,Not Applicable,No,Yes,No,34.2,No,Male,Fatal,7,2024,February,1:07
Tamil Nadu,Bike,Foggy,Damaged,Highway,Night,107.7,140.23,Yes,Not Applicable,Yes,Yes,31.4,No,Female,Fatal,4,2021,December,22:46
Rajasthan,Bike,Rainy,Wet,Highway,Afternoon,89.4,142.15,Yes,Not Applicable,No,No,34,No,Female,Fatal,4,2019,June,13:05
Gujarat,Car,Clear,Damaged,Urban,Evening,71,111.34,Not Applicable,Yes,Yes,Yes,30.4,No,Male,Fatal,9,2020,November,20:32
Tamil Nadu,Bus,Foggy,Wet,Highway,Night,108.1,160.14,Not Applicable,Yes,Yes,No,21.1,Yes,Male,Fatal,27,2021,September,3:03
Uttar Pradesh,Bus,Rainy,Damaged,Highway,Afternoon,102.2,150.47,Not Applicable,Yes,No,Yes,25.4,Yes,Male,Fatal,19,2024,February,12:20
Karnataka,Bike,Clear,Damaged,Urban,Night,61.3,86.48,No,Not Applicable,Yes,No,21.7,No,Female,Fatal,7,2022,November,21:07
Maharashtra,Bike,Clear,Wet,Highway,Evening,114.3,165.83,No,Not Applicable,Yes,Yes,30.3,Yes,Female,Fatal,5,2021,October,19:36
Tamil Nadu,Truck,Rainy,Wet,Rural,Night,56.4,84.77,Not Applicable,No,Yes,No,29.5,Yes,Male,Fatal,3,2020,April,21:10
Tamil Nadu,Bus,Clear,Dry,Highway,Evening,103.4,144.11,Not Applicable,Yes,Yes,Yes,14.1,Yes,Male,Fatal,12,2020,September,17:35
Karnataka,Bike,Clear,Damaged,Highway,Night,109.9,163.14,Yes,Not Applicable,No,No,18.7,Yes,Male,Fatal,2,2024,December,23:19
Maharashtra,Bike,Clear,Damaged,Highway,Evening,91.3,120.99,Yes,Not Applicable,No,Yes,31.3,Yes,Female,Fatal,2,2024,August,20:27
Gujarat,Truck,Rainy,Wet,Urban,Night,38.3,56.26,Not Applicable,Yes,No,No,30.6,No,Male,Fatal,3,2021,February,22:06
Maharashtra,Bike,Foggy,Wet,Highway,Afternoon,102.2,147.62,Yes,Not Applicable,No,No,28.1,Yes,Female,Fatal,2,2019,August,14:03
Gujarat,Car,Rainy,Damaged,Urban,Morning,58.9,91.46,Not Applicable,Yes,Yes,Yes,27.7,Yes,Male,Fatal,7,2022,October,8:48
Rajasthan,Bus,Rainy,Damaged,Highway,Night,79.8,122.35,Not Applicable,Yes,No,Yes,18.1,Expired,Male,Fatal,14,2024,December,22:16
Gujarat,Bus,Rainy,Damaged,Highway,Night,84.9,130.45,Not Applicable,Yes,Yes,Yes,11.5,No,Male,Fatal,42,2019,November,22:30
Karnataka,Bus,Rainy,Wet,Highway,Afternoon,99.3,131.06,Not Applicable,Yes,No,No,22,Expired,Male,Fatal,19,2023,July,16:29
Gujarat,Bike,Rainy,Wet,Rural,Afternoon,74.1,115.1,No,Not Applicable,Yes,No,23.6,No,Female,Fatal,4,2019,March,15:04
Uttar Pradesh,Bike,Clear,Wet,Urban,Morning,63.8,97.58,Yes,Not Applicable,Yes,Yes,29.6,No,Male,Fatal,4,2023,March,9:57
Uttar Pradesh,Bus,Rainy,Wet,Rural,Evening,55.8,83.42,Not Applicable,No,Yes,No,20.2,No,Male,Fatal,34,2024,August,19:47
Uttar Pradesh,Car,Foggy,Damaged,Urban,Evening,39.7,54.64,Not Applicable,Yes,Yes,Yes,15.1,Expired,Male,Fatal,6,2020,November,17:17
Uttar Pradesh,Bus,Clear,Wet,Rural,Morning,59.9,80.4,Not Applicable,No,Yes,Yes,30.6,Expired,Male,Fatal,24,2024,June,10:08
Uttar Pradesh,Bike,Rainy,Damaged,Highway,Night,98.6,132.07,Yes,Not Applicable,Yes,No,28.7,Yes,Male,Fatal,3,2019,February,22:58
Tamil Nadu,Bike,Clear,Damaged,Urban,Night,73.6,104.97,Yes,Not Applicable,Yes,Yes,27.4,Yes,Female,Fatal,5,2022,December,0:08
Maharashtra,Car,Clear,Dry,Highway,Night,117.9,166.61,Not Applicable,No,No,No,31.5,Yes,Male,Fatal,1,2021,August,2:05
Karnataka,Bike,Clear,Wet,Rural,Night,52.2,77.73,Yes,Not Applicable,No,No,27.1,No,Female,Fatal,4,2020,February,23:41
Gujarat,Bus,Foggy,Wet,Rural,Afternoon,63.3,84.17,Not Applicable,No,Yes,Yes,25.4,No,Male,Fatal,47,2021,June,15:01
Uttar Pradesh,Bike,Clear,Wet,Highway,Night,101.7,156.57,Yes,Not Applicable,No,No,33.2,Expired,Female,Fatal,3,2020,May,22:33
Gujarat,Bike,Rainy,Damaged,Urban,Evening,65,86.21,No,Not Applicable,Yes,Yes,26.7,No,Male,Fatal,4,2022,August,17:13
Karnataka,Bike,Clear,Dry,Highway,Morning,100.9,161.37,Yes,Not Applicable,No,No,16.2,Yes,Male,Fatal,1,2021,February,10:54
Tamil Nadu,Car,Clear,Wet,Highway,Afternoon,91.5,133.27,Not Applicable,Yes,Yes,No,28.1,Expired,Female,Fatal,10,2024,September,13:16
Tamil Nadu,Bike,Foggy,Wet,Urban,Afternoon,50.3,73.71,Yes,Not Applicable,Yes,Yes,24.5,Yes,Female,Fatal,5,2021,July,15:52
Rajasthan,Car,Clear,Damaged,Highway,Afternoon,82.5,127.55,Not Applicable,Yes,No,Yes,13.8,Expired,Female,Fatal,5,2023,October,13:52
Gujarat,Bike,Rainy,Damaged,Urban,Evening,39.4,58.68,No,Not Applicable,Yes,No,13.8,No,Female,Fatal,7,2020,April,17:37
Maharashtra,Truck,Clear,Damaged,Highway,Evening,103.5,147.75,Not Applicable,No,No,No,16.4,Yes,Male,Fatal,3,2021,April,18:53
Karnataka,Car,Rainy,Damaged,Rural,Night,60.6,96.51,Not Applicable,No,Yes,Yes,16.4,Yes,Female,Fatal,7,2020,June,21:19
Uttar Pradesh,Car,Clear,Wet,Highway,Night,112.6,152.47,Not Applicable,Yes,Yes,No,22.2,Yes,Male,Fatal,9,2023,May,0:52
Tamil Nadu,Bus,Clear,Dry,Highway,Evening,103,149.84,Not Applicable,Yes,No,No,22.5,Yes,Male,Fatal,13,2022,December,18:20
Rajasthan,Bike,Rainy,Wet,Highway,Night,93.7,136.96,Yes,Not Applicable,No,Yes,26.4,Expired,Female,Fatal,4,2020,December,22:36
Uttar Pradesh,Bike,Rainy,Wet,Highway,Afternoon,93.6,133.92,No,Not Applicable,No,No,10.1,Yes,Female,Fatal,3,2023,June,15:57
Tamil Nadu,Truck,Rainy,Wet,Highway,Morning,99.5,145.93,Not Applicable,Yes,Yes,No,24.6,Expired,Male,Fatal,4,2020,July,6:09
Karnataka,Car,Clear,Wet,Urban,Morning,48.2,74.11,Not Applicable,Yes,Yes,Yes,15.5,Expired,Female,Fatal,7,2019,March,8:45
Karnataka,Bike,Rainy,Damaged,Highway,Evening,103.8,164.57,Yes,Not Applicable,No,No,11.2,Yes,Female,Fatal,2,2023,July,18:19
Tamil Nadu,Bike,Clear,Wet,Highway,Afternoon,109,167.43,Yes,Not Applicable,No,Yes,17.5,No,Male,Fatal,3,2021,December,12:20
Gujarat,Bike,Rainy,Wet,Rural,Afternoon,49.2,66.42,Yes,Not Applicable,Yes,No,26.6,Yes,Male,Fatal,5,2023,August,12:26
Maharashtra,Bus,Rainy,Wet,Highway,Evening,87.7,132.31,Not Applicable,Yes,No,Yes,23.5,Yes,Male,Fatal,24,2020,June,18:26
Tamil Nadu,Car,Rainy,Wet,Highway,Afternoon,88.4,132,Not Applicable,Yes,Yes,Yes,10.9,Yes,Female,Fatal,6,2022,November,15:54
Karnataka,Car,Foggy,Wet,Highway,Night,81.5,119.25,Not Applicable,No,Yes,Yes,29.6,Yes,Female,Fatal,3,2019,April,22:42
Rajasthan,Truck,Clear,Damaged,Urban,Night,53.6,84.47,Not Applicable,Yes,Yes,No,16.1,No,Male,Fatal,4,2022,September,23:51
Maharashtra,Bus,Clear,Wet,Rural,Evening,50.4,67.18,Not Applicable,Yes,Yes,Yes,28.4,Yes,Male,Fatal,35,2019,August,17:15
Rajasthan,Car,Clear,Damaged,Highway,Night,89.8,137.84,Not Applicable,Yes,No,Yes,31.6,Yes,Male,Fatal,5,2020,November,0:12
Karnataka,Bike,Clear,Damaged,Urban,Evening,61.5,83.99,Yes,Not Applicable,Yes,No,31.9,No,Female,Fatal,7,2020,April,20:01
Tamil Nadu,Bus,Rainy,Wet,Urban,Afternoon,39.6,54.81,Not Applicable,Yes,Yes,No,26,Yes,Male,Fatal,17,2024,June,16:58
Tamil Nadu,Bike,Clear,Wet,Urban,Night,46.8,65.29,No,Not Applicable,Yes,No,33.2,Yes,Female,Fatal,5,2023,September,1:46
Karnataka,Bike,Clear,Damaged,Rural,Night,83.8,128.87,Yes,Not Applicable,No,No,24.5,No,Male,Fatal,4,2020,September,23:35
Rajasthan,Car,Rainy,Dry,Highway,Afternoon,87.6,132.48,Not Applicable,Yes,Yes,No,10,No,Male,Fatal,3,2024,December,13:08
Rajasthan,Bus,Rainy,Wet,Highway,Evening,85.9,117.32,Not Applicable,Yes,Yes,Yes,19.6,No,Male,Fatal,18,2023,November,17:21
Gujarat,Bike,Foggy,Wet,Highway,Night,81.5,127.61,Yes,Not Applicable,No,No,21.6,Yes,Female,Fatal,3,2019,January,22:19
Uttar Pradesh,Car,Rainy,Dry,Highway,Night,78.1,102.23,Not Applicable,Yes,Yes,Yes,29.7,No,Female,Fatal,7,2021,May,23:42
Karnataka,Bike,Rainy,Damaged,Urban,Morning,54.9,73.45,No,Not Applicable,Yes,Yes,22,No,Male,Fatal,7,2021,December,10:28
Rajasthan,Car,Foggy,Wet,Urban,Morning,48.5,63.16,Not Applicable,No,No,Yes,12.5,Yes,Female,Fatal,6,2022,April,8:52
Maharashtra,Bike,Rainy,Wet,Urban,Night,67.4,89.77,Yes,Not Applicable,No,No,16.6,No,Female,Fatal,4,2021,November,1:45
Rajasthan,Bike,Clear,Wet,Urban,Night,47.5,74.2,Yes,Not Applicable,Yes,Yes,28.7,Yes,Female,Fatal,5,2021,March,1:43
Tamil Nadu,Truck,Rainy,Damaged,Rural,Night,54.6,73.72,Not Applicable,Yes,Yes,Yes,20.5,No,Male,Fatal,7,2020,October,1:14
Uttar Pradesh,Bike,Foggy,Dry,Rural,Morning,77,120.61,No,Not Applicable,No,No,17.6,Yes,Female,Fatal,1,2019,March,5:51
Tamil Nadu,Car,Rainy,Wet,Highway,Night,104.2,149.45,Not Applicable,No,No,No,28.7,No,Female,Fatal,3,2020,April,3:01
Rajasthan,Car,Foggy,Wet,Urban,Morning,65.1,90.05,Not Applicable,Yes,Yes,No,24.7,No,Male,Fatal,4,2024,March,9:16
Tamil Nadu,Car,Rainy,Wet,Highway,Night,99.5,142.72,Not Applicable,No,Yes,Yes,16.1,Yes,Male,Fatal,6,2021,October,1:53
Tamil Nadu,Bike,Rainy,Wet,Rural,Morning,75.5,120.63,No,Not Applicable,No,No,15.5,Expired,Female,Fatal,4,2021,December,9:44
Rajasthan,Bike,Rainy,Dry,Highway,Night,91.1,122.85,Yes,Not Applicable,No,No,13.2,Yes,Male,Fatal,1,2023,November,3:55
Gujarat,Truck,Foggy,Wet,Highway,Morning,99.2,136.56,Not Applicable,Yes,Yes,No,17.2,Expired,Male,Fatal,6,2021,June,6:02
Tamil Nadu,Truck,Foggy,Wet,Rural,Night,72,102.3,Not Applicable,No,No,No,31,Expired,Male,Fatal,4,2022,April,22:23
Rajasthan,Bike,Foggy,Wet,Urban,Evening,65.2,102.44,Yes,Not Applicable,Yes,Yes,13.7,No,Male,Fatal,7,2022,March,20:53
Rajasthan,Bus,Rainy,Damaged,Rural,Afternoon,55.4,83.65,Not Applicable,Yes,Yes,Yes,28,No,Male,Fatal,18,2021,July,13:00
Tamil Nadu,Car,Rainy,Dry,Highway,Night,100.9,135.53,Not Applicable,Yes,No,No,13.3,No,Male,Fatal,5,2022,September,3:53
Gujarat,Bike,Foggy,Dry,Urban,Night,63.4,96.67,No,Not Applicable,Yes,Yes,13.4,Yes,Female,Fatal,3,2019,June,22:26
Tamil Nadu,Bike,Rainy,Damaged,Urban,Evening,62.1,82.59,No,Not Applicable,Yes,No,30.1,Yes,Female,Fatal,5,2023,October,19:34
Karnataka,Bike,Rainy,Wet,Highway,Morning,89.8,123.19,No,Not Applicable,No,No,16,Expired,Female,Fatal,4,2020,December,10:40
Uttar Pradesh,Car,Foggy,Dry,Highway,Night,96.4,146.5,Not Applicable,No,Yes,No,18.7,No,Female,Fatal,8,2022,November,21:49
Rajasthan,Truck,Clear,Wet,Rural,Morning,75.3,118.62,Not Applicable,No,No,No,23.7,No,Male,Fatal,4,2019,August,6:02
Tamil Nadu,Bike,Foggy,Wet,Urban,Night,61.4,94.4,No,Not Applicable,Yes,Yes,20.1,No,Male,Fatal,7,2019,January,3:57
Uttar Pradesh,Truck,Clear,Dry,Highway,Evening,85.2,127.91,Not Applicable,Yes,No,No,19.5,No,Male,Fatal,3,2021,February,20:28
Karnataka,Bus,Rainy,Damaged,Urban,Morning,67.3,94.27,Not Applicable,Yes,Yes,No,32,No,Male,Fatal,42,2019,August,9:44
Rajasthan,Bike,Foggy,Dry,Urban,Night,45.5,61.04,No,Not Applicable,Yes,No,26.9,Yes,Male,Fatal,2,2020,August,3:48
Tamil Nadu,Car,Foggy,Damaged,Highway,Morning,99.9,133.46,Not Applicable,No,Yes,No,16.4,Yes,Male,Fatal,7,2023,December,7:58
Karnataka,Car,Rainy,Damaged,Highway,Afternoon,95.9,133.69,Not Applicable,No,Yes,No,16.6,No,Female,Fatal,4,2024,November,16:41
Tamil Nadu,Bike,Rainy,Wet,Highway,Evening,78.4,121.45,No,Not Applicable,Yes,No,26.5,Yes,Male,Fatal,5,2023,March,19:34
Uttar Pradesh,Bike,Rainy,Wet,Highway,Morning,82.9,127.7,Yes,Not Applicable,Yes,No,34.6,Yes,Female,Fatal,5,2021,November,10:46
Gujarat,Bus,Rainy,Wet,Highway,Morning,86.7,125.63,Not Applicable,Yes,Yes,No,19.5,Yes,Male,Fatal,37,2024,January,11:26
Rajasthan,Truck,Clear,Wet,Urban,Night,49.8,68.2,Not Applicable,No,Yes,Yes,21.4,No,Male,Fatal,4,2020,May,3:54
Tamil Nadu,Car,Rainy,Wet,Highway,Evening,98.1,134.23,Not Applicable,Yes,No,Yes,13.2,Yes,Female,Fatal,4,2023,April,19:07
Karnataka,Truck,Foggy,Damaged,Rural,Evening,75.8,110.05,Not Applicable,Yes,Yes,Yes,29.5,No,Male,Fatal,4,2019,February,18:01
Uttar Pradesh,Car,Clear,Damaged,Highway,Morning,99.6,130.03,Not Applicable,Yes,No,No,13.5,Yes,Female,Fatal,5,2024,July,7:16
Uttar Pradesh,Bike,Foggy,Damaged,Urban,Morning,47,64.38,No,Not Applicable,Yes,No,32.3,No,Male,Fatal,4,2021,June,5:28
Karnataka,Bike,Rainy,Wet,Highway,Afternoon,76.6,116.32,No,Not Applicable,No,No,17.2,No,Female,Fatal,4,2024,July,16:20
Maharashtra,Truck,Clear,Wet,Rural,Night,82.7,123.17,Not Applicable,Yes,Yes,No,13.9,Expired,Male,Fatal,6,2024,May,0:45
Rajasthan,Car,Rainy,Wet,Highway,Night,95.9,137,Not Applicable,Yes,No,Yes,17.7,No,Female,Fatal,4,2022,July,3:00
Tamil Nadu,Car,Rainy,Wet,Urban,Night,51,74.81,Not Applicable,No,Yes,No,12.2,No,Male,Fatal,4,2022,July,23:01
Rajasthan,Bike,Foggy,Wet,Urban,Morning,63.2,82.65,No,Not Applicable,Yes,No,31.4,No,Female,Fatal,4,2022,February,9:31
Gujarat,Car,Clear,Wet,Urban,Morning,72,101.24,Not Applicable,No,Yes,No,16.1,No,Female,Fatal,4,2023,January,4:16
Karnataka,Bus,Clear,Dry,Highway,Night,115.3,179.03,Not Applicable,Yes,No,No,24.5,Yes,Male,Fatal,9,2024,September,1:40
Maharashtra,Bike,Clear,Wet,Urban,Morning,73.6,114.69,Yes,Not Applicable,Yes,Yes,30.9,No,Male,Fatal,4,2024,August,9:26
Gujarat,Car,Foggy,Wet,Rural,Night,49.6,66.95,Not Applicable,No,Yes,No,26.8,Yes,Male,Fatal,9,2023,April,22:54
Maharashtra,Bike,Clear,Wet,Highway,Night,113,173.67,Yes,Not Applicable,No,No,12.4,Yes,Female,Fatal,2,2021,July,23:17
Gujarat,Bike,Foggy,Wet,Highway,Night,74.6,97.45,No,Not Applicable,No,No,21.5,Yes,Male,Fatal,3,2019,May,3:35
Rajasthan,Bike,Clear,Damaged,Rural,Morning,85,133.88,No,Not Applicable,No,No,21.5,Yes,Male,Fatal,2,2020,January,10:30
Gujarat,Car,Foggy,Dry,Highway,Morning,104.6,164.5,Not Applicable,No,No,Yes,28.2,Yes,Female,Fatal,3,2023,February,10:24
Karnataka,Car,Clear,Dry,Rural,Afternoon,60.5,87.17,Not Applicable,No,Yes,Yes,29.1,Yes,Female,Fatal,2,2024,May,13:30
Gujarat,Bike,Rainy,Wet,Urban,Evening,64.7,95.18,Yes,Not Applicable,Yes,Yes,19.6,Yes,Male,Fatal,5,2024,November,20:26
Tamil Nadu,Car,Foggy,Wet,Rural,Night,57.2,76,Not Applicable,No,No,No,33.4,Yes,Female,Fatal,4,2024,April,1:45
Maharashtra,Bike,Foggy,Wet,Highway,Night,91.9,130.13,Yes,Not Applicable,Yes,Yes,12.8,No,Female,Fatal,7,2023,August,23:01
Gujarat,Car,Clear,Dry,Highway,Night,110.3,153.79,Not Applicable,No,Yes,No,14.5,Yes,Male,Fatal,3,2020,January,0:28
Maharashtra,Car,Rainy,Damaged,Urban,Afternoon,62.6,97.28,Not Applicable,Yes,No,Yes,33.9,No,Male,Fatal,4,2024,March,12:06
Tamil Nadu,Truck,Clear,Dry,Highway,Morning,95.8,150.89,Not Applicable,Yes,Yes,No,19.4,No,Male,Fatal,4,2022,March,5:55
Tamil Nadu,Bus,Rainy,Damaged,Highway,Night,102.6,150.24,Not Applicable,Yes,No,No,31.4,No,Male,Fatal,23,2020,July,22:54
Tamil Nadu,Bike,Foggy,Wet,Highway,Night,83.4,109.14,No,Not Applicable,No,No,32.4,Yes,Male,Fatal,2,2021,April,22:42
Karnataka,Bike,Rainy,Wet,Highway,Evening,91.7,122.74,Yes,Not Applicable,No,Yes,16.3,Yes,Male,Fatal,3,2023,May,17:43
Tamil Nadu,Car,Clear,Dry,Highway,Morning,95.2,147.03,Not Applicable,Yes,No,No,24.3,No,Male,Fatal,3,2021,March,5:17
Gujarat,Bike,Clear,Wet,Highway,Morning,111.7,178.11,Yes,Not Applicable,Yes,No,13.7,Yes,Male,Fatal,5,2024,December,7:58
Maharashtra,Bike,Clear,Wet,Urban,Afternoon,55.4,72.54,No,Not Applicable,No,Yes,33.7,Yes,Female,Fatal,3,2023,February,13:08
Uttar Pradesh,Car,Clear,Wet,Highway,Night,110,147.07,Not Applicable,Yes,No,No,22.3,Yes,Female,Fatal,6,2022,June,2:01
Rajasthan,Bike,Foggy,Wet,Rural,Afternoon,54,77.72,Yes,Not Applicable,Yes,No,29.4,Expired,Female,Fatal,4,2020,July,12:41
Rajasthan,Truck,Clear,Dry,Urban,Night,49.4,69.15,Not Applicable,Yes,Yes,No,33.6,No,Male,Fatal,3,2022,May,0:15
Rajasthan,Bike,Rainy,Wet,Highway,Night,79.8,124.98,Yes,Not Applicable,Yes,No,26,No,Female,Fatal,7,2020,October,21:30
Karnataka,Bike,Foggy,Wet,Urban,Morning,58.6,81.96,Yes,Not Applicable,No,Yes,25.2,Expired,Male,Fatal,4,2023,April,8:07
Karnataka,Bus,Rainy,Wet,Urban,Afternoon,55.8,79.75,Not Applicable,Yes,Yes,Yes,30,Expired,Male,Fatal,41,2019,January,13:08
Rajasthan,Truck,Clear,Wet,Highway,Afternoon,90.3,123.43,Not Applicable,Yes,Yes,No,18.8,Yes,Male,Fatal,5,2021,March,14:35
Rajasthan,Bike,Clear,Wet,Urban,Night,43.9,67.35,No,Not Applicable,Yes,No,27.5,Yes,Male,Fatal,3,2024,April,21:38
Rajasthan,Car,Rainy,Damaged,Highway,Evening,75.4,120.26,Not Applicable,Yes,Yes,No,12.8,Yes,Female,Fatal,7,2019,November,20:35
Rajasthan,Bike,Rainy,Wet,Highway,Night,71.6,103.61,Yes,Not Applicable,Yes,No,26.4,No,Female,Fatal,4,2020,September,2:30
Gujarat,Car,Rainy,Wet,Rural,Morning,50.7,80.13,Not Applicable,No,Yes,No,26.3,Expired,Female,Fatal,10,2020,October,9:48
Karnataka,Car,Clear,Damaged,Urban,Night,65.5,97.25,Not Applicable,Yes,Yes,Yes,26.5,Expired,Male,Fatal,8,2023,March,23:41
Gujarat,Bus,Clear,Wet,Rural,Morning,84.6,132.82,Not Applicable,Yes,Yes,No,29.3,No,Male,Fatal,38,2023,June,9:50
Uttar Pradesh,Truck,Rainy,Wet,Urban,Evening,46.8,66.64,Not Applicable,Yes,Yes,Yes,29.7,Expired,Male,Fatal,4,2022,April,17:18
Gujarat,Bus,Foggy,Dry,Urban,Morning,42.5,60.91,Not Applicable,Yes,Yes,Yes,10.9,No,Male,Fatal,20,2023,December,5:41
Uttar Pradesh,Car,Rainy,Dry,Highway,Morning,95.2,127.6,Not Applicable,Yes,Yes,No,34.4,Expired,Female,Fatal,4,2023,March,4:52
Tamil Nadu,Bike,Rainy,Dry,Highway,Afternoon,103.5,135.39,Yes,Not Applicable,Yes,No,24.4,Yes,Male,Fatal,3,2020,April,13:25
Rajasthan,Car,Rainy,Damaged,Highway,Morning,90.5,135.63,Not Applicable,Yes,No,No,26.9,Yes,Female,Fatal,2,2019,January,5:56
Karnataka,Bus,Clear,Wet,Urban,Night,76.7,113.46,Not Applicable,No,Yes,No,24.4,No,Male,Fatal,29,2023,January,23:36
Maharashtra,Car,Rainy,Damaged,Urban,Night,53,77.98,Not Applicable,No,No,No,28.6,Yes,Male,Fatal,5,2019,June,1:53
Karnataka,Bike,Clear,Wet,Urban,Morning,68.5,96.61,No,Not Applicable,Yes,No,27.1,Yes,Male,Fatal,3,2023,April,6:59
Gujarat,Car,Clear,Wet,Highway,Evening,85.6,115.39,Not Applicable,Yes,Yes,Yes,20.7,No,Male,Fatal,7,2023,December,17:20
Gujarat,Bike,Clear,Wet,Urban,Afternoon,40.7,60.63,Yes,Not Applicable,Yes,No,32.2,No,Female,Fatal,4,2023,June,15:42
Maharashtra,Bus,Rainy,Damaged,Highway,Night,76.4,109.78,Not Applicable,Yes,Yes,Yes,23.3,Yes,Male,Fatal,19,2022,January,22:43
Uttar Pradesh,Truck,Rainy,Wet,Urban,Evening,43.6,69.23,Not Applicable,No,Yes,Yes,27.6,No,Male,Fatal,4,2023,September,17:25
Gujarat,Truck,Clear,Damaged,Rural,Night,79.8,127.17,Not Applicable,Yes,No,No,13.3,No,Male,Fatal,3,2023,December,0:42
Rajasthan,Truck,Clear,Dry,Urban,Evening,65.6,104.8,Not Applicable,No,Yes,No,25.8,Expired,Male,Fatal,3,2021,December,18:13
Tamil Nadu,Bike,Clear,Wet,Highway,Evening,83.4,124.27,No,Not Applicable,No,No,31.4,Yes,Female,Fatal,2,2019,August,19:10
Uttar Pradesh,Bike,Clear,Wet,Urban,Night,70.6,102.15,No,Not Applicable,Yes,Yes,22.7,No,Male,Fatal,4,2020,January,23:16
Uttar Pradesh,Car,Clear,Damaged,Highway,Evening,79.8,124.2,Not Applicable,Yes,Yes,Yes,34.6,Yes,Male,Fatal,3,2019,December,20:34
Uttar Pradesh,Truck,Foggy,Wet,Highway,Morning,70.5,111.74,Not Applicable,No,No,Yes,23.7,Yes,Male,Fatal,2,2024,February,7:29
Gujarat,Car,Rainy,Dry,Urban,Evening,42.7,63.25,Not Applicable,No,Yes,No,28.9,No,Female,Fatal,7,2024,June,17:46
Tamil Nadu,Car,Clear,Damaged,Urban,Evening,52.7,76.74,Not Applicable,Yes,Yes,Yes,34.2,No,Male,Fatal,7,2021,May,18:17
Tamil Nadu,Car,Clear,Dry,Highway,Afternoon,112.7,177.01,Not Applicable,No,No,Yes,16,No,Male,Fatal,2,2022,January,16:29
Uttar Pradesh,Bike,Foggy,Wet,Urban,Morning,57.7,80.58,No,Not Applicable,Yes,No,35,Yes,Male,Fatal,3,2022,January,7:17
Tamil Nadu,Truck,Rainy,Wet,Urban,Night,58.6,81.57,Not Applicable,Yes,No,No,19,No,Male,Fatal,4,2020,December,1:01
Gujarat,Truck,Clear,Wet,Highway,Morning,79.9,109.52,Not Applicable,Yes,Yes,Yes,10.8,Expired,Male,Fatal,6,2023,February,7:45
Tamil Nadu,Truck,Rainy,Damaged,Urban,Night,66,103.88,Not Applicable,Yes,Yes,No,14.3,No,Male,Fatal,4,2019,January,3:08
Rajasthan,Car,Clear,Wet,Rural,Night,80.2,125.28,Not Applicable,Yes,No,Yes,10.3,Yes,Female,Fatal,6,2022,August,22:47
Rajasthan,Bus,Clear,Damaged,Highway,Evening,93.3,123.93,Not Applicable,Yes,No,No,13,Yes,Male,Fatal,22,2019,November,19:38
Tamil Nadu,Bus,Rainy,Wet,Rural,Night,59.8,88.21,Not Applicable,Yes,No,No,17.6,No,Male,Fatal,25,2019,August,1:57
Tamil Nadu,Car,Rainy,Wet,Urban,Evening,62,90.98,Not Applicable,Yes,No,No,33.8,No,Male,Fatal,4,2020,May,20:59
Gujarat,Car,Clear,Damaged,Highway,Morning,111.7,145.94,Not Applicable,Yes,Yes,Yes,13.7,Yes,Male,Fatal,6,2020,May,4:07
Rajasthan,Car,Clear,Wet,Highway,Morning,110,144.12,Not Applicable,Yes,Yes,Yes,33.7,Expired,Male,Fatal,7,2019,September,11:41
Rajasthan,Car,Foggy,Wet,Urban,Night,40.1,62.87,Not Applicable,Yes,No,No,30.4,Expired,Female,Fatal,5,2019,March,3:09
Tamil Nadu,Bike,Clear,Wet,Urban,Morning,65.1,87.45,No,Not Applicable,Yes,Yes,14.5,Yes,Female,Fatal,5,2023,November,7:17
Gujarat,Bus,Foggy,Wet,Rural,Night,65.6,102.9,Not Applicable,Yes,Yes,No,30.2,No,Male,Fatal,18,2022,April,21:42
Tamil Nadu,Truck,Rainy,Wet,Highway,Morning,100,141.17,Not Applicable,Yes,Yes,Yes,13.1,Yes,Male,Fatal,5,2022,July,8:23
Karnataka,Bike,Rainy,Damaged,Urban,Afternoon,56,77.65,No,Not Applicable,Yes,No,15.2,Yes,Female,Fatal,5,2022,March,12:52
Karnataka,Car,Rainy,Wet,Urban,Afternoon,57.9,79.63,Not Applicable,No,No,No,34,No,Male,Fatal,3,2024,February,14:19
Gujarat,Bike,Clear,Wet,Urban,Afternoon,46.5,67.9,No,Not Applicable,No,No,18.1,No,Female,Fatal,3,2021,January,14:10
Tamil Nadu,Car,Clear,Damaged,Highway,Night,84.9,118.12,Not Applicable,Yes,Yes,No,28,No,Female,Fatal,8,2019,October,22:37
Maharashtra,Truck,Clear,Dry,Highway,Evening,103,158.17,Not Applicable,Yes,No,Yes,27.9,No,Male,Fatal,3,2024,November,18:17
Karnataka,Bike,Clear,Dry,Highway,Evening,85.4,120.62,Yes,Not Applicable,No,No,17.9,Yes,Female,Fatal,2,2020,July,17:45
Karnataka,Bike,Rainy,Damaged,Highway,Evening,97.7,144.32,Yes,Not Applicable,Yes,No,19.8,Yes,Female,Fatal,3,2020,June,20:54
Uttar Pradesh,Bike,Rainy,Wet,Urban,Night,55.7,84.78,No,Not Applicable,No,No,35,Expired,Female,Fatal,3,2020,October,23:42
Rajasthan,Car,Clear,Wet,Rural,Evening,71.5,103.83,Not Applicable,Yes,Yes,No,24.6,No,Female,Fatal,7,2024,July,17:29
Gujarat,Car,Clear,Wet,Urban,Evening,62.3,98.12,Not Applicable,No,Yes,No,32.8,No,Male,Fatal,7,2024,November,19:22
Rajasthan,Bike,Rainy,Wet,Urban,Night,45.1,68.51,No,Not Applicable,No,No,29.4,Yes,Male,Fatal,2,2019,December,22:45
Karnataka,Truck,Clear,Wet,Highway,Night,82,111.78,Not Applicable,Yes,Yes,Yes,18.3,Yes,Male,Fatal,3,2024,August,21:04
Rajasthan,Bike,Clear,Damaged,Rural,Morning,76,119.78,No,Not Applicable,Yes,Yes,31.8,Yes,Female,Fatal,3,2019,October,7:19
Uttar Pradesh,Car,Foggy,Wet,Urban,Night,68.9,95.52,Not Applicable,Yes,Yes,Yes,25.9,Yes,Female,Fatal,9,2020,April,21:24
Gujarat,Truck,Clear,Wet,Rural,Night,83.7,119.3,Not Applicable,Yes,Yes,Yes,34.1,No,Male,Fatal,4,2022,August,3:11
Karnataka,Truck,Foggy,Wet,Rural,Afternoon,71,99.82,Not Applicable,No,No,Yes,13.3,Yes,Male,Fatal,2,2022,December,12:35
Gujarat,Car,Clear,Wet,Highway,Morning,77.6,106.78,Not Applicable,No,Yes,Yes,21,No,Male,Fatal,12,2022,July,9:31
Uttar Pradesh,Bike,Clear,Damaged,Highway,Night,104.7,146.36,No,Not Applicable,No,No,29,Yes,Male,Fatal,3,2019,November,0:25
Maharashtra,Car,Clear,Damaged,Urban,Morning,59.2,79.87,Not Applicable,No,Yes,No,17.5,No,Female,Fatal,4,2021,May,5:04
Maharashtra,Car,Foggy,Damaged,Highway,Night,76.8,106.61,Not Applicable,Yes,Yes,No,28,No,Male,Fatal,7,2020,July,1:10
Tamil Nadu,Car,Clear,Wet,Highway,Night,82.2,129.15,Not Applicable,Yes,Yes,No,30.8,Expired,Female,Fatal,10,2020,June,1:08
Karnataka,Truck,Rainy,Wet,Urban,Afternoon,47,74.41,Not Applicable,Yes,No,Yes,11.7,No,Male,Fatal,3,2019,April,15:05
Maharashtra,Car,Foggy,Dry,Urban,Night,60,82.27,Not Applicable,Yes,Yes,Yes,30.2,Yes,Male,Fatal,2,2021,April,22:14
Rajasthan,Car,Clear,Wet,Highway,Night,108.5,163.26,Not Applicable,Yes,Yes,Yes,33,No,Male,Fatal,7,2023,July,22:35
Gujarat,Truck,Foggy,Wet,Highway,Afternoon,77.6,105.21,Not Applicable,No,No,Yes,13.4,Yes,Male,Fatal,3,2020,March,15:20
Karnataka,Car,Foggy,Damaged,Highway,Afternoon,91.2,125.79,Not Applicable,Yes,Yes,No,28,Yes,Female,Fatal,5,2020,February,12:28
Karnataka,Bike,Rainy,Wet,Urban,Evening,59.7,81.06,No,Not Applicable,No,Yes,22.5,Yes,Female,Fatal,2,2020,July,19:04
Gujarat,Bike,Rainy,Wet,Urban,Night,54.4,76.85,No,Not Applicable,Yes,Yes,30.9,Yes,Male,Fatal,3,2022,October,22:39
Maharashtra,Bike,Rainy,Wet,Urban,Evening,56.6,74.36,No,Not Applicable,Yes,No,30,Yes,Female,Fatal,5,2021,August,17:00
Maharashtra,Bike,Clear,Damaged,Urban,Evening,58,88.81,No,Not Applicable,Yes,Yes,21,Yes,Female,Fatal,5,2022,February,20:33
Uttar Pradesh,Car,Clear,Wet,Highway,Night,100.2,159.8,Not Applicable,No,No,No,18.2,Yes,Female,Fatal,4,2024,February,1:54
Gujarat,Bike,Rainy,Dry,Rural,Afternoon,57,89.63,No,Not Applicable,Yes,No,25.1,Expired,Female,Fatal,4,2019,March,12:18
Maharashtra,Car,Clear,Wet,Highway,Afternoon,88.4,122.55,Not Applicable,Yes,No,No,31.4,No,Female,Fatal,8,2022,February,13:41
Gujarat,Bike,Foggy,Wet,Urban,Evening,38.3,51.13,Yes,Not Applicable,Yes,No,15.8,No,Female,Fatal,4,2023,March,20:06
Rajasthan,Bike,Rainy,Damaged,Urban,Night,70.7,110.71,Yes,Not Applicable,Yes,No,22,No,Male,Fatal,7,2022,September,22:46
Karnataka,Truck,Rainy,Damaged,Rural,Night,69.1,93.59,Not Applicable,No,Yes,Yes,19.8,No,Male,Fatal,4,2019,March,0:20
Uttar Pradesh,Bus,Rainy,Damaged,Urban,Night,51.9,81.12,Not Applicable,No,No,No,21.3,No,Male,Fatal,15,2021,September,23:16
Uttar Pradesh,Truck,Foggy,Damaged,Highway,Night,108.2,171.89,Not Applicable,Yes,No,Yes,17,No,Male,Fatal,3,2023,May,3:19
Tamil Nadu,Car,Clear,Wet,Rural,Afternoon,76.4,118.65,Not Applicable,Yes,Yes,Yes,21.9,No,Male,Fatal,12,2024,September,15:47
Rajasthan,Bike,Rainy,Wet,Urban,Morning,44.6,64.43,Yes,Not Applicable,Yes,No,33.1,No,Female,Fatal,7,2022,December,8:15
Gujarat,Bike,Rainy,Damaged,Highway,Night,97.8,135.72,Yes,Not Applicable,No,No,20.3,Yes,Female,Fatal,3,2022,July,23:43
Rajasthan,Bike,Rainy,Dry,Urban,Afternoon,52.7,79.78,Yes,Not Applicable,Yes,Yes,30.9,No,Male,Fatal,3,2020,September,15:29
Maharashtra,Bike,Rainy,Wet,Urban,Afternoon,50,77.95,No,Not Applicable,Yes,No,26.3,Yes,Female,Fatal,3,2021,June,12:52
Gujarat,Bus,Clear,Wet,Urban,Evening,44.7,69.16,Not Applicable,Yes,No,Yes,25.8,No,Male,Fatal,29,2020,June,19:06
Karnataka,Car,Rainy,Wet,Highway,Night,80.3,114.66,Not Applicable,Yes,Yes,Yes,33.6,No,Male,Fatal,12,2022,October,1:25
Gujarat,Bike,Rainy,Wet,Rural,Night,53.7,82.74,Yes,Not Applicable,Yes,Yes,31.1,Yes,Male,Fatal,3,2024,October,2:35
Tamil Nadu,Truck,Rainy,Damaged,Rural,Evening,75.5,113.96,Not Applicable,Yes,No,Yes,30.1,No,Male,Fatal,3,2021,November,20:59
Karnataka,Car,Foggy,Wet,Highway,Night,73.9,112.57,Not Applicable,Yes,Yes,No,17.6,Yes,Male,Fatal,5,2019,February,23:28
Tamil Nadu,Car,Clear,Damaged,Highway,Evening,101.1,139.83,Not Applicable,Yes,No,No,33.4,Yes,Female,Fatal,2,2024,September,20:20
Rajasthan,Car,Clear,Wet,Highway,Afternoon,94.1,123.85,Not Applicable,Yes,Yes,No,14.4,Yes,Male,Fatal,6,2021,August,13:25
Uttar Pradesh,Bike,Foggy,Wet,Urban,Night,62.9,98.3,Yes,Not Applicable,No,No,32.3,Expired,Female,Fatal,3,2019,September,0:33
Maharashtra,Bike,Rainy,Wet,Rural,Night,64.7,102.86,Yes,Not Applicable,Yes,Yes,25.1,Yes,Female,Fatal,3,2019,August,3:10
Karnataka,Car,Foggy,Wet,Urban,Night,47.7,75.3,Not Applicable,Yes,No,No,13.3,No,Male,Fatal,5,2020,July,22:16
Uttar Pradesh,Car,Clear,Wet,Urban,Evening,53,82.67,Not Applicable,No,Yes,No,14.2,No,Male,Fatal,12,2020,June,19:23
Uttar Pradesh,Bike,Clear,Wet,Highway,Night,85.3,135.33,No,Not Applicable,No,No,18.5,Yes,Male,Fatal,3,2022,March,23:14
Uttar Pradesh,Bus,Clear,Wet,Highway,Morning,102.9,144.72,Not Applicable,No,No,No,31.8,No,Male,Fatal,22,2024,January,4:25
Gujarat,Bike,Rainy,Damaged,Urban,Morning,56.6,79.14,Yes,Not Applicable,Yes,Yes,26.1,No,Male,Fatal,4,2023,July,7:23
Tamil Nadu,Car,Rainy,Dry,Highway,Afternoon,84,126.37,Not Applicable,Yes,No,No,22.9,Yes,Female,Fatal,1,2019,November,13:18
Maharashtra,Bike,Rainy,Damaged,Highway,Morning,85,135.67,No,Not Applicable,No,Yes,19.2,No,Male,Fatal,4,2023,June,8:18
Uttar Pradesh,Bike,Clear,Wet,Highway,Night,92.9,131.99,Yes,Not Applicable,Yes,Yes,33.7,Expired,Female,Fatal,6,2024,March,23:57
Uttar Pradesh,Bike,Rainy,Wet,Urban,Night,48.2,62.8,No,Not Applicable,Yes,No,15.9,No,Female,Fatal,4,2021,January,0:13
Karnataka,Bike,Clear,Damaged,Highway,Night,92.7,139.03,Yes,Not Applicable,No,No,18.3,No,Female,Fatal,4,2022,April,23:24
Tamil Nadu,Truck,Foggy,Wet,Highway,Night,73.9,100.05,Not Applicable,Yes,Yes,Yes,32.7,No,Male,Fatal,4,2020,January,3:33
Rajasthan,Car,Foggy,Wet,Urban,Night,54.1,76.99,Not Applicable,Yes,Yes,No,24,No,Female,Fatal,7,2024,January,2:25
Maharashtra,Car,Clear,Wet,Rural,Morning,73.5,106.45,Not Applicable,No,Yes,Yes,18.6,No,Female,Fatal,8,2019,September,4:04
Maharashtra,Truck,Foggy,Damaged,Highway,Night,72.5,101.18,Not Applicable,No,No,No,11.9,No,Male,Fatal,4,2022,September,21:06
Gujarat,Truck,Foggy,Wet,Rural,Night,59.2,84.52,Not Applicable,Yes,Yes,No,12.8,Yes,Male,Fatal,3,2024,July,21:22
Tamil Nadu,Car,Clear,Damaged,Highway,Afternoon,75.1,107.06,Not Applicable,No,Yes,No,10.8,No,Male,Fatal,8,2020,January,16:02
Maharashtra,Car,Rainy,Damaged,Urban,Night,42.2,61.74,Not Applicable,Yes,No,Yes,30.6,No,Female,Fatal,3,2024,September,2:32
Karnataka,Car,Rainy,Wet,Urban,Afternoon,38.5,56.85,Not Applicable,Yes,No,Yes,29.8,Expired,Female,Fatal,5,2020,January,12:50
Tamil Nadu,Bus,Rainy,Dry,Highway,Night,75.7,111.32,Not Applicable,No,No,No,24.5,No,Male,Fatal,22,2020,July,21:19
Tamil Nadu,Car,Clear,Wet,Highway,Morning,89.1,140.72,Not Applicable,No,No,Yes,11.7,Expired,Male,Fatal,7,2024,November,5:02
Rajasthan,Bike,Rainy,Damaged,Highway,Morning,87.3,126.15,Yes,Not Applicable,No,Yes,20.7,Yes,Male,Fatal,2,2022,March,9:02
Maharashtra,Bike,Clear,Wet,Rural,Morning,77.4,102.08,No,Not Applicable,Yes,Yes,23.2,No,Male,Fatal,4,2023,January,8:07
Gujarat,Bike,Rainy,Damaged,Highway,Night,86,111.82,Yes,Not Applicable,No,No,32.3,No,Female,Fatal,4,2023,December,2:21
Maharashtra,Bike,Rainy,Damaged,Highway,Afternoon,81,120.5,No,Not Applicable,No,No,13.5,Yes,Female,Fatal,3,2019,September,13:34
Uttar Pradesh,Car,Rainy,Wet,Urban,Night,40.8,58.2,Not Applicable,Yes,Yes,Yes,13.9,Yes,Female,Fatal,6,2024,August,22:38
Gujarat,Bike,Clear,Damaged,Highway,Night,92.3,128.39,Yes,Not Applicable,No,No,16.5,Yes,Female,Fatal,2,2023,July,3:52
Karnataka,Car,Clear,Damaged,Urban,Afternoon,49.5,74.18,Not Applicable,No,Yes,No,23.8,No,Female,Fatal,7,2023,June,12:44
Karnataka,Bike,Rainy,Damaged,Rural,Night,69.7,91.7,No,Not Applicable,Yes,No,21.7,No,Male,Fatal,7,2022,January,22:07
Karnataka,Car,Rainy,Wet,Urban,Night,45.6,60.7,Not Applicable,Yes,No,No,29.6,No,Female,Fatal,4,2022,February,22:39
Rajasthan,Bike,Clear,Dry,Highway,Night,81,112.15,Yes,Not Applicable,Yes,Yes,29.2,No,Male,Fatal,4,2022,October,2:59
Tamil Nadu,Bike,Rainy,Wet,Urban,Night,57.1,86.61,No,Not Applicable,No,No,33.7,No,Male,Fatal,4,2023,July,22:38
Tamil Nadu,Car,Foggy,Damaged,Rural,Morning,55.2,78.76,Not Applicable,Yes,Yes,Yes,14.2,No,Female,Fatal,7,2021,December,5:00
Maharashtra,Bike,Clear,Dry,Highway,Night,104.6,167.09,No,Not Applicable,Yes,No,16,Yes,Female,Fatal,2,2022,December,0:00
Gujarat,Bike,Clear,Dry,Highway,Morning,108.2,146.79,No,Not Applicable,Yes,Yes,20.9,Yes,Female,Fatal,2,2023,February,9:23
Karnataka,Bike,Rainy,Dry,Highway,Morning,76.9,122.49,Yes,Not Applicable,No,Yes,11.5,Yes,Female,Fatal,2,2020,January,10:08
Gujarat,Car,Clear,Wet,Rural,Morning,82.8,123.53,Not Applicable,No,Yes,No,15.4,Yes,Female,Fatal,5,2022,April,8:05
Rajasthan,Car,Clear,Dry,Urban,Night,49.5,70.9,Not Applicable,No,Yes,No,27.3,Yes,Male,Fatal,2,2023,June,2:49
Karnataka,Truck,Foggy,Dry,Rural,Night,67.3,90.07,Not Applicable,No,Yes,Yes,32.6,Yes,Male,Fatal,3,2024,March,21:27
Uttar Pradesh,Bus,Rainy,Dry,Highway,Morning,84.6,112.53,Not Applicable,No,Yes,No,30.1,No,Male,Fatal,30,2021,December,9:00
Maharashtra,Car,Foggy,Damaged,Urban,Afternoon,66.6,86.94,Not Applicable,No,Yes,Yes,22.5,Yes,Female,Fatal,6,2021,June,14:51
Karnataka,Bike,Foggy,Wet,Urban,Night,63,99.21,Yes,Not Applicable,No,No,29.8,No,Male,Fatal,4,2019,March,22:11
Rajasthan,Truck,Foggy,Damaged,Highway,Night,103.1,150.61,Not Applicable,Yes,No,No,32.5,Yes,Male,Fatal,3,2022,December,1:29
Karnataka,Bike,Rainy,Dry,Highway,Evening,90.5,136.38,No,Not Applicable,No,Yes,22.6,Yes,Male,Fatal,1,2020,April,17:11
Karnataka,Car,Rainy,Damaged,Highway,Evening,102.9,153.96,Not Applicable,Yes,No,No,15.5,No,Male,Fatal,7,2022,October,18:15
Tamil Nadu,Bike,Rainy,Wet,Highway,Afternoon,99.6,131.15,Yes,Not Applicable,No,Yes,27.1,Yes,Male,Fatal,3,2024,October,14:45
Rajasthan,Truck,Clear,Damaged,Highway,Morning,93.2,134.75,Not Applicable,No,No,No,29.9,Yes,Male,Fatal,3,2021,March,4:08
Gujarat,Truck,Clear,Wet,Urban,Night,60.2,89.63,Not Applicable,No,No,No,28.9,Yes,Male,Fatal,2,2019,September,3:35
Karnataka,Car,Foggy,Wet,Urban,Afternoon,51.4,71.94,Not Applicable,Yes,No,Yes,29.2,No,Female,Fatal,5,2019,June,15:02
Gujarat,Car,Rainy,Wet,Urban,Night,61.7,83.07,Not Applicable,Yes,No,Yes,14.8,No,Female,Fatal,8,2021,June,3:05
Tamil Nadu,Car,Foggy,Wet,Rural,Morning,46.1,63.76,Not Applicable,Yes,Yes,No,12.8,No,Female,Fatal,7,2023,February,7:47
Maharashtra,Car,Rainy,Dry,Rural,Night,78.7,121.74,Not Applicable,No,Yes,Yes,24.4,No,Male,Fatal,3,2021,July,1:47
Gujarat,Bike,Clear,Damaged,Highway,Night,91.9,121.05,Yes,Not Applicable,Yes,No,22.1,Expired,Female,Fatal,4,2024,January,0:05
Karnataka,Bike,Foggy,Dry,Highway,Night,102.7,163.28,Yes,Not Applicable,No,No,14.6,Yes,Male,Fatal,1,2021,March,1:14
Tamil Nadu,Car,Rainy,Wet,Highway,Afternoon,105.2,145.17,Not Applicable,Yes,Yes,No,32.3,Yes,Male,Fatal,3,2021,March,15:06
Gujarat,Bus,Clear,Damaged,Urban,Night,55.4,82.79,Not Applicable,No,Yes,Yes,33.4,Yes,Male,Fatal,31,2021,January,2:00
Maharashtra,Bike,Clear,Wet,Highway,Evening,106.1,141.18,No,Not Applicable,Yes,Yes,11.1,Expired,Female,Fatal,4,2024,June,17:55
Gujarat,Bike,Rainy,Dry,Highway,Night,95.3,141.72,Yes,Not Applicable,No,Yes,14.4,Yes,Female,Fatal,1,2023,August,0:28
Karnataka,Bike,Foggy,Damaged,Rural,Night,67.3,97.88,Yes,Not Applicable,Yes,Yes,27.3,Yes,Male,Fatal,5,2020,January,0:55
Maharashtra,Bike,Clear,Damaged,Highway,Night,113.4,175.51,Yes,Not Applicable,No,Yes,20.2,Yes,Female,Fatal,2,2023,October,0:40
Rajasthan,Bike,Rainy,Wet,Urban,Morning,49,66.18,No,Not Applicable,No,No,17,No,Male,Fatal,4,2020,January,8:45
Tamil Nadu,Truck,Rainy,Dry,Rural,Night,58.8,76.76,Not Applicable,Yes,Yes,Yes,27.4,Yes,Male,Fatal,3,2021,September,23:18
Uttar Pradesh,Car,Clear,Damaged,Highway,Morning,93.1,144.5,Not Applicable,Yes,No,No,34.6,Yes,Female,Fatal,3,2022,August,8:34
Maharashtra,Bike,Foggy,Wet,Rural,Morning,68.1,93.18,No,Not Applicable,Yes,No,17.9,Yes,Female,Fatal,5,2024,November,10:56
Gujarat,Bike,Clear,Damaged,Highway,Night,89.1,122.8,Yes,Not Applicable,Yes,Yes,19.6,Yes,Male,Fatal,3,2023,September,22:49
Rajasthan,Car,Clear,Wet,Rural,Morning,61.4,90.52,Not Applicable,No,Yes,No,15.4,No,Male,Fatal,8,2024,September,11:09
Maharashtra,Bike,Rainy,Wet,Highway,Morning,82.1,126.44,No,Not Applicable,No,No,13.9,Yes,Female,Fatal,2,2024,April,6:27
Uttar Pradesh,Truck,Rainy,Wet,Urban,Morning,55.5,77.16,Not Applicable,Yes,Yes,No,31.3,Yes,Male,Fatal,5,2021,July,11:49
Tamil Nadu,Car,Clear,Damaged,Urban,Morning,41.4,55.33,Not Applicable,No,Yes,Yes,16,Expired,Male,Fatal,8,2020,April,11:08
Maharashtra,Car,Rainy,Dry,Highway,Morning,105.5,159.8,Not Applicable,Yes,Yes,No,16,No,Male,Fatal,8,2023,December,8:35
Uttar Pradesh,Car,Rainy,Wet,Highway,Morning,91.4,123.58,Not Applicable,Yes,No,No,31.9,Yes,Female,Fatal,3,2022,August,5:43
Gujarat,Bike,Clear,Damaged,Highway,Night,108.1,145.07,Yes,Not Applicable,No,No,29.1,Yes,Male,Fatal,3,2019,May,3:52
Karnataka,Truck,Rainy,Wet,Urban,Night,59,84.72,Not Applicable,Yes,Yes,Yes,11.4,Yes,Male,Fatal,5,2020,August,21:05
Tamil Nadu,Bike,Rainy,Wet,Highway,Night,96.8,151.55,No,Not Applicable,Yes,No,29.2,No,Female,Fatal,7,2020,March,21:39
Maharashtra,Bike,Rainy,Wet,Urban,Night,38.5,53.88,Yes,Not Applicable,No,No,24.3,No,Male,Fatal,3,2023,October,22:30
Rajasthan,Bike,Clear,Wet,Rural,Evening,52.5,69,No,Not Applicable,Yes,Yes,15.1,No,Female,Fatal,7,2022,January,18:27
Rajasthan,Bike,Clear,Dry,Highway,Afternoon,95.3,137.92,No,Not Applicable,Yes,Yes,30.6,No,Female,Fatal,4,2019,November,13:57
Karnataka,Car,Clear,Damaged,Highway,Night,104.3,140.25,Not Applicable,Yes,No,No,17.5,Expired,Male,Fatal,5,2022,November,23:08
Karnataka,Car,Rainy,Wet,Urban,Afternoon,40.2,57.29,Not Applicable,No,Yes,Yes,14.2,Yes,Male,Fatal,6,2024,October,13:00
Maharashtra,Car,Foggy,Dry,Urban,Evening,44.5,61.86,Not Applicable,Yes,Yes,No,28,No,Female,Fatal,4,2019,June,19:11
Tamil Nadu,Truck,Rainy,Dry,Highway,Night,84.3,124.31,Not Applicable,No,Yes,Yes,13.5,Yes,Male,Fatal,3,2024,June,3:07
Tamil Nadu,Bike,Foggy,Wet,Highway,Evening,96,152.38,Yes,Not Applicable,Yes,No,34.8,Yes,Female,Fatal,5,2021,February,20:00
Rajasthan,Bike,Foggy,Dry,Urban,Evening,67.4,98.34,No,Not Applicable,Yes,No,23.2,No,Female,Fatal,4,2022,February,18:08
Karnataka,Car,Clear,Damaged,Highway,Night,85.7,133.26,Not Applicable,Yes,No,Yes,13.7,Yes,Male,Fatal,5,2021,November,3:12
Rajasthan,Bike,Rainy,Wet,Highway,Morning,101.5,157.48,Yes,Not Applicable,No,No,32.2,No,Male,Fatal,3,2019,February,7:05
Karnataka,Bike,Clear,Damaged,Urban,Morning,43.5,59.51,No,Not Applicable,Yes,Yes,22.6,No,Female,Fatal,4,2019,June,5:58
Maharashtra,Car,Foggy,Dry,Highway,Night,74,96.55,Not Applicable,Yes,Yes,No,22.5,No,Female,Fatal,3,2020,April,2:54
Tamil Nadu,Bike,Rainy,Damaged,Urban,Night,69.6,105.07,No,Not Applicable,Yes,Yes,22.7,Yes,Male,Fatal,3,2020,May,2:22
Tamil Nadu,Car,Foggy,Wet,Highway,Night,97.6,148.36,Not Applicable,Yes,No,Yes,26.5,No,Female,Fatal,4,2024,November,2:01
Maharashtra,Truck,Foggy,Wet,Urban,Night,39.5,52.56,Not Applicable,No,Yes,Yes,11.8,Yes,Male,Fatal,5,2019,June,3:49
Karnataka,Bike,Rainy,Damaged,Urban,Morning,57.9,78.35,No,Not Applicable,No,Yes,13.1,No,Female,Fatal,4,2022,September,8:04
Uttar Pradesh,Bike,Rainy,Damaged,Highway,Night,90.3,130.76,No,Not Applicable,No,No,34.3,Yes,Female,Fatal,3,2019,May,22:51
Gujarat,Truck,Rainy,Damaged,Rural,Night,71.4,97.3,Not Applicable,Yes,Yes,No,32.4,No,Male,Fatal,4,2019,June,0:10
Karnataka,Car,Foggy,Wet,Rural,Night,79.4,106.61,Not Applicable,Yes,No,Yes,18.4,No,Female,Fatal,3,2024,November,22:34
Gujarat,Bike,Clear,Damaged,Rural,Morning,81.4,129.21,Yes,Not Applicable,Yes,Yes,19.9,Yes,Male,Fatal,3,2021,February,5:12
Tamil Nadu,Car,Rainy,Damaged,Rural,Evening,66.6,95.58,Not Applicable,Yes,Yes,No,11.5,No,Female,Fatal,4,2023,December,19:53
Maharashtra,Car,Foggy,Damaged,Rural,Night,79.7,114.55,Not Applicable,Yes,Yes,Yes,31.9,Yes,Male,Fatal,3,2022,February,3:10
Karnataka,Car,Rainy,Damaged,Highway,Afternoon,87.7,127.35,Not Applicable,Yes,Yes,Yes,30.8,No,Female,Fatal,4,2019,October,14:42
Gujarat,Bike,Foggy,Damaged,Highway,Night,80.2,113.89,Yes,Not Applicable,Yes,Yes,16.7,No,Female,Fatal,4,2024,May,1:08
Tamil Nadu,Car,Foggy,Damaged,Highway,Night,108,158.81,Not Applicable,Yes,Yes,No,31,No,Female,Fatal,8,2024,October,21:56
Rajasthan,Truck,Clear,Damaged,Highway,Afternoon,94.4,127.74,Not Applicable,Yes,No,Yes,16.3,Expired,Male,Fatal,4,2020,September,15:33
Karnataka,Car,Rainy,Wet,Urban,Morning,60.7,86.57,Not Applicable,Yes,Yes,No,28.5,No,Female,Fatal,8,2022,August,7:26
Gujarat,Bike,Foggy,Damaged,Highway,Night,79.2,116.43,Yes,Not Applicable,No,Yes,16.9,No,Female,Fatal,3,2019,July,21:21
Karnataka,Bike,Foggy,Damaged,Highway,Morning,76.9,102.38,No,Not Applicable,Yes,No,20.4,No,Female,Fatal,4,2024,June,10:50
Maharashtra,Car,Foggy,Dry,Urban,Evening,68.6,107.04,Not Applicable,Yes,Yes,Yes,25.3,No,Female,Fatal,3,2023,January,17:34
Tamil Nadu,Truck,Clear,Wet,Urban,Afternoon,56.5,85.77,Not Applicable,No,Yes,No,10.5,Yes,Male,Fatal,5,2020,June,16:20
Karnataka,Bike,Rainy,Wet,Highway,Morning,80.9,121.84,Yes,Not Applicable,No,No,31,Yes,Male,Fatal,2,2022,July,11:15
Karnataka,Bike,Clear,Wet,Highway,Morning,82.9,116.01,No,Not Applicable,Yes,No,27,No,Male,Fatal,4,2024,July,6:43
Gujarat,Car,Foggy,Wet,Rural,Morning,68,97.64,Not Applicable,No,Yes,No,29.8,Yes,Female,Fatal,5,2023,July,8:57
Karnataka,Bus,Foggy,Wet,Urban,Evening,49.6,67.92,Not Applicable,No,Yes,No,32,Yes,Male,Fatal,33,2019,December,19:11
Tamil Nadu,Truck,Rainy,Wet,Rural,Morning,74,105.45,Not Applicable,Yes,Yes,Yes,20.6,No,Male,Fatal,4,2021,December,7:57
Rajasthan,Car,Clear,Wet,Highway,Morning,85.4,121.48,Not Applicable,Yes,Yes,No,28.8,Yes,Female,Fatal,9,2019,July,10:57
Karnataka,Car,Rainy,Damaged,Urban,Evening,68.7,94.62,Not Applicable,No,Yes,Yes,11,No,Female,Fatal,9,2023,October,18:07
Maharashtra,Bus,Rainy,Wet,Urban,Night,49.9,76.19,Not Applicable,Yes,No,No,28.1,Expired,Male,Fatal,19,2024,September,21:42
Rajasthan,Bus,Rainy,Wet,Highway,Afternoon,95.4,127.19,Not Applicable,Yes,Yes,No,11.2,Yes,Male,Fatal,24,2024,May,14:12
Gujarat,Truck,Foggy,Damaged,Urban,Evening,37.9,49.45,Not Applicable,Yes,Yes,Yes,21.2,No,Male,Fatal,7,2021,December,17:23
Gujarat,Car,Foggy,Damaged,Rural,Night,63.9,95.91,Not Applicable,Yes,Yes,Yes,28.6,Yes,Female,Fatal,5,2022,November,22:30
Gujarat,Bike,Foggy,Damaged,Highway,Morning,77.8,105.58,Yes,Not Applicable,Yes,Yes,20.1,No,Female,Fatal,4,2019,January,7:30
Tamil Nadu,Car,Rainy,Damaged,Urban,Morning,38.9,55.07,Not Applicable,Yes,Yes,No,29.4,Expired,Male,Fatal,8,2024,April,11:07
Maharashtra,Car,Foggy,Damaged,Highway,Night,87.5,114.1,Not Applicable,Yes,Yes,No,20.8,Expired,Male,Fatal,6,2024,August,2:24
Tamil Nadu,Bike,Rainy,Wet,Highway,Evening,99.5,132.91,Yes,Not Applicable,Yes,Yes,13.4,Yes,Male,Fatal,3,2021,September,17:59
Karnataka,Truck,Clear,Wet,Highway,Morning,101.3,144.43,Not Applicable,Yes,No,Yes,33.2,Yes,Male,Fatal,3,2021,September,5:55
Uttar Pradesh,Truck,Foggy,Damaged,Highway,Morning,97.7,145.72,Not Applicable,Yes,No,No,16.4,Yes,Male,Fatal,2,2023,September,4:01
Karnataka,Bike,Rainy,Wet,Urban,Evening,42.8,62.45,No,Not Applicable,No,Yes,12.9,Yes,Female,Fatal,2,2021,August,20:30
Rajasthan,Truck,Clear,Damaged,Highway,Morning,101.5,132.59,Not Applicable,Yes,No,Yes,30,Yes,Male,Fatal,2,2024,August,10:05
Tamil Nadu,Truck,Rainy,Dry,Highway,Morning,104.3,165.69,Not Applicable,No,No,Yes,26.6,Yes,Male,Fatal,2,2023,September,11:29
Karnataka,Car,Rainy,Wet,Urban,Night,59.1,92.14,Not Applicable,No,Yes,Yes,19.9,No,Male,Fatal,7,2019,May,0:46
Maharashtra,Truck,Clear,Damaged,Rural,Evening,83.4,115.02,Not Applicable,Yes,Yes,No,32.7,No,Male,Fatal,4,2020,May,20:09
Rajasthan,Bike,Foggy,Damaged,Highway,Morning,101.1,131.97,Yes,Not Applicable,Yes,No,14.7,No,Female,Fatal,7,2021,February,4:58
Uttar Pradesh,Bike,Rainy,Damaged,Rural,Evening,65.8,104.87,Yes,Not Applicable,Yes,No,22.8,No,Male,Fatal,4,2021,August,17:06
Uttar Pradesh,Bus,Foggy,Wet,Urban,Night,58,84.42,Not Applicable,Yes,Yes,Yes,14.4,No,Male,Fatal,42,2022,November,1:21
Rajasthan,Bus,Clear,Damaged,Highway,Night,106.7,139.11,Not Applicable,No,Yes,No,12.5,No,Male,Fatal,22,2024,December,3:25
Gujarat,Bike,Clear,Wet,Urban,Evening,46.3,63.77,No,Not Applicable,No,No,21,No,Female,Fatal,3,2019,March,19:35
Rajasthan,Bike,Foggy,Damaged,Highway,Night,106.8,150.27,Yes,Not Applicable,No,No,18.9,Yes,Male,Fatal,3,2023,February,22:38
Maharashtra,Bus,Rainy,Wet,Highway,Night,92.9,136.99,Not Applicable,Yes,No,No,13.2,No,Male,Fatal,27,2022,January,0:15
Maharashtra,Car,Clear,Dry,Urban,Morning,46.6,67.4,Not Applicable,No,Yes,No,18,No,Male,Fatal,8,2019,May,6:51
Maharashtra,Bike,Rainy,Wet,Urban,Morning,50.6,72.89,No,Not Applicable,No,Yes,30.1,Expired,Female,Fatal,4,2023,November,8:11
Rajasthan,Bike,Foggy,Damaged,Highway,Morning,74.8,114.53,No,Not Applicable,Yes,Yes,22.6,No,Female,Fatal,7,2023,August,9:14
Karnataka,Bike,Rainy,Wet,Urban,Evening,44.7,64.68,No,Not Applicable,No,Yes,31.1,Yes,Female,Fatal,2,2022,April,19:14
Maharashtra,Car,Rainy,Dry,Urban,Morning,43.2,65.39,Not Applicable,Yes,Yes,Yes,19.8,No,Female,Fatal,8,2023,September,4:41
Rajasthan,Truck,Rainy,Wet,Urban,Night,61.9,91.48,Not Applicable,Yes,Yes,No,34.6,No,Male,Fatal,7,2021,May,22:55
Maharashtra,Car,Rainy,Dry,Highway,Night,89.4,122.33,Not Applicable,Yes,No,No,19.2,Yes,Male,Fatal,1,2020,February,3:04
Karnataka,Truck,Foggy,Dry,Rural,Night,61.5,88.45,Not Applicable,No,Yes,No,28.1,Yes,Male,Fatal,3,2024,October,21:28
Tamil Nadu,Bike,Foggy,Wet,Urban,Morning,38,58.5,No,Not Applicable,Yes,Yes,30,Yes,Male,Fatal,5,2019,June,5:14
Rajasthan,Car,Clear,Dry,Highway,Morning,86.9,128.91,Not Applicable,Yes,No,No,24.2,Yes,Male,Fatal,1,2021,May,7:43
Karnataka,Bus,Foggy,Wet,Highway,Night,104.1,151.94,Not Applicable,No,Yes,No,31.6,Yes,Male,Fatal,35,2021,March,23:25
Uttar Pradesh,Bike,Foggy,Wet,Highway,Night,72,113.35,Yes,Not Applicable,Yes,No,23.3,No,Male,Fatal,7,2021,January,23:03
Rajasthan,Car,Rainy,Damaged,Urban,Night,49.6,67.21,Not Applicable,No,Yes,No,18.1,Yes,Male,Fatal,7,2024,December,22:58
Gujarat,Bike,Rainy,Wet,Urban,Night,38.7,56.04,Yes,Not Applicable,No,Yes,27.7,Yes,Male,Fatal,2,2020,October,3:34
Tamil Nadu,Bike,Clear,Dry,Highway,Evening,94.9,143.72,Yes,Not Applicable,No,Yes,17.7,Expired,Female,Fatal,3,2019,October,20:11
Tamil Nadu,Truck,Clear,Dry,Highway,Afternoon,96.7,145.14,Not Applicable,Yes,No,Yes,15.6,No,Male,Fatal,3,2022,July,15:22
Tamil Nadu,Truck,Clear,Wet,Highway,Morning,75.9,120.58,Not Applicable,No,Yes,No,24.4,No,Male,Fatal,7,2020,May,6:48
Karnataka,Bike,Rainy,Wet,Urban,Night,42.1,63.93,Yes,Not Applicable,No,Yes,24,No,Male,Fatal,4,2020,March,21:41
Maharashtra,Bike,Rainy,Damaged,Urban,Afternoon,40.9,64.68,Yes,Not Applicable,Yes,Yes,33,Yes,Female,Fatal,3,2022,August,15:05
Gujarat,Car,Foggy,Wet,Urban,Evening,63.3,94.15,Not Applicable,No,Yes,Yes,11,Yes,Female,Fatal,6,2020,June,19:53
Uttar Pradesh,Bike,Clear,Dry,Highway,Morning,96.1,144.11,No,Not Applicable,Yes,Yes,29.5,Yes,Female,Fatal,3,2024,February,6:27
Karnataka,Bike,Clear,Wet,Rural,Evening,84.3,122.04,No,Not Applicable,No,No,31.3,Yes,Female,Fatal,3,2019,April,18:29
Tamil Nadu,Bike,Clear,Wet,Rural,Night,75.1,119.98,No,Not Applicable,Yes,No,14.6,Yes,Female,Fatal,5,2024,September,2:21
Rajasthan,Truck,Clear,Wet,Urban,Night,73.5,117.6,Not Applicable,Yes,No,Yes,25.7,Expired,Male,Fatal,4,2023,August,22:28
Rajasthan,Bike,Clear,Damaged,Urban,Afternoon,59.7,83.7,Yes,Not Applicable,Yes,Yes,18.7,No,Female,Fatal,7,2019,April,13:43
Uttar Pradesh,Truck,Clear,Damaged,Urban,Night,56.4,81.69,Not Applicable,No,Yes,Yes,26.4,Yes,Male,Fatal,3,2019,August,23:36
Uttar Pradesh,Truck,Rainy,Damaged,Urban,Night,56,86.91,Not Applicable,Yes,Yes,Yes,34.5,Yes,Male,Fatal,3,2023,October,23:37
Tamil Nadu,Bike,Clear,Wet,Urban,Night,59,78.98,Yes,Not Applicable,Yes,Yes,14.3,Yes,Male,Fatal,3,2020,February,3:44
Maharashtra,Truck,Clear,Damaged,Urban,Night,50.2,67.96,Not Applicable,No,No,Yes,31.4,Yes,Male,Fatal,2,2021,February,1:10
Rajasthan,Car,Clear,Wet,Rural,Night,75.5,99.28,Not Applicable,No,Yes,No,29.4,No,Female,Fatal,7,2023,September,0:08
Maharashtra,Car,Clear,Damaged,Highway,Morning,93.8,138.31,Not Applicable,Yes,Yes,Yes,18.7,No,Female,Fatal,7,2023,August,8:28
Tamil Nadu,Car,Foggy,Dry,Highway,Night,77.5,111.6,Not Applicable,No,Yes,No,14.6,Yes,Male,Fatal,3,2021,May,21:13
Rajasthan,Car,Clear,Wet,Highway,Morning,93.5,137.82,Not Applicable,No,No,Yes,24.3,Yes,Male,Fatal,2,2020,October,9:37
Uttar Pradesh,Bike,Rainy,Dry,Rural,Morning,69.4,95.12,No,Not Applicable,Yes,No,29.7,No,Female,Fatal,4,2022,March,5:29
Maharashtra,Bike,Rainy,Wet,Highway,Night,86.9,130.3,No,Not Applicable,Yes,No,25.5,Yes,Female,Fatal,3,2019,March,1:15
Karnataka,Car,Rainy,Damaged,Highway,Evening,103.6,163.12,Not Applicable,Yes,No,Yes,33.9,No,Female,Fatal,3,2021,January,17:24
Tamil Nadu,Bus,Clear,Wet,Urban,Afternoon,58.9,91.82,Not Applicable,No,Yes,Yes,32,Expired,Male,Fatal,33,2020,November,12:55
Gujarat,Car,Foggy,Damaged,Highway,Evening,73.3,101,Not Applicable,No,Yes,No,27.6,Expired,Female,Fatal,7,2023,July,18:08
Tamil Nadu,Car,Rainy,Wet,Rural,Evening,75.4,111.24,Not Applicable,Yes,No,Yes,21.1,No,Male,Fatal,4,2021,January,17:03
Uttar Pradesh,Bike,Clear,Wet,Highway,Morning,114.9,172.01,Yes,Not Applicable,No,No,23.6,Yes,Female,Fatal,3,2022,April,7:20
Maharashtra,Bike,Clear,Dry,Highway,Night,94.5,133.07,No,Not Applicable,Yes,No,20.4,Yes,Male,Fatal,3,2020,August,1:35
Karnataka,Car,Foggy,Dry,Rural,Night,76.9,107.21,Not Applicable,Yes,Yes,Yes,33.3,Yes,Female,Fatal,6,2021,July,23:03
Uttar Pradesh,Car,Clear,Wet,Highway,Night,82.4,129.25,Not Applicable,Yes,Yes,No,28.4,No,Female,Fatal,7,2022,July,22:38
Uttar Pradesh,Bus,Rainy,Wet,Urban,Evening,49.7,68.09,Not Applicable,Yes,No,Yes,25.8,Expired,Male,Fatal,22,2021,August,17:11
Uttar Pradesh,Bike,Rainy,Wet,Urban,Night,41.1,64.89,No,Not Applicable,Yes,Yes,34.8,No,Male,Fatal,4,2023,August,21:52
Maharashtra,Car,Clear,Dry,Highway,Afternoon,98.3,153.79,Not Applicable,Yes,Yes,Yes,27.5,Yes,Female,Fatal,6,2024,December,15:59
Rajasthan,Bike,Rainy,Wet,Urban,Night,50.7,79,Yes,Not Applicable,Yes,No,19,Yes,Male,Fatal,5,2019,June,1:47
Rajasthan,Car,Clear,Dry,Rural,Night,73.1,108.94,Not Applicable,Yes,Yes,Yes,16,No,Male,Fatal,8,2020,January,2:55
Uttar Pradesh,Car,Rainy,Wet,Urban,Evening,53,80.33,Not Applicable,No,Yes,Yes,34.3,Yes,Female,Fatal,3,2022,June,18:40
Tamil Nadu,Bike,Rainy,Damaged,Highway,Morning,79.4,103.64,No,Not Applicable,Yes,No,28.1,Expired,Male,Fatal,6,2019,October,11:42
Gujarat,Car,Clear,Dry,Highway,Afternoon,104.7,156.79,Not Applicable,No,Yes,No,18.3,Expired,Male,Fatal,3,2021,February,12:34
Rajasthan,Bike,Clear,Wet,Highway,Night,111.4,166.03,No,Not Applicable,No,No,23.7,Yes,Male,Fatal,3,2021,October,22:03
Rajasthan,Bike,Foggy,Damaged,Urban,Night,41.1,55.29,No,Not Applicable,No,No,11.7,No,Male,Fatal,4,2020,June,1:08
Tamil Nadu,Bike,Clear,Wet,Urban,Night,42.2,56.17,No,Not Applicable,No,Yes,28.1,Yes,Female,Fatal,2,2020,August,21:41
Tamil Nadu,Car,Clear,Wet,Rural,Night,60.6,85.12,Not Applicable,Yes,Yes,No,18,Expired,Male,Fatal,6,2020,June,23:26
Rajasthan,Bus,Rainy,Damaged,Highway,Night,94.4,128.1,Not Applicable,No,No,Yes,31.9,Yes,Male,Fatal,20,2024,November,23:56
Uttar Pradesh,Car,Foggy,Damaged,Urban,Night,52.3,76.08,Not Applicable,No,Yes,No,24.9,Yes,Female,Fatal,6,2024,July,23:40
Rajasthan,Car,Clear,Wet,Highway,Afternoon,77.9,106.04,Not Applicable,No,Yes,Yes,22.8,Yes,Male,Fatal,6,2024,June,16:51
Tamil Nadu,Bike,Rainy,Wet,Urban,Morning,50.3,71.73,Yes,Not Applicable,Yes,Yes,22.7,No,Male,Fatal,7,2020,September,11:39
Gujarat,Car,Rainy,Damaged,Highway,Evening,90.8,129.93,Not Applicable,Yes,Yes,Yes,33,Yes,Female,Fatal,3,2021,May,17:17
Maharashtra,Bike,Foggy,Damaged,Highway,Morning,101.4,134.02,No,Not Applicable,Yes,No,10.2,No,Female,Fatal,7,2021,August,11:38
Maharashtra,Car,Clear,Damaged,Urban,Night,69.4,105.39,Not Applicable,Yes,Yes,No,19.8,No,Male,Fatal,4,2024,November,0:54
Uttar Pradesh,Bike,Clear,Wet,Rural,Morning,74.8,99.86,No,Not Applicable,Yes,No,31.1,Yes,Male,Fatal,5,2019,May,10:26
Maharashtra,Truck,Rainy,Damaged,Urban,Afternoon,49.1,77.31,Not Applicable,Yes,Yes,Yes,20.8,No,Male,Fatal,7,2024,November,13:10
Maharashtra,Car,Foggy,Wet,Urban,Evening,48.3,73.09,Not Applicable,Yes,Yes,Yes,10.2,Yes,Female,Fatal,3,2019,July,17:38
Karnataka,Bike,Foggy,Damaged,Urban,Afternoon,47.8,73.44,No,Not Applicable,No,Yes,24.6,No,Male,Fatal,4,2023,November,15:48
Maharashtra,Bike,Foggy,Wet,Urban,Night,44,65.55,Yes,Not Applicable,No,Yes,27.9,Yes,Male,Fatal,2,2019,September,23:23
Tamil Nadu,Bike,Clear,Wet,Rural,Morning,67.1,106.72,Yes,Not Applicable,Yes,Yes,15,Expired,Female,Fatal,6,2022,December,11:03
Rajasthan,Truck,Rainy,Damaged,Highway,Night,100.8,133.37,Not Applicable,Yes,Yes,No,18.3,Yes,Male,Fatal,5,2020,September,2:23
Maharashtra,Bus,Clear,Damaged,Rural,Morning,55,82.22,Not Applicable,Yes,Yes,Yes,27.2,Expired,Male,Fatal,22,2021,April,5:55
Tamil Nadu,Bike,Clear,Wet,Highway,Night,81.5,112.81,No,Not Applicable,Yes,No,24.2,Expired,Male,Fatal,6,2021,August,3:25
Gujarat,Bike,Clear,Damaged,Urban,Night,66.4,89.47,Yes,Not Applicable,Yes,Yes,33.8,Yes,Female,Fatal,3,2019,March,1:29
Uttar Pradesh,Truck,Foggy,Wet,Highway,Night,84.9,112.71,Not Applicable,Yes,Yes,No,20.5,Yes,Male,Fatal,5,2023,October,22:40
Tamil Nadu,Car,Rainy,Damaged,Rural,Morning,68.6,97.29,Not Applicable,Yes,Yes,No,19.1,No,Male,Fatal,9,2021,July,8:01
Uttar Pradesh,Car,Rainy,Dry,Highway,Night,86.4,131.31,Not Applicable,Yes,No,No,31.5,Yes,Female,Fatal,1,2020,October,2:48
Rajasthan,Bike,Clear,Wet,Highway,Morning,89.4,134.11,No,Not Applicable,No,No,32.8,Expired,Female,Fatal,3,2022,October,4:30
Maharashtra,Truck,Rainy,Damaged,Urban,Afternoon,67.4,100.77,Not Applicable,Yes,Yes,Yes,29.4,Yes,Male,Fatal,3,2024,June,12:10
Gujarat,Bike,Rainy,Damaged,Urban,Morning,42.1,66.42,No,Not Applicable,Yes,No,18.2,Yes,Female,Fatal,5,2019,November,8:31
Gujarat,Bike,Clear,Damaged,Highway,Evening,114.6,154.56,Yes,Not Applicable,Yes,No,33.7,No,Female,Fatal,4,2021,September,20:12
Gujarat,Bike,Clear,Wet,Highway,Night,108.5,172.43,Yes,Not Applicable,No,Yes,12.2,Expired,Female,Fatal,4,2024,September,0:30
Karnataka,Bike,Rainy,Wet,Highway,Evening,80.3,115.9,No,Not Applicable,Yes,No,13.9,Expired,Male,Fatal,4,2022,May,20:30
Gujarat,Bike,Foggy,Wet,Highway,Night,82.1,130.73,No,Not Applicable,No,No,16.3,No,Female,Fatal,4,2024,March,21:01
Uttar Pradesh,Truck,Clear,Damaged,Urban,Evening,59,91.61,Not Applicable,No,Yes,Yes,14.7,No,Male,Fatal,4,2021,November,17:37
Karnataka,Bike,Clear,Wet,Rural,Night,82.8,113.15,No,Not Applicable,No,No,23.8,No,Male,Fatal,3,2020,March,2:10
Maharashtra,Bus,Clear,Wet,Highway,Morning,112.6,168.59,Not Applicable,Yes,No,Yes,13.3,Yes,Male,Fatal,8,2021,January,8:42
Rajasthan,Bike,Foggy,Wet,Urban,Night,53.7,79.1,Yes,Not Applicable,Yes,No,27.6,Yes,Female,Fatal,3,2022,March,22:16
Uttar Pradesh,Car,Clear,Wet,Rural,Evening,78.9,108.42,Not Applicable,Yes,No,Yes,25.1,No,Female,Fatal,3,2021,July,20:41
Uttar Pradesh,Bus,Foggy,Wet,Highway,Morning,74.3,97.99,Not Applicable,Yes,No,Yes,15.9,No,Male,Fatal,9,2019,August,11:06
Gujarat,Truck,Clear,Wet,Highway,Morning,79.5,112.98,Not Applicable,No,Yes,Yes,34,Expired,Male,Fatal,4,2022,December,10:39
Uttar Pradesh,Car,Rainy,Wet,Urban,Morning,49,71.22,Not Applicable,Yes,Yes,No,30.8,No,Female,Fatal,7,2019,June,5:16
Rajasthan,Truck,Clear,Wet,Urban,Night,76.4,119.31,Not Applicable,Yes,Yes,No,30,Yes,Male,Fatal,3,2024,February,21:45
Gujarat,Truck,Clear,Dry,Highway,Morning,83.9,113.14,Not Applicable,No,Yes,Yes,23.2,No,Male,Fatal,3,2021,November,10:04
Tamil Nadu,Bus,Rainy,Wet,Highway,Evening,72.9,104.26,Not Applicable,Yes,Yes,No,18.1,No,Male,Fatal,38,2021,August,19:58
Maharashtra,Truck,Rainy,Damaged,Highway,Night,71.6,110.84,Not Applicable,No,No,Yes,22.5,No,Male,Fatal,3,2021,March,23:12
Maharashtra,Bike,Rainy,Wet,Highway,Morning,88.1,135.41,No,Not Applicable,No,No,23.6,Yes,Female,Fatal,3,2024,March,4:41
Maharashtra,Bike,Rainy,Damaged,Highway,Night,76,110.58,Yes,Not Applicable,Yes,Yes,16.7,Expired,Male,Fatal,4,2022,March,23:03
Rajasthan,Bike,Foggy,Wet,Urban,Morning,50.1,79.38,Yes,Not Applicable,Yes,No,31.7,Yes,Female,Fatal,5,2022,April,4:45
Gujarat,Bike,Clear,Dry,Highway,Evening,96.3,145.15,Yes,Not Applicable,Yes,Yes,19.3,Yes,Female,Fatal,3,2019,October,19:46
Gujarat,Car,Clear,Dry,Urban,Morning,52.2,76.14,Not Applicable,Yes,Yes,Yes,31.3,No,Male,Fatal,7,2020,April,10:33
Gujarat,Car,Clear,Wet,Highway,Afternoon,93.3,147.25,Not Applicable,Yes,Yes,No,20.2,Yes,Female,Fatal,3,2022,August,12:48
Karnataka,Car,Rainy,Wet,Highway,Morning,103.6,151.48,Not Applicable,Yes,Yes,No,17.6,No,Male,Fatal,4,2024,October,6:57
Maharashtra,Bike,Clear,Wet,Urban,Afternoon,51.2,75.89,No,Not Applicable,No,No,16.7,No,Female,Fatal,4,2019,August,16:57
Karnataka,Bike,Foggy,Damaged,Highway,Night,102.5,145.13,No,Not Applicable,Yes,No,16.2,Expired,Male,Fatal,6,2022,February,22:52
Rajasthan,Car,Rainy,Damaged,Highway,Morning,101.1,151.91,Not Applicable,Yes,Yes,Yes,15.9,No,Male,Fatal,7,2024,March,8:49
Tamil Nadu,Bike,Rainy,Wet,Urban,Morning,42.9,67.98,No,Not Applicable,No,Yes,30.8,Yes,Male,Fatal,3,2023,April,8:05
Gujarat,Bike,Clear,Wet,Urban,Night,64.7,98.37,No,Not Applicable,No,No,12.3,Expired,Male,Fatal,4,2022,April,1:46
Tamil Nadu,Bike,Clear,Wet,Highway,Morning,113.7,161.06,Yes,Not Applicable,Yes,Yes,18.1,No,Male,Fatal,7,2021,July,7:13
Karnataka,Car,Clear,Damaged,Urban,Morning,55.2,87.34,Not Applicable,Yes,Yes,No,32.2,No,Female,Fatal,9,2019,May,9:30
Rajasthan,Bike,Rainy,Wet,Highway,Night,86.2,114.93,Yes,Not Applicable,No,Yes,25.3,Yes,Female,Fatal,2,2024,January,22:04
Tamil Nadu,Truck,Foggy,Wet,Highway,Morning,105.6,153.11,Not Applicable,Yes,Yes,No,20.8,Yes,Male,Fatal,5,2024,August,7:07
Uttar Pradesh,Bus,Clear,Dry,Highway,Night,101,153.51,Not Applicable,Yes,No,Yes,33.5,Yes,Male,Fatal,11,2021,April,22:30
Gujarat,Bike,Foggy,Damaged,Highway,Evening,100.7,138.83,Yes,Not Applicable,Yes,Yes,30.5,Yes,Female,Fatal,3,2021,May,20:00
Maharashtra,Bus,Clear,Dry,Highway,Night,102.8,141.47,Not Applicable,Yes,Yes,Yes,31.2,No,Male,Fatal,25,2021,January,3:16
Karnataka,Car,Foggy,Wet,Urban,Night,62.8,99.04,Not Applicable,Yes,No,No,27.7,Expired,Male,Fatal,5,2021,February,0:22
Rajasthan,Truck,Clear,Wet,Highway,Afternoon,79.6,121.9,Not Applicable,Yes,Yes,No,12.5,No,Male,Fatal,7,2019,September,15:43
Rajasthan,Bike,Rainy,Wet,Urban,Evening,67.2,103.74,No,Not Applicable,Yes,No,25.4,No,Female,Fatal,4,2020,April,20:03
Karnataka,Bike,Clear,Damaged,Highway,Night,104.8,141.32,Yes,Not Applicable,No,Yes,32.8,Expired,Male,Fatal,3,2019,January,1:36
Tamil Nadu,Car,Clear,Damaged,Rural,Evening,82,130.61,Not Applicable,Yes,No,Yes,18.8,Yes,Female,Fatal,4,2021,June,20:31
Gujarat,Car,Clear,Damaged,Highway,Morning,97.2,141.97,Not Applicable,No,No,Yes,24.2,No,Female,Fatal,3,2020,July,9:31
Uttar Pradesh,Bike,Clear,Damaged,Highway,Evening,109.3,157.32,No,Not Applicable,No,No,28.4,Yes,Female,Fatal,3,2024,November,18:41
Rajasthan,Bike,Clear,Wet,Urban,Afternoon,40.5,55.17,No,Not Applicable,Yes,No,34.4,Yes,Male,Fatal,3,2020,March,12:40
Karnataka,Bike,Rainy,Wet,Rural,Afternoon,54.6,79.37,Yes,Not Applicable,Yes,No,18.8,Expired,Female,Fatal,4,2019,November,12:25
Maharashtra,Car,Rainy,Wet,Rural,Evening,52.9,78.87,Not Applicable,Yes,Yes,No,26.1,No,Male,Fatal,12,2024,July,18:21
Tamil Nadu,Truck,Rainy,Wet,Urban,Afternoon,43.9,64.25,Not Applicable,No,No,No,28.2,Expired,Male,Fatal,3,2021,June,13:32
Uttar Pradesh,Bus,Foggy,Dry,Highway,Night,93,148.69,Not Applicable,No,Yes,No,15.3,Yes,Male,Fatal,9,2022,June,2:46
Gujarat,Bike,Clear,Wet,Highway,Evening,105.8,153.88,Yes,Not Applicable,No,Yes,20.7,No,Male,Fatal,3,2024,February,19:03
Tamil Nadu,Bike,Foggy,Wet,Highway,Night,88.4,130.46,Yes,Not Applicable,Yes,No,16.9,Yes,Male,Fatal,5,2024,August,2:41
Tamil Nadu,Bike,Rainy,Dry,Highway,Night,90.7,138.51,Yes,Not Applicable,No,Yes,20,Yes,Male,Fatal,2,2021,June,21:46
Tamil Nadu,Bike,Rainy,Wet,Highway,Afternoon,88.8,131.65,Yes,Not Applicable,No,Yes,29,Yes,Female,Fatal,2,2021,September,15:35
Gujarat,Bike,Foggy,Dry,Urban,Night,66.4,94.14,No,Not Applicable,No,No,29,Expired,Male,Fatal,3,2019,August,1:33
Tamil Nadu,Car,Clear,Wet,Urban,Evening,61.4,86.99,Not Applicable,No,Yes,No,15.5,Yes,Female,Fatal,3,2022,January,18:08
Uttar Pradesh,Bike,Rainy,Dry,Highway,Afternoon,100.3,156.35,Yes,Not Applicable,No,Yes,21.7,Yes,Female,Fatal,1,2022,January,16:11
Tamil Nadu,Bike,Rainy,Wet,Rural,Morning,55.9,83.31,No,Not Applicable,No,Yes,11.2,Yes,Male,Fatal,2,2020,May,9:51
Gujarat,Bike,Foggy,Wet,Urban,Night,67,105.36,Yes,Not Applicable,Yes,No,21.7,Yes,Male,Fatal,5,2023,May,2:22
Gujarat,Bike,Clear,Wet,Highway,Morning,85.6,118.71,Yes,Not Applicable,Yes,Yes,33.4,Yes,Female,Fatal,5,2021,June,9:14
Gujarat,Car,Clear,Wet,Highway,Night,113.6,179.19,Not Applicable,Yes,Yes,No,18.3,No,Male,Fatal,8,2020,March,23:51
Uttar Pradesh,Bike,Clear,Damaged,Highway,Afternoon,91,142.98,Yes,Not Applicable,Yes,No,27.9,Yes,Female,Fatal,5,2022,September,15:18
Karnataka,Car,Rainy,Damaged,Rural,Morning,55.6,88.47,Not Applicable,No,Yes,Yes,32.8,Yes,Female,Fatal,5,2019,August,8:07
Uttar Pradesh,Bike,Rainy,Wet,Highway,Night,87.1,114.17,Yes,Not Applicable,Yes,No,12.4,Yes,Male,Fatal,5,2023,October,23:59
Tamil Nadu,Car,Clear,Wet,Rural,Evening,83.5,129.16,Not Applicable,Yes,Yes,No,23.6,No,Female,Fatal,12,2020,July,20:56
Rajasthan,Bike,Rainy,Damaged,Urban,Night,41.6,54.79,Yes,Not Applicable,Yes,Yes,16,Yes,Female,Fatal,5,2024,March,21:20
Gujarat,Bus,Foggy,Damaged,Urban,Afternoon,63.4,92.1,Not Applicable,No,No,Yes,31.3,Yes,Male,Fatal,14,2021,October,14:25
Karnataka,Bus,Rainy,Dry,Highway,Morning,92.5,137.73,Not Applicable,No,No,No,12.4,Yes,Male,Fatal,5,2020,March,8:47
Karnataka,Bike,Rainy,Wet,Rural,Evening,49.7,67.36,No,Not Applicable,Yes,Yes,19.4,No,Male,Fatal,4,2024,April,18:12
Uttar Pradesh,Truck,Clear,Wet,Highway,Morning,114,152.4,Not Applicable,Yes,Yes,No,15.3,No,Male,Fatal,7,2021,October,7:08
Karnataka,Truck,Foggy,Wet,Urban,Evening,37.3,50.86,Not Applicable,Yes,Yes,Yes,11.9,Expired,Male,Fatal,6,2022,October,18:51
Rajasthan,Bike,Clear,Damaged,Highway,Night,105.7,165.59,No,Not Applicable,No,Yes,20.1,Yes,Male,Fatal,3,2019,February,3:44
Rajasthan,Car,Clear,Wet,Highway,Night,118.2,184.24,Not Applicable,Yes,Yes,Yes,18.3,Yes,Male,Fatal,9,2023,October,21:43
Rajasthan,Car,Clear,Damaged,Highway,Night,84.7,133.96,Not Applicable,Yes,Yes,Yes,14.4,No,Female,Fatal,7,2024,April,1:40
Rajasthan,Car,Foggy,Wet,Urban,Evening,44.8,67.4,Not Applicable,No,No,Yes,24.1,No,Male,Fatal,8,2022,April,18:27
Maharashtra,Car,Clear,Wet,Urban,Afternoon,57,78.05,Not Applicable,Yes,Yes,Yes,29.2,No,Female,Fatal,7,2023,October,12:15
Maharashtra,Truck,Clear,Wet,Rural,Night,87.1,119.33,Not Applicable,Yes,Yes,No,16.5,No,Male,Fatal,4,2020,September,0:57
Maharashtra,Truck,Foggy,Wet,Urban,Night,65,90.54,Not Applicable,No,Yes,Yes,24.4,No,Male,Fatal,7,2023,October,3:38
Rajasthan,Bus,Foggy,Wet,Highway,Night,73,103.33,Not Applicable,Yes,Yes,Yes,29.3,No,Male,Fatal,42,2020,July,2:12
Tamil Nadu,Car,Clear,Damaged,Highway,Night,103.1,147.77,Not Applicable,Yes,Yes,Yes,32.4,Yes,Female,Fatal,5,2020,December,3:22
Rajasthan,Bike,Foggy,Wet,Highway,Night,85.3,122.63,No,Not Applicable,Yes,No,17.1,Yes,Male,Fatal,3,2024,April,1:12
Gujarat,Bike,Rainy,Wet,Urban,Night,47,72.56,No,Not Applicable,No,Yes,30.2,No,Male,Fatal,4,2022,August,3:01
Maharashtra,Bike,Rainy,Wet,Urban,Night,43.4,63.58,Yes,Not Applicable,Yes,No,23.3,Yes,Female,Fatal,5,2019,February,2:43
Rajasthan,Bike,Foggy,Wet,Urban,Afternoon,57.8,82.42,No,Not Applicable,Yes,Yes,21.1,Yes,Female,Fatal,5,2021,May,15:41
Maharashtra,Truck,Foggy,Wet,Highway,Night,72.5,105.95,Not Applicable,No,No,No,22.2,Yes,Male,Fatal,3,2022,August,23:39
Rajasthan,Car,Clear,Wet,Urban,Night,60,86.93,Not Applicable,No,Yes,No,23.8,Yes,Female,Fatal,6,2022,May,2:36
Rajasthan,Bus,Foggy,Wet,Highway,Morning,96.9,126.47,Not Applicable,Yes,Yes,No,27.9,Expired,Male,Fatal,41,2020,February,10:47
Maharashtra,Truck,Rainy,Wet,Urban,Night,50.4,76.29,Not Applicable,Yes,Yes,No,24.7,Yes,Male,Fatal,3,2024,November,2:53
Uttar Pradesh,Bike,Rainy,Wet,Urban,Night,40.6,59.8,Yes,Not Applicable,Yes,No,12.2,Expired,Female,Fatal,4,2023,February,23:15
Gujarat,Bike,Foggy,Wet,Highway,Evening,94,133.01,No,Not Applicable,No,Yes,18.8,Yes,Female,Fatal,3,2021,November,19:33
Rajasthan,Truck,Rainy,Damaged,Highway,Morning,74.7,116.49,Not Applicable,Yes,Yes,No,15.5,No,Male,Fatal,4,2021,July,6:34
Gujarat,Bus,Foggy,Wet,Urban,Evening,54.4,79.72,Not Applicable,No,Yes,Yes,15.6,Yes,Male,Fatal,34,2024,March,18:01
Uttar Pradesh,Car,Clear,Wet,Rural,Evening,71.6,95.6,Not Applicable,Yes,Yes,Yes,26,Yes,Male,Fatal,5,2024,January,18:03
Uttar Pradesh,Bike,Clear,Dry,Urban,Afternoon,58,84.98,No,Not Applicable,Yes,No,30.5,No,Male,Fatal,4,2020,November,12:44
Rajasthan,Bike,Clear,Damaged,Highway,Night,116.5,156.9,No,Not Applicable,Yes,Yes,10.6,No,Female,Fatal,7,2019,June,22:32
Karnataka,Truck,Rainy,Dry,Urban,Night,66.5,99.29,Not Applicable,Yes,Yes,Yes,29.6,No,Male,Fatal,4,2022,June,1:48
Karnataka,Truck,Clear,Damaged,Highway,Morning,111.4,158.64,Not Applicable,Yes,Yes,Yes,21.6,Yes,Male,Fatal,5,2021,March,8:50
Uttar Pradesh,Bus,Foggy,Wet,Highway,Morning,70.7,103.03,Not Applicable,Yes,Yes,No,16.2,No,Male,Fatal,38,2020,November,9:56
Uttar Pradesh,Car,Rainy,Damaged,Highway,Afternoon,71.4,102.05,Not Applicable,Yes,Yes,No,19.3,No,Male,Fatal,7,2023,June,16:26
Gujarat,Truck,Clear,Wet,Highway,Evening,86.9,131.61,Not Applicable,No,No,Yes,33,Expired,Male,Fatal,4,2021,June,20:11
Gujarat,Truck,Foggy,Damaged,Highway,Night,103.5,152.41,Not Applicable,Yes,No,No,30.7,Yes,Male,Fatal,2,2020,May,21:25
Gujarat,Bike,Foggy,Wet,Urban,Evening,59.3,77.46,No,Not Applicable,Yes,Yes,17.2,No,Female,Fatal,7,2022,September,17:56
Uttar Pradesh,Truck,Clear,Damaged,Highway,Night,100.5,138.67,Not Applicable,No,Yes,No,20.1,Yes,Male,Fatal,5,2021,May,3:18
Tamil Nadu,Car,Foggy,Damaged,Rural,Night,62.9,82.11,Not Applicable,Yes,Yes,Yes,21.6,Yes,Female,Fatal,3,2023,February,3:30
Tamil Nadu,Truck,Rainy,Wet,Urban,Evening,55.1,83.96,Not Applicable,Yes,Yes,Yes,13.3,Expired,Male,Fatal,6,2022,December,20:08
Uttar Pradesh,Bike,Clear,Damaged,Highway,Evening,91.3,122.09,Yes,Not Applicable,Yes,No,24.5,No,Female,Fatal,4,2021,February,18:24
Tamil Nadu,Car,Foggy,Damaged,Highway,Morning,104,145.43,Not Applicable,Yes,No,No,30.9,Yes,Female,Fatal,3,2019,January,4:18
Gujarat,Bike,Rainy,Damaged,Urban,Afternoon,40.8,62.85,No,Not Applicable,Yes,No,15.9,Yes,Female,Fatal,3,2020,January,13:13
Rajasthan,Car,Clear,Wet,Highway,Afternoon,91.1,122.63,Not Applicable,No,No,No,22.2,No,Male,Fatal,8,2021,September,15:50
Uttar Pradesh,Car,Rainy,Damaged,Urban,Night,70,108.7,Not Applicable,Yes,No,No,27.4,No,Female,Fatal,3,2021,February,2:33
Maharashtra,Bike,Foggy,Damaged,Highway,Morning,83.8,116.23,Yes,Not Applicable,Yes,Yes,28,Expired,Female,Fatal,6,2021,September,5:55
Rajasthan,Bike,Clear,Wet,Highway,Afternoon,84.6,128.33,Yes,Not Applicable,Yes,No,26.3,Yes,Male,Fatal,3,2019,May,13:21
Uttar Pradesh,Car,Rainy,Damaged,Highway,Night,108.6,157.13,Not Applicable,Yes,Yes,Yes,16.8,No,Male,Fatal,7,2024,November,0:31
Karnataka,Bus,Clear,Wet,Highway,Morning,80.3,121.37,Not Applicable,Yes,No,No,19,Yes,Male,Fatal,19,2020,August,6:59
Gujarat,Car,Rainy,Wet,Highway,Morning,78.9,125.06,Not Applicable,Yes,Yes,Yes,12.4,Yes,Female,Fatal,9,2019,March,8:22
Uttar Pradesh,Bike,Rainy,Wet,Highway,Night,106.5,142.12,Yes,Not Applicable,No,No,12,No,Female,Fatal,4,2022,June,0:21
Karnataka,Bike,Rainy,Wet,Rural,Morning,52.3,78.22,No,Not Applicable,No,No,27.1,Yes,Female,Fatal,3,2022,March,6:36
Karnataka,Car,Rainy,Wet,Highway,Night,92.3,142.4,Not Applicable,Yes,Yes,No,15.4,No,Female,Fatal,4,2022,August,22:21
Maharashtra,Bus,Clear,Wet,Highway,Night,104.8,163.12,Not Applicable,Yes,Yes,No,20.4,Expired,Male,Fatal,11,2024,June,2:49
Gujarat,Bike,Clear,Wet,Highway,Afternoon,99.9,133.81,No,Not Applicable,Yes,Yes,14.7,Yes,Male,Fatal,5,2021,June,12:44
Tamil Nadu,Bus,Clear,Wet,Urban,Morning,52.2,71.06,Not Applicable,No,Yes,Yes,24.8,Expired,Male,Fatal,14,2021,January,5:13
Tamil Nadu,Bike,Foggy,Dry,Rural,Night,54.9,85.05,Yes,Not Applicable,Yes,Yes,11.1,No,Male,Fatal,3,2024,October,21:46
Tamil Nadu,Bike,Clear,Wet,Highway,Morning,108.2,169.31,No,Not Applicable,Yes,Yes,23.4,Yes,Male,Fatal,3,2024,October,9:49
Rajasthan,Bike,Rainy,Damaged,Highway,Afternoon,85.7,130.5,Yes,Not Applicable,No,Yes,18.2,Expired,Female,Fatal,3,2022,April,15:08
Uttar Pradesh,Bus,Clear,Wet,Urban,Night,68.6,93.09,Not Applicable,No,No,No,30.8,Yes,Male,Fatal,26,2019,August,22:55
Karnataka,Truck,Clear,Wet,Rural,Evening,69.8,104.15,Not Applicable,Yes,Yes,Yes,26.7,Expired,Male,Fatal,4,2022,August,17:38
Tamil Nadu,Bus,Clear,Dry,Highway,Morning,96.9,152.1,Not Applicable,Yes,No,No,13.3,Expired,Male,Fatal,15,2020,May,4:46
Karnataka,Bike,Rainy,Wet,Urban,Morning,53.9,75.35,Yes,Not Applicable,Yes,Yes,23.8,Yes,Female,Fatal,3,2021,January,9:37
Uttar Pradesh,Car,Foggy,Wet,Rural,Afternoon,70.8,92.72,Not Applicable,Yes,Yes,No,27.2,Yes,Female,Fatal,3,2021,November,12:07
Rajasthan,Car,Foggy,Wet,Urban,Morning,44.8,68.59,Not Applicable,Yes,Yes,No,29.5,Yes,Female,Fatal,6,2019,June,7:30
Uttar Pradesh,Bus,Clear,Damaged,Highway,Night,89.9,124.98,Not Applicable,No,Yes,No,15.2,No,Male,Fatal,22,2024,January,2:04
Uttar Pradesh,Car,Clear,Wet,Highway,Morning,89.2,141.76,Not Applicable,Yes,No,Yes,22.5,Yes,Male,Fatal,3,2024,August,4:14
Uttar Pradesh,Car,Clear,Wet,Highway,Evening,90,139.21,Not Applicable,Yes,Yes,No,11.5,No,Female,Fatal,4,2019,May,18:36
Gujarat,Bike,Rainy,Wet,Urban,Morning,53.9,83.86,Yes,Not Applicable,Yes,No,20.8,No,Female,Fatal,4,2022,January,8:10
Karnataka,Bike,Clear,Wet,Highway,Morning,87,128.13,Yes,Not Applicable,No,Yes,22.2,Expired,Male,Fatal,3,2019,November,9:55
Karnataka,Bike,Foggy,Dry,Urban,Night,56.5,75.14,Yes,Not Applicable,Yes,No,21.7,No,Female,Fatal,4,2023,September,0:12
Gujarat,Bus,Clear,Damaged,Highway,Night,116.1,155.45,Not Applicable,No,No,No,34.5,Yes,Male,Fatal,10,2023,August,0:04
Maharashtra,Bike,Clear,Wet,Urban,Evening,71.6,95.74,No,Not Applicable,Yes,No,32.6,No,Female,Fatal,4,2020,December,20:46
Tamil Nadu,Bike,Clear,Wet,Highway,Evening,79.4,123.7,Yes,Not Applicable,Yes,Yes,15.9,No,Female,Fatal,4,2022,April,17:57
Rajasthan,Bike,Foggy,Wet,Highway,Night,107,165.53,No,Not Applicable,No,Yes,16.5,Yes,Female,Fatal,3,2023,May,0:45
Maharashtra,Bike,Rainy,Dry,Highway,Evening,83.5,122.93,No,Not Applicable,Yes,No,31.9,No,Female,Fatal,4,2024,February,18:37
Uttar Pradesh,Truck,Rainy,Dry,Highway,Night,75.1,103.46,Not Applicable,No,Yes,No,16,No,Male,Fatal,4,2020,January,2:15
Uttar Pradesh,Bike,Foggy,Damaged,Highway,Night,91.2,120.32,Yes,Not Applicable,Yes,No,29.2,Expired,Male,Fatal,6,2023,July,1:06
Tamil Nadu,Bike,Rainy,Damaged,Highway,Morning,79,124.78,No,Not Applicable,Yes,No,24.5,Expired,Male,Fatal,6,2023,February,10:12
Karnataka,Bus,Clear,Damaged,Urban,Night,70.4,107.54,Not Applicable,Yes,Yes,Yes,34.7,Yes,Male,Fatal,31,2019,July,22:18
Tamil Nadu,Bike,Rainy,Damaged,Rural,Evening,70.8,111.19,No,Not Applicable,No,No,28.1,No,Female,Fatal,3,2021,February,19:04
Karnataka,Bike,Clear,Wet,Rural,Morning,70.3,92.24,Yes,Not Applicable,Yes,No,23,No,Female,Fatal,4,2023,December,6:42
Maharashtra,Bus,Clear,Wet,Urban,Night,69.4,94.87,Not Applicable,Yes,Yes,Yes,23.3,No,Male,Fatal,38,2021,August,21:22
Gujarat,Car,Rainy,Wet,Highway,Night,95.7,143.41,Not Applicable,Yes,Yes,No,34.9,Expired,Female,Fatal,6,2021,November,1:34
Tamil Nadu,Truck,Foggy,Dry,Rural,Night,74,113.82,Not Applicable,No,Yes,Yes,12,No,Male,Fatal,4,2023,September,0:37
Uttar Pradesh,Bus,Clear,Dry,Urban,Night,58.6,84.36,Not Applicable,Yes,Yes,No,27.9,No,Male,Fatal,29,2020,November,23:43
Gujarat,Bike,Clear,Damaged,Highway,Morning,105.1,152.94,Yes,Not Applicable,Yes,No,22,Yes,Female,Fatal,5,2023,April,5:47
Tamil Nadu,Bike,Clear,Wet,Urban,Night,49.3,66.98,No,Not Applicable,No,Yes,22,No,Female,Fatal,4,2020,January,2:46
Maharashtra,Bike,Rainy,Wet,Urban,Night,53.6,74.32,Yes,Not Applicable,Yes,No,17.1,Yes,Female,Fatal,3,2024,August,1:45
Karnataka,Bike,Rainy,Wet,Highway,Afternoon,92.3,138.44,No,Not Applicable,Yes,Yes,17.7,Yes,Male,Fatal,5,2024,June,12:04
Tamil Nadu,Truck,Clear,Dry,Urban,Night,43,64.07,Not Applicable,Yes,Yes,Yes,34,No,Male,Fatal,4,2023,March,21:05
Gujarat,Bike,Clear,Wet,Highway,Night,81.1,115.27,Yes,Not Applicable,No,No,31.7,No,Male,Fatal,4,2021,September,1:51
Tamil Nadu,Bike,Clear,Wet,Highway,Afternoon,95.2,133.88,Yes,Not Applicable,No,No,21.8,Yes,Female,Fatal,2,2023,December,14:18
Maharashtra,Bike,Foggy,Damaged,Rural,Morning,58.5,92.92,No,Not Applicable,No,Yes,15.3,No,Female,Fatal,3,2024,June,5:14
Maharashtra,Bus,Rainy,Wet,Highway,Evening,95.2,140.66,Not Applicable,Yes,No,No,34.2,No,Male,Fatal,27,2022,November,18:04
Rajasthan,Truck,Foggy,Dry,Highway,Morning,87.6,135.32,Not Applicable,Yes,Yes,Yes,14.5,Yes,Male,Fatal,3,2022,July,10:30
Tamil Nadu,Bike,Rainy,Wet,Urban,Night,41.9,59.18,Yes,Not Applicable,Yes,No,13.5,Yes,Male,Fatal,5,2019,October,21:21
Rajasthan,Car,Clear,Damaged,Rural,Morning,63.2,84.98,Not Applicable,No,Yes,No,23.7,No,Male,Fatal,8,2024,November,5:19
Rajasthan,Bike,Foggy,Wet,Urban,Afternoon,51.4,69.65,No,Not Applicable,Yes,Yes,12.8,Expired,Male,Fatal,4,2020,December,13:50
Karnataka,Bike,Rainy,Dry,Highway,Night,81.5,110.93,Yes,Not Applicable,Yes,Yes,18.2,No,Female,Fatal,3,2020,December,2:45
Rajasthan,Bus,Clear,Wet,Rural,Night,52.7,80,Not Applicable,Yes,No,No,34.6,No,Male,Fatal,17,2022,July,1:12
Uttar Pradesh,Bike,Rainy,Wet,Urban,Night,42.6,58.51,No,Not Applicable,Yes,Yes,16.1,No,Female,Fatal,7,2020,April,3:39
Rajasthan,Car,Rainy,Dry,Urban,Morning,39.3,58.37,Not Applicable,No,No,No,33.3,No,Female,Fatal,5,2024,October,10:00
Rajasthan,Bike,Foggy,Damaged,Rural,Night,48.1,64.75,Yes,Not Applicable,Yes,Yes,17.1,Yes,Female,Fatal,5,2019,October,3:08
Uttar Pradesh,Car,Clear,Wet,Highway,Morning,100.5,134.24,Not Applicable,Yes,Yes,No,24.1,No,Female,Fatal,7,2022,May,4:36
Maharashtra,Bike,Clear,Wet,Rural,Night,78.7,121.52,Yes,Not Applicable,Yes,No,24.3,No,Female,Fatal,7,2019,March,2:06
Maharashtra,Car,Foggy,Damaged,Highway,Evening,103.5,135.15,Not Applicable,Yes,No,Yes,24.6,Yes,Male,Fatal,2,2022,February,20:10
Gujarat,Car,Rainy,Damaged,Highway,Morning,88.7,131.8,Not Applicable,Yes,Yes,Yes,11,No,Male,Fatal,4,2024,March,7:12
Gujarat,Car,Foggy,Wet,Highway,Evening,99.8,130.02,Not Applicable,Yes,Yes,Yes,15.1,Yes,Female,Fatal,6,2022,March,18:19
Gujarat,Bike,Clear,Damaged,Highway,Night,105.9,166.53,No,Not Applicable,No,No,17.4,No,Male,Fatal,4,2024,November,1:18
Rajasthan,Bus,Clear,Wet,Highway,Evening,103.4,158.46,Not Applicable,No,No,Yes,11.9,Yes,Male,Fatal,11,2019,May,19:59
Tamil Nadu,Car,Clear,Wet,Highway,Night,91.8,144.19,Not Applicable,No,Yes,Yes,20.8,Yes,Female,Fatal,5,2024,July,1:36
Uttar Pradesh,Car,Rainy,Wet,Urban,Morning,60.9,94.28,Not Applicable,Yes,No,Yes,32.4,Expired,Female,Fatal,5,2024,November,8:11
Uttar Pradesh,Car,Rainy,Wet,Highway,Evening,86.8,120.64,Not Applicable,Yes,No,No,17.5,No,Female,Fatal,5,2023,June,19:56
Maharashtra,Bike,Clear,Dry,Highway,Afternoon,97.3,147.81,Yes,Not Applicable,No,No,26.4,Yes,Male,Fatal,1,2019,November,16:13
Uttar Pradesh,Car,Clear,Dry,Highway,Night,110.8,152.75,Not Applicable,No,No,Yes,11.9,Yes,Male,Fatal,1,2020,March,0:55
Tamil Nadu,Bike,Clear,Damaged,Urban,Evening,63.3,97.53,No,Not Applicable,Yes,No,34.9,Yes,Male,Fatal,3,2022,December,18:01
Tamil Nadu,Bike,Rainy,Wet,Rural,Evening,76.8,120.55,Yes,Not Applicable,No,No,24.1,Expired,Male,Fatal,4,2022,February,19:32
Tamil Nadu,Car,Foggy,Wet,Urban,Morning,37.1,51.28,Not Applicable,Yes,Yes,No,19.5,No,Female,Fatal,4,2019,October,10:51
Uttar Pradesh,Bike,Rainy,Dry,Highway,Night,107.5,159.12,Yes,Not Applicable,No,No,11,Yes,Male,Fatal,1,2023,February,1:09
Uttar Pradesh,Truck,Rainy,Wet,Urban,Night,41.9,58.43,Not Applicable,No,Yes,No,13.4,Expired,Male,Fatal,4,2023,March,23:12
Gujarat,Car,Clear,Wet,Urban,Afternoon,69.6,105.69,Not Applicable,Yes,No,Yes,28.6,No,Female,Fatal,3,2023,June,16:28
Karnataka,Car,Clear,Damaged,Highway,Night,102.8,139.78,Not Applicable,No,Yes,No,17.8,Yes,Female,Fatal,3,2019,July,23:03
Karnataka,Car,Rainy,Dry,Highway,Morning,79.7,123.87,Not Applicable,Yes,No,Yes,32,Yes,Female,Fatal,3,2019,February,8:18
Rajasthan,Car,Foggy,Wet,Urban,Night,63.8,85.45,Not Applicable,Yes,Yes,No,20.8,Yes,Male,Fatal,5,2019,May,2:49
Maharashtra,Bike,Foggy,Damaged,Highway,Morning,100.6,136.74,Yes,Not Applicable,Yes,No,19.3,Yes,Male,Fatal,3,2021,November,8:26
Maharashtra,Car,Rainy,Dry,Urban,Night,47.3,63.55,Not Applicable,Yes,Yes,Yes,29.4,Yes,Male,Fatal,6,2021,September,22:13
Gujarat,Car,Clear,Damaged,Highway,Night,115.7,152.52,Not Applicable,Yes,No,No,10.3,Yes,Female,Fatal,2,2022,September,21:24
Gujarat,Bike,Clear,Wet,Urban,Night,42.4,55.75,Yes,Not Applicable,Yes,No,28.2,No,Male,Fatal,7,2019,July,2:39
Tamil Nadu,Car,Foggy,Wet,Rural,Morning,66.2,97.64,Not Applicable,Yes,Yes,Yes,29.9,Expired,Male,Fatal,4,2019,October,10:41
Uttar Pradesh,Car,Rainy,Wet,Highway,Morning,76.5,100.91,Not Applicable,Yes,Yes,Yes,13.7,Yes,Female,Fatal,9,2022,July,9:07
Gujarat,Car,Clear,Wet,Rural,Afternoon,66.1,86.35,Not Applicable,No,Yes,Yes,13.6,Expired,Female,Fatal,7,2024,August,12:11
Tamil Nadu,Truck,Rainy,Wet,Highway,Morning,78.1,113.77,Not Applicable,Yes,Yes,No,33.5,Expired,Male,Fatal,6,2020,October,8:24
Tamil Nadu,Car,Rainy,Wet,Urban,Morning,57.9,78.33,Not Applicable,Yes,Yes,Yes,34.1,Expired,Female,Fatal,4,2020,August,8:26
Tamil Nadu,Car,Clear,Wet,Highway,Morning,106.2,161.6,Not Applicable,Yes,Yes,Yes,17.1,Yes,Female,Fatal,6,2022,February,5:56
Gujarat,Truck,Foggy,Wet,Rural,Evening,70.5,99.72,Not Applicable,No,Yes,No,11.9,No,Male,Fatal,4,2023,November,17:25
Tamil Nadu,Bus,Clear,Dry,Highway,Morning,79,124.46,Not Applicable,No,No,No,21.2,Yes,Male,Fatal,12,2021,April,11:13
Uttar Pradesh,Bike,Clear,Damaged,Highway,Morning,101.2,144.98,Yes,Not Applicable,Yes,No,26.7,Yes,Female,Fatal,5,2019,November,6:12
Maharashtra,Bike,Rainy,Damaged,Highway,Evening,93.1,148.86,No,Not Applicable,Yes,Yes,29.3,Expired,Female,Fatal,4,2024,February,19:44
Gujarat,Bike,Clear,Wet,Highway,Night,104.6,148.1,No,Not Applicable,No,Yes,29.7,No,Male,Fatal,4,2023,November,22:15
Rajasthan,Bike,Clear,Wet,Highway,Evening,93.2,143.82,No,Not Applicable,No,No,22.2,No,Male,Fatal,4,2023,September,17:34
Rajasthan,Bus,Rainy,Damaged,Rural,Night,54.8,79.44,Not Applicable,No,No,Yes,18,Yes,Male,Fatal,14,2024,April,0:44
Gujarat,Bike,Foggy,Wet,Highway,Night,86.7,128.86,No,Not Applicable,Yes,Yes,24.9,Yes,Female,Fatal,5,2024,July,21:52
Uttar Pradesh,Car,Rainy,Damaged,Urban,Night,70.2,107.46,Not Applicable,Yes,Yes,No,30.9,No,Female,Fatal,7,2019,December,23:28
Maharashtra,Car,Rainy,Wet,Highway,Morning,103,141.79,Not Applicable,No,No,No,28,Yes,Male,Fatal,6,2021,February,11:52
Rajasthan,Bus,Foggy,Wet,Rural,Morning,63.8,82.94,Not Applicable,Yes,Yes,Yes,24.7,Expired,Male,Fatal,41,2019,September,10:53
Rajasthan,Car,Clear,Wet,Rural,Night,78.9,110.05,Not Applicable,Yes,Yes,No,24.5,Expired,Female,Fatal,4,2022,October,1:56
Tamil Nadu,Truck,Clear,Dry,Highway,Night,103.2,157.28,Not Applicable,Yes,No,No,14.4,Yes,Male,Fatal,1,2024,December,3:04
Maharashtra,Car,Foggy,Wet,Urban,Afternoon,39.5,61.04,Not Applicable,No,Yes,Yes,22.3,Expired,Male,Fatal,4,2020,August,14:52
Uttar Pradesh,Car,Clear,Wet,Urban,Night,43.9,68.96,Not Applicable,Yes,No,Yes,18.1,No,Male,Fatal,5,2019,April,21:27
Rajasthan,Bike,Rainy,Dry,Rural,Night,65.6,103.61,Yes,Not Applicable,Yes,Yes,34.2,Yes,Male,Fatal,3,2020,September,2:07
Rajasthan,Car,Rainy,Dry,Highway,Morning,93.9,127.13,Not Applicable,Yes,Yes,Yes,31.8,No,Male,Fatal,7,2024,September,7:47
Uttar Pradesh,Bus,Foggy,Wet,Urban,Afternoon,51,71.97,Not Applicable,Yes,Yes,No,34,Yes,Male,Fatal,30,2023,September,13:42
Maharashtra,Bike,Rainy,Damaged,Rural,Night,49.7,77.86,Yes,Not Applicable,Yes,Yes,14.3,Yes,Male,Fatal,5,2022,June,23:22
Gujarat,Car,Clear,Wet,Rural,Night,51.6,69.66,Not Applicable,Yes,Yes,No,25.7,No,Female,Fatal,7,2020,October,2:43
Uttar Pradesh,Car,Rainy,Dry,Highway,Morning,97.8,153.31,Not Applicable,Yes,Yes,Yes,20.4,Yes,Female,Fatal,5,2019,January,7:55
Gujarat,Bus,Clear,Wet,Urban,Night,56.7,85.65,Not Applicable,Yes,Yes,No,34.7,Yes,Male,Fatal,19,2019,August,2:52
Tamil Nadu,Bike,Foggy,Wet,Urban,Morning,59.3,87.08,Yes,Not Applicable,Yes,No,32.7,Yes,Female,Fatal,3,2024,September,6:36
Karnataka,Car,Foggy,Wet,Highway,Night,91.7,138.34,Not Applicable,Yes,No,No,21.8,Yes,Male,Fatal,6,2019,December,22:16
Karnataka,Car,Foggy,Damaged,Urban,Morning,53.6,81.13,Not Applicable,Yes,Yes,Yes,16.8,Expired,Female,Fatal,8,2020,March,6:19
Rajasthan,Car,Foggy,Wet,Urban,Morning,44.1,67.61,Not Applicable,No,No,Yes,33.6,No,Male,Fatal,5,2019,March,6:35
Uttar Pradesh,Truck,Rainy,Wet,Rural,Evening,70.1,110.04,Not Applicable,Yes,No,Yes,25.5,Expired,Male,Fatal,4,2023,February,17:08
Gujarat,Bike,Clear,Wet,Urban,Morning,52.7,80.04,No,Not Applicable,No,Yes,11.2,No,Male,Fatal,4,2024,February,7:02
Gujarat,Truck,Rainy,Wet,Urban,Afternoon,61.6,98.34,Not Applicable,Yes,Yes,Yes,26.8,Yes,Male,Fatal,3,2019,December,12:31
Gujarat,Bike,Rainy,Damaged,Urban,Morning,53.3,82.25,Yes,Not Applicable,No,Yes,32.9,No,Female,Fatal,4,2020,March,10:39
Gujarat,Car,Rainy,Damaged,Highway,Morning,96.9,153,Not Applicable,Yes,No,No,24.8,Yes,Male,Fatal,3,2022,July,8:51
Uttar Pradesh,Bus,Rainy,Wet,Urban,Night,54.9,85.21,Not Applicable,Yes,No,Yes,15.1,Expired,Male,Fatal,26,2023,January,1:49
Rajasthan,Car,Foggy,Wet,Rural,Night,69.9,111.44,Not Applicable,Yes,No,No,23.4,No,Male,Fatal,4,2022,September,2:41
Rajasthan,Bike,Rainy,Damaged,Rural,Evening,66.1,93.55,No,Not Applicable,Yes,Yes,16.6,Yes,Female,Fatal,3,2023,September,17:39
Karnataka,Car,Rainy,Wet,Highway,Afternoon,98.3,128.77,Not Applicable,No,No,No,27.3,Expired,Male,Fatal,7,2019,April,16:05
Maharashtra,Car,Clear,Damaged,Urban,Morning,50.4,70.87,Not Applicable,Yes,Yes,No,26.7,No,Female,Fatal,9,2020,December,11:56
Tamil Nadu,Bike,Foggy,Wet,Highway,Night,102.6,162.54,No,Not Applicable,No,No,22.6,Yes,Male,Fatal,2,2022,April,22:56
Rajasthan,Car,Rainy,Wet,Urban,Afternoon,65,86.92,Not Applicable,No,Yes,Yes,29.7,No,Male,Fatal,4,2019,June,12:57
Tamil Nadu,Car,Foggy,Dry,Highway,Morning,103.5,153.82,Not Applicable,Yes,Yes,Yes,16.3,Expired,Male,Fatal,6,2022,October,10:15
Gujarat,Bus,Rainy,Wet,Highway,Morning,74.6,100.08,Not Applicable,Yes,Yes,Yes,30.5,Expired,Male,Fatal,41,2022,February,8:37
Tamil Nadu,Bike,Clear,Wet,Urban,Morning,52.8,77.02,Yes,Not Applicable,Yes,Yes,24.2,No,Male,Fatal,7,2019,December,4:49
Tamil Nadu,Bike,Rainy,Dry,Urban,Night,48.4,67.91,No,Not Applicable,Yes,No,28.3,No,Female,Fatal,3,2021,March,2:20
Karnataka,Bike,Rainy,Wet,Highway,Evening,76.6,119.08,No,Not Applicable,Yes,No,25.7,No,Female,Fatal,4,2024,April,20:01
Rajasthan,Car,Clear,Damaged,Highway,Evening,96.2,133.16,Not Applicable,No,No,Yes,34,No,Female,Fatal,4,2023,May,20:33
Tamil Nadu,Car,Clear,Damaged,Highway,Morning,92.9,147.16,Not Applicable,Yes,Yes,No,15.4,Expired,Male,Fatal,6,2021,April,11:29
Maharashtra,Truck,Foggy,Wet,Rural,Evening,72.9,108.31,Not Applicable,No,Yes,No,26.1,Yes,Male,Fatal,5,2024,December,19:38
Gujarat,Bike,Clear,Damaged,Highway,Night,85.5,133.97,Yes,Not Applicable,Yes,No,27.7,Expired,Female,Fatal,4,2019,December,2:09
Rajasthan,Car,Foggy,Damaged,Highway,Night,100.8,136.42,Not Applicable,Yes,No,No,28.5,No,Male,Fatal,4,2021,March,0:42
Gujarat,Bike,Rainy,Dry,Highway,Morning,83.7,129.5,Yes,Not Applicable,Yes,Yes,25.4,Expired,Female,Fatal,3,2020,October,9:28
Karnataka,Car,Clear,Wet,Highway,Evening,83.4,124.93,Not Applicable,Yes,Yes,No,33.8,Yes,Male,Fatal,5,2024,March,20:59
Tamil Nadu,Bike,Clear,Wet,Urban,Night,53.3,76.6,No,Not Applicable,No,Yes,34.2,Expired,Male,Fatal,4,2020,November,21:09
Karnataka,Bike,Foggy,Wet,Highway,Night,101.3,145.58,Yes,Not Applicable,Yes,No,13,Yes,Male,Fatal,5,2022,February,2:32
Tamil Nadu,Car,Clear,Wet,Rural,Night,70.1,93.69,Not Applicable,Yes,Yes,No,17.3,Expired,Male,Fatal,10,2021,June,2:00
Maharashtra,Car,Foggy,Wet,Highway,Night,84.8,132.33,Not Applicable,No,Yes,Yes,14.6,No,Female,Fatal,7,2023,September,3:17
Rajasthan,Bike,Clear,Wet,Highway,Afternoon,92.6,126.26,No,Not Applicable,No,No,17.9,No,Female,Fatal,3,2020,May,12:00
Tamil Nadu,Bike,Clear,Wet,Urban,Morning,54.4,79.4,Yes,Not Applicable,Yes,No,14.1,No,Female,Fatal,7,2023,March,8:54
Karnataka,Bike,Rainy,Dry,Urban,Evening,50.4,65.7,No,Not Applicable,Yes,No,10.4,Expired,Female,Fatal,4,2021,December,20:05
Gujarat,Car,Rainy,Wet,Highway,Night,108.5,144.74,Not Applicable,Yes,Yes,No,21.4,Yes,Female,Fatal,6,2019,August,0:37
Rajasthan,Car,Rainy,Damaged,Rural,Night,63.1,85.67,Not Applicable,No,Yes,No,21.7,Yes,Female,Fatal,3,2024,March,2:55
Maharashtra,Bus,Clear,Wet,Urban,Night,69.1,93.58,Not Applicable,Yes,Yes,No,22.4,No,Male,Fatal,24,2019,June,23:38
Karnataka,Car,Clear,Damaged,Highway,Afternoon,103.9,140.61,Not Applicable,Yes,Yes,No,22.4,Yes,Male,Fatal,7,2024,December,14:57
Tamil Nadu,Bike,Clear,Wet,Highway,Evening,113.5,159.54,Yes,Not Applicable,No,Yes,20.7,Yes,Female,Fatal,3,2019,February,19:04
Karnataka,Bike,Rainy,Damaged,Urban,Evening,37.3,58.13,No,Not Applicable,No,Yes,34.2,No,Male,Fatal,4,2020,August,18:16
Tamil Nadu,Bike,Foggy,Dry,Highway,Morning,85.7,123.21,No,Not Applicable,No,Yes,10.8,Yes,Male,Fatal,1,2024,March,4:42
Gujarat,Bike,Clear,Damaged,Highway,Evening,112.5,158.07,Yes,Not Applicable,Yes,No,15.7,Expired,Male,Fatal,4,2020,October,19:46
Gujarat,Bike,Clear,Wet,Urban,Morning,45.1,63,Yes,Not Applicable,Yes,Yes,31.3,No,Female,Fatal,4,2024,March,11:13
Uttar Pradesh,Bike,Clear,Wet,Urban,Night,73.3,114.46,Yes,Not Applicable,Yes,Yes,16.1,Yes,Female,Fatal,5,2023,July,21:10
Gujarat,Bike,Rainy,Wet,Highway,Afternoon,82.5,110.73,Yes,Not Applicable,Yes,No,29.6,Yes,Female,Fatal,3,2019,November,15:58
Maharashtra,Truck,Rainy,Damaged,Highway,Morning,104.4,151.6,Not Applicable,Yes,Yes,Yes,34,Yes,Male,Fatal,5,2019,September,10:33
Rajasthan,Car,Clear,Wet,Rural,Morning,64,96.19,Not Applicable,No,Yes,No,14.7,No,Male,Fatal,4,2023,February,10:15
Karnataka,Car,Foggy,Wet,Urban,Afternoon,65.2,95.46,Not Applicable,Yes,No,No,26.7,No,Female,Fatal,4,2022,January,16:08
Gujarat,Car,Clear,Damaged,Urban,Morning,69,98.83,Not Applicable,Yes,Yes,Yes,14.2,No,Male,Fatal,8,2022,November,10:53
Karnataka,Car,Rainy,Wet,Urban,Night,59,86.53,Not Applicable,No,No,No,32.9,No,Female,Fatal,3,2019,August,3:17
Rajasthan,Car,Rainy,Damaged,Rural,Night,59.5,94.64,Not Applicable,No,No,Yes,10.6,Yes,Female,Fatal,4,2024,July,22:06
Gujarat,Truck,Foggy,Damaged,Urban,Morning,57.8,81.69,Not Applicable,No,Yes,No,28.5,Yes,Male,Fatal,3,2022,June,9:17
Tamil Nadu,Bike,Clear,Wet,Highway,Evening,97.2,146.81,No,Not Applicable,Yes,No,10.3,Expired,Female,Fatal,6,2019,June,20:28
Gujarat,Car,Rainy,Wet,Highway,Night,92.3,126.83,Not Applicable,No,No,No,26.8,No,Female,Fatal,5,2020,April,21:01
Uttar Pradesh,Bike,Rainy,Wet,Urban,Morning,68.8,98.69,No,Not Applicable,Yes,Yes,11.7,Yes,Male,Fatal,3,2024,December,7:18
Maharashtra,Car,Rainy,Wet,Rural,Evening,52.6,83.82,Not Applicable,Yes,No,Yes,30.7,No,Female,Fatal,3,2024,September,18:06
Rajasthan,Bike,Foggy,Wet,Highway,Evening,81.8,124.26,Yes,Not Applicable,Yes,No,17.1,Yes,Female,Fatal,3,2019,July,18:05
Gujarat,Bike,Rainy,Wet,Highway,Afternoon,96.2,142.31,Yes,Not Applicable,Yes,No,12.2,Yes,Female,Fatal,3,2020,November,16:29
Tamil Nadu,Bike,Clear,Wet,Highway,Night,107.7,147.81,No,Not Applicable,No,No,16.3,Yes,Female,Fatal,2,2024,April,2:00
Tamil Nadu,Bike,Clear,Damaged,Highway,Afternoon,90.6,132.14,No,Not Applicable,Yes,No,33.5,Yes,Female,Fatal,3,2022,September,15:23
Gujarat,Truck,Rainy,Wet,Rural,Evening,57.7,88.97,Not Applicable,No,Yes,Yes,30.9,No,Male,Fatal,7,2024,February,17:24
Maharashtra,Truck,Foggy,Damaged,Urban,Night,59.6,93.61,Not Applicable,Yes,Yes,Yes,31.9,Yes,Male,Fatal,3,2021,March,21:06
Karnataka,Bus,Foggy,Wet,Highway,Afternoon,73.8,108.45,Not Applicable,Yes,Yes,No,35,No,Male,Fatal,44,2022,May,12:52
Uttar Pradesh,Bike,Foggy,Dry,Urban,Evening,49.7,68.18,No,Not Applicable,Yes,Yes,22.2,Expired,Female,Fatal,3,2022,August,17:09
Gujarat,Bike,Rainy,Damaged,Urban,Morning,64.7,101.02,Yes,Not Applicable,Yes,Yes,30,Yes,Female,Fatal,3,2022,March,4:44
Maharashtra,Car,Clear,Dry,Highway,Night,105.9,158.52,Not Applicable,Yes,Yes,No,25.2,No,Male,Fatal,4,2020,May,2:11
Karnataka,Bike,Foggy,Damaged,Highway,Night,75,115.14,Yes,Not Applicable,Yes,No,27.5,Yes,Male,Fatal,5,2024,June,1:28
Maharashtra,Bike,Rainy,Wet,Rural,Morning,76.9,101.63,No,Not Applicable,No,Yes,29.5,Expired,Male,Fatal,3,2019,October,8:20
Rajasthan,Truck,Foggy,Damaged,Rural,Evening,51.6,68.85,Not Applicable,Yes,Yes,Yes,30.2,No,Male,Fatal,7,2024,May,17:31
Tamil Nadu,Car,Clear,Damaged,Urban,Night,58.7,88.37,Not Applicable,No,Yes,No,19.2,Yes,Male,Fatal,5,2020,January,21:45
Gujarat,Bike,Rainy,Wet,Urban,Night,44,57.22,Yes,Not Applicable,Yes,Yes,31.8,No,Female,Fatal,4,2023,June,1:39
Maharashtra,Car,Rainy,Damaged,Highway,Morning,96.3,151.99,Not Applicable,Yes,Yes,No,13.2,Yes,Male,Fatal,6,2019,June,11:19
Karnataka,Bike,Clear,Wet,Highway,Night,100.5,142.72,Yes,Not Applicable,Yes,No,29.1,Yes,Male,Fatal,3,2019,August,21:45
Tamil Nadu,Bike,Foggy,Wet,Rural,Afternoon,57.7,86.73,Yes,Not Applicable,Yes,No,25,Expired,Female,Fatal,4,2021,May,15:29
Karnataka,Car,Rainy,Wet,Urban,Night,66,103.42,Not Applicable,Yes,Yes,Yes,31.1,No,Female,Fatal,4,2024,December,22:25
Uttar Pradesh,Truck,Foggy,Wet,Highway,Night,88.7,140.16,Not Applicable,No,No,Yes,29.6,Yes,Male,Fatal,3,2020,February,22:55
Maharashtra,Bike,Clear,Dry,Urban,Night,46.7,70.82,Yes,Not Applicable,Yes,No,29.9,No,Male,Fatal,3,2019,January,23:06
Uttar Pradesh,Bike,Clear,Damaged,Urban,Morning,50.3,76.69,No,Not Applicable,Yes,No,30.8,No,Female,Fatal,4,2021,June,11:37
Tamil Nadu,Truck,Rainy,Wet,Highway,Night,84.6,134.78,Not Applicable,Yes,Yes,Yes,12.4,Yes,Male,Fatal,5,2022,December,3:33
Maharashtra,Car,Clear,Wet,Highway,Night,101.7,156.52,Not Applicable,Yes,No,No,29.9,Yes,Female,Fatal,3,2023,April,2:36
Tamil Nadu,Truck,Rainy,Damaged,Urban,Morning,61.4,92.75,Not Applicable,Yes,Yes,Yes,16.5,No,Male,Fatal,4,2024,April,8:17
Gujarat,Bike,Rainy,Wet,Highway,Evening,72.1,97.07,Yes,Not Applicable,Yes,Yes,27.5,Yes,Male,Fatal,3,2021,January,20:38
Gujarat,Car,Rainy,Wet,Urban,Morning,66.9,104.9,Not Applicable,No,Yes,Yes,31.3,No,Female,Fatal,4,2024,July,4:14
Maharashtra,Bike,Rainy,Wet,Rural,Afternoon,73.9,110.9,Yes,Not Applicable,Yes,No,33.2,Yes,Female,Fatal,3,2021,March,15:40
Karnataka,Car,Clear,Dry,Highway,Night,92,122.81,Not Applicable,Yes,Yes,No,25.9,No,Male,Fatal,7,2020,December,3:35
Rajasthan,Car,Foggy,Damaged,Highway,Night,94.2,128.5,Not Applicable,Yes,Yes,No,24.3,Yes,Female,Fatal,7,2024,October,21:57
Tamil Nadu,Bike,Rainy,Wet,Highway,Evening,85.6,135.88,No,Not Applicable,No,Yes,23.8,Yes,Female,Fatal,2,2023,September,18:48
Uttar Pradesh,Car,Foggy,Wet,Urban,Night,66.5,87.09,Not Applicable,Yes,Yes,Yes,30.5,No,Male,Fatal,8,2024,March,3:47
Maharashtra,Bus,Clear,Damaged,Urban,Night,61.3,82.93,Not Applicable,Yes,Yes,No,15.4,No,Male,Fatal,38,2020,July,23:11
Karnataka,Bike,Rainy,Wet,Urban,Afternoon,48.7,75.56,No,Not Applicable,Yes,Yes,21.5,Yes,Male,Fatal,3,2023,August,16:02
Rajasthan,Car,Rainy,Wet,Highway,Evening,99,138.29,Not Applicable,Yes,Yes,No,17.1,No,Female,Fatal,12,2019,December,17:04
Karnataka,Bike,Foggy,Damaged,Highway,Afternoon,99.6,137.41,Yes,Not Applicable,No,No,30.8,No,Female,Fatal,3,2022,May,15:42
Maharashtra,Bike,Foggy,Wet,Rural,Night,68.6,91.21,No,Not Applicable,Yes,No,24.8,No,Male,Fatal,4,2024,November,23:40
Rajasthan,Bus,Rainy,Dry,Highway,Night,104.7,162.71,Not Applicable,Yes,No,No,13.7,No,Male,Fatal,22,2024,August,0:42
Uttar Pradesh,Truck,Rainy,Wet,Highway,Morning,91.5,140.63,Not Applicable,Yes,No,No,20.4,Yes,Male,Fatal,2,2020,June,4:44
Tamil Nadu,Car,Foggy,Damaged,Highway,Morning,72,112.53,Not Applicable,Yes,No,Yes,25.9,No,Female,Fatal,4,2019,November,8:25
Rajasthan,Car,Clear,Damaged,Highway,Evening,80.2,121.6,Not Applicable,Yes,Yes,Yes,33.8,Yes,Male,Fatal,5,2024,February,18:08
Karnataka,Bike,Rainy,Dry,Highway,Night,85.5,130.75,Yes,Not Applicable,Yes,No,15.9,Yes,Female,Fatal,3,2020,March,21:16
Tamil Nadu,Bike,Clear,Wet,Urban,Evening,57.5,86.02,Yes,Not Applicable,Yes,Yes,31.3,Yes,Female,Fatal,3,2022,September,18:26
Uttar Pradesh,Truck,Rainy,Wet,Highway,Morning,94.6,145.63,Not Applicable,Yes,No,Yes,12.5,Expired,Male,Fatal,4,2023,March,8:31
Uttar Pradesh,Bike,Rainy,Wet,Urban,Night,64,94.69,No,Not Applicable,No,Yes,16.9,Yes,Female,Fatal,2,2021,June,0:37
Maharashtra,Bus,Rainy,Wet,Highway,Afternoon,104.9,141.06,Not Applicable,Yes,Yes,No,29.4,Yes,Male,Fatal,12,2022,June,15:50
Rajasthan,Truck,Foggy,Dry,Urban,Afternoon,56,79.71,Not Applicable,No,Yes,Yes,25.4,Expired,Male,Fatal,4,2023,May,14:34
Tamil Nadu,Car,Rainy,Wet,Highway,Night,71.5,110.49,Not Applicable,Yes,Yes,No,17.1,No,Female,Fatal,4,2024,August,1:33
Gujarat,Car,Clear,Damaged,Urban,Night,62.4,97.47,Not Applicable,Yes,Yes,No,15.6,No,Female,Fatal,8,2020,September,22:39
Uttar Pradesh,Bus,Rainy,Wet,Rural,Morning,77.9,112.07,Not Applicable,Yes,No,No,26.4,No,Male,Fatal,15,2023,August,11:54
Maharashtra,Car,Rainy,Wet,Highway,Night,97.6,152.12,Not Applicable,Yes,No,Yes,13.7,Expired,Female,Fatal,3,2021,July,2:13
Tamil Nadu,Bike,Foggy,Damaged,Urban,Night,50.7,72.49,No,Not Applicable,Yes,Yes,28.6,Expired,Female,Fatal,4,2023,March,23:12
Uttar Pradesh,Bike,Clear,Dry,Rural,Night,79.9,127.59,No,Not Applicable,No,Yes,12.5,No,Female,Fatal,2,2019,March,2:04
Maharashtra,Bike,Foggy,Dry,Urban,Night,47.4,63.43,Yes,Not Applicable,No,Yes,30.7,No,Male,Fatal,3,2024,September,3:48
Maharashtra,Truck,Rainy,Damaged,Highway,Morning,76.9,102.44,Not Applicable,Yes,No,Yes,28.5,No,Male,Fatal,4,2020,November,4:24
Karnataka,Car,Clear,Dry,Highway,Evening,108.9,170.62,Not Applicable,Yes,No,No,21.4,Yes,Male,Fatal,2,2021,September,19:16
Rajasthan,Bus,Clear,Wet,Highway,Night,111.3,177.26,Not Applicable,Yes,Yes,Yes,34.9,Yes,Male,Fatal,30,2023,January,22:57
Tamil Nadu,Bike,Clear,Dry,Rural,Morning,64.2,86.73,Yes,Not Applicable,Yes,Yes,30.9,No,Female,Fatal,3,2023,April,10:23
Karnataka,Bike,Rainy,Damaged,Rural,Afternoon,67.5,88.62,Yes,Not Applicable,Yes,Yes,34.3,No,Female,Fatal,4,2021,January,15:02
Uttar Pradesh,Bike,Clear,Dry,Highway,Morning,98.5,133.78,Yes,Not Applicable,Yes,No,20.8,Yes,Female,Fatal,3,2020,July,11:11
Gujarat,Car,Foggy,Wet,Rural,Afternoon,51.8,79.58,Not Applicable,Yes,Yes,Yes,19,Expired,Female,Fatal,7,2023,May,13:37
Rajasthan,Bike,Rainy,Wet,Urban,Afternoon,66.4,94.67,No,Not Applicable,No,No,34,No,Male,Fatal,4,2020,November,13:01
Maharashtra,Bike,Foggy,Wet,Highway,Morning,99.1,141.62,No,Not Applicable,No,No,29,Expired,Female,Fatal,4,2023,December,10:14
Maharashtra,Bus,Rainy,Damaged,Highway,Morning,96.6,140.37,Not Applicable,Yes,No,Yes,15.6,Yes,Male,Fatal,23,2020,April,10:12
Karnataka,Car,Clear,Dry,Highway,Night,91.9,144.49,Not Applicable,Yes,Yes,No,12.4,Yes,Male,Fatal,3,2024,May,3:08
Uttar Pradesh,Car,Foggy,Wet,Urban,Night,38.4,52.38,Not Applicable,Yes,Yes,No,14,No,Male,Fatal,12,2022,April,21:54
Maharashtra,Car,Foggy,Wet,Highway,Afternoon,76.5,111.34,Not Applicable,Yes,Yes,Yes,28.8,Expired,Male,Fatal,4,2023,May,14:13
Gujarat,Truck,Foggy,Damaged,Urban,Night,60.8,83.19,Not Applicable,No,No,Yes,28,Yes,Male,Fatal,2,2020,March,23:31
Maharashtra,Bike,Foggy,Damaged,Urban,Night,41.4,56.96,Yes,Not Applicable,Yes,No,31.6,Yes,Female,Fatal,3,2019,April,21:30
Tamil Nadu,Bike,Clear,Wet,Urban,Night,44.7,64.68,No,Not Applicable,Yes,Yes,20.1,No,Female,Fatal,7,2020,January,22:41
Tamil Nadu,Bike,Rainy,Wet,Highway,Afternoon,83.3,129.5,No,Not Applicable,Yes,No,14.4,Yes,Female,Fatal,5,2022,October,13:22
Rajasthan,Bike,Foggy,Wet,Highway,Morning,97.5,143.48,Yes,Not Applicable,Yes,Yes,29.3,Yes,Female,Fatal,3,2020,March,4:11
Karnataka,Bike,Foggy,Dry,Urban,Morning,57.1,81.41,No,Not Applicable,Yes,Yes,31.7,Expired,Female,Fatal,3,2020,February,9:40
Gujarat,Car,Clear,Damaged,Highway,Night,109.2,163.36,Not Applicable,Yes,Yes,No,12.4,Yes,Female,Fatal,3,2021,May,1:12
Karnataka,Car,Clear,Damaged,Urban,Afternoon,66.9,97.12,Not Applicable,No,Yes,Yes,31.2,Yes,Female,Fatal,5,2024,March,13:44
Gujarat,Car,Rainy,Damaged,Highway,Evening,88.1,120.88,Not Applicable,Yes,No,No,19.6,Expired,Male,Fatal,3,2024,August,18:58
Uttar Pradesh,Bike,Foggy,Damaged,Highway,Morning,85.2,123.51,No,Not Applicable,No,No,34.5,Yes,Female,Fatal,3,2022,July,7:49
Rajasthan,Bus,Rainy,Damaged,Highway,Morning,81.2,127.79,Not Applicable,No,No,Yes,14,Yes,Male,Fatal,12,2021,April,11:16
Tamil Nadu,Car,Clear,Wet,Rural,Evening,83.7,129.09,Not Applicable,Yes,No,No,22.2,No,Male,Fatal,3,2024,November,20:48
Uttar Pradesh,Car,Rainy,Wet,Highway,Afternoon,77.2,109.71,Not Applicable,No,Yes,No,14.7,Yes,Female,Fatal,9,2019,November,13:38
Gujarat,Bike,Clear,Wet,Highway,Night,96.8,141.2,Yes,Not Applicable,Yes,No,26.9,Yes,Female,Fatal,3,2019,February,2:32
Tamil Nadu,Bike,Rainy,Wet,Urban,Evening,61.2,93.26,No,Not Applicable,No,Yes,30.6,Yes,Male,Fatal,3,2022,September,17:16
Maharashtra,Car,Rainy,Wet,Urban,Night,51.1,72.38,Not Applicable,Yes,No,Yes,34.7,Yes,Male,Fatal,2,2023,September,1:14
Maharashtra,Truck,Clear,Wet,Urban,Night,44.5,70.53,Not Applicable,No,No,No,21.4,Expired,Male,Fatal,4,2023,June,23:49
Tamil Nadu,Bike,Clear,Wet,Urban,Night,47.8,65.97,Yes,Not Applicable,Yes,Yes,14.6,Yes,Male,Fatal,3,2022,August,23:56
Karnataka,Bike,Clear,Dry,Highway,Night,105.7,146.29,No,Not Applicable,Yes,No,33.7,Yes,Female,Fatal,3,2019,August,22:22
Gujarat,Car,Foggy,Dry,Highway,Night,107.8,170.74,Not Applicable,Yes,No,No,29.3,No,Female,Fatal,3,2020,July,21:24
Tamil Nadu,Bike,Clear,Wet,Urban,Evening,59.5,90.69,No,Not Applicable,No,Yes,33.8,No,Male,Fatal,3,2020,March,18:23
Rajasthan,Car,Rainy,Damaged,Highway,Morning,95.7,140.11,Not Applicable,Yes,No,Yes,33,Yes,Female,Fatal,3,2023,September,5:18
Maharashtra,Car,Rainy,Damaged,Urban,Afternoon,61.7,92.91,Not Applicable,Yes,Yes,Yes,29.6,Yes,Female,Fatal,5,2023,December,14:21
Rajasthan,Truck,Clear,Dry,Highway,Morning,109.6,149.59,Not Applicable,Yes,No,No,14.9,Yes,Male,Fatal,1,2021,October,6:00
Uttar Pradesh,Car,Clear,Wet,Rural,Afternoon,80,119.2,Not Applicable,Yes,Yes,No,14,No,Male,Fatal,12,2020,September,14:09
Karnataka,Car,Rainy,Wet,Urban,Night,63.1,95.27,Not Applicable,Yes,Yes,No,20.9,Yes,Female,Fatal,3,2019,December,21:19
Maharashtra,Bus,Clear,Wet,Urban,Night,48.6,76.9,Not Applicable,No,Yes,Yes,17.8,Yes,Male,Fatal,28,2021,April,21:03
Karnataka,Truck,Foggy,Damaged,Urban,Night,55.8,77.81,Not Applicable,Yes,Yes,Yes,26,Expired,Male,Fatal,6,2020,November,21:10
Rajasthan,Bus,Rainy,Dry,Urban,Morning,37.9,56.44,Not Applicable,Yes,Yes,No,29.8,No,Male,Fatal,30,2019,June,10:13
Gujarat,Car,Rainy,Damaged,Highway,Evening,102.3,140.23,Not Applicable,Yes,Yes,No,18,Expired,Female,Fatal,7,2024,September,19:43
Gujarat,Bike,Rainy,Dry,Rural,Morning,58.1,77.47,No,Not Applicable,Yes,No,27.3,Yes,Male,Fatal,2,2019,September,9:32
Gujarat,Bike,Clear,Dry,Highway,Night,113.4,154.69,Yes,Not Applicable,Yes,No,16.5,No,Female,Fatal,3,2023,January,0:15
Maharashtra,Car,Rainy,Damaged,Rural,Afternoon,58,77.12,Not Applicable,No,Yes,No,15.2,Yes,Male,Fatal,3,2021,July,12:24
Tamil Nadu,Bike,Rainy,Wet,Urban,Evening,42.8,66.22,No,Not Applicable,Yes,Yes,29.7,No,Male,Fatal,7,2023,January,17:24
Tamil Nadu,Car,Clear,Dry,Highway,Night,108.3,159.54,Not Applicable,Yes,Yes,Yes,20.8,No,Female,Fatal,3,2019,February,21:15
Uttar Pradesh,Car,Clear,Wet,Highway,Afternoon,94,135.43,Not Applicable,Yes,Yes,No,27.6,Yes,Female,Fatal,5,2019,March,12:55
Maharashtra,Car,Rainy,Dry,Urban,Morning,46.2,68.98,Not Applicable,Yes,Yes,Yes,15.7,No,Female,Fatal,8,2020,May,7:45
Gujarat,Truck,Rainy,Wet,Rural,Morning,76.6,99.93,Not Applicable,Yes,Yes,Yes,32.7,Yes,Male,Fatal,5,2021,February,10:47
Karnataka,Bike,Rainy,Wet,Highway,Night,92.5,124.45,No,Not Applicable,No,Yes,23.2,Expired,Male,Fatal,4,2023,July,21:00
Gujarat,Truck,Rainy,Wet,Urban,Evening,61.5,91.76,Not Applicable,No,Yes,Yes,29.4,Yes,Male,Fatal,3,2023,August,20:13
Karnataka,Car,Rainy,Dry,Highway,Night,92.2,120.07,Not Applicable,Yes,Yes,No,34.6,No,Female,Fatal,3,2022,March,22:04
Tamil Nadu,Car,Clear,Dry,Highway,Morning,100,149.42,Not Applicable,Yes,Yes,Yes,20.6,No,Female,Fatal,4,2019,April,7:54
Uttar Pradesh,Truck,Clear,Damaged,Highway,Morning,96.3,153.37,Not Applicable,Yes,Yes,No,18.7,No,Male,Fatal,7,2024,December,4:08
Tamil Nadu,Truck,Clear,Dry,Urban,Night,71.8,100.6,Not Applicable,No,Yes,Yes,28.5,No,Male,Fatal,3,2022,September,2:17
Rajasthan,Bike,Foggy,Wet,Urban,Evening,58.9,81.71,No,Not Applicable,Yes,No,21.3,Yes,Female,Fatal,3,2024,March,20:48
Uttar Pradesh,Car,Clear,Damaged,Highway,Afternoon,88.9,140.71,Not Applicable,Yes,Yes,Yes,13.5,Yes,Female,Fatal,5,2024,May,13:06
Rajasthan,Bike,Rainy,Dry,Highway,Morning,85.2,125.39,Yes,Not Applicable,No,No,10.1,Expired,Female,Fatal,2,2022,June,8:27
Maharashtra,Bus,Rainy,Damaged,Rural,Morning,46.8,63.41,Not Applicable,No,Yes,No,25.5,No,Male,Fatal,17,2023,January,11:25
Uttar Pradesh,Bike,Clear,Damaged,Highway,Night,88,131.33,Yes,Not Applicable,Yes,Yes,27,No,Male,Fatal,7,2021,January,22:55
Uttar Pradesh,Car,Clear,Wet,Highway,Morning,100.7,151.54,Not Applicable,No,No,No,34,No,Male,Fatal,8,2024,June,11:55
Karnataka,Car,Rainy,Damaged,Urban,Evening,45.1,60.18,Not Applicable,No,Yes,Yes,32.2,Yes,Female,Fatal,6,2023,August,18:48
Tamil Nadu,Car,Clear,Wet,Urban,Night,73.8,114.12,Not Applicable,Yes,Yes,No,16.4,No,Female,Fatal,4,2023,December,3:36
Karnataka,Car,Foggy,Damaged,Urban,Night,42.9,55.82,Not Applicable,Yes,No,Yes,27.2,No,Female,Fatal,7,2020,September,3:43
Rajasthan,Bike,Clear,Damaged,Highway,Afternoon,98.6,134.62,Yes,Not Applicable,Yes,No,27.2,No,Male,Fatal,4,2021,November,15:25
Maharashtra,Bike,Foggy,Wet,Highway,Night,79,109.16,Yes,Not Applicable,Yes,Yes,19.3,Yes,Male,Fatal,5,2022,March,1:56
Uttar Pradesh,Truck,Foggy,Wet,Highway,Night,107.6,151.48,Not Applicable,Yes,No,Yes,10.4,No,Male,Fatal,3,2021,April,21:35
Uttar Pradesh,Truck,Rainy,Wet,Urban,Morning,57.2,86.07,Not Applicable,No,Yes,No,11.9,Yes,Male,Fatal,5,2019,August,9:40
Gujarat,Bus,Clear,Wet,Urban,Morning,58.7,87.06,Not Applicable,Yes,Yes,Yes,25.4,No,Male,Fatal,27,2019,July,11:45
Maharashtra,Car,Rainy,Damaged,Highway,Afternoon,70.9,112.74,Not Applicable,Yes,Yes,No,10.7,No,Female,Fatal,7,2024,September,14:08
Maharashtra,Bike,Clear,Dry,Rural,Morning,76.3,121.78,Yes,Not Applicable,Yes,No,14.5,No,Female,Fatal,4,2022,March,7:22
Gujarat,Car,Clear,Wet,Highway,Morning,95.2,138.95,Not Applicable,Yes,Yes,No,22.1,Yes,Female,Fatal,6,2023,April,7:35
Rajasthan,Bike,Clear,Dry,Urban,Night,76.6,121.85,No,Not Applicable,Yes,No,34.2,Yes,Female,Fatal,2,2022,March,2:04
Tamil Nadu,Car,Rainy,Wet,Rural,Night,60.1,85.53,Not Applicable,Yes,Yes,Yes,33,Expired,Female,Fatal,7,2023,January,1:03
Uttar Pradesh,Car,Clear,Damaged,Highway,Afternoon,101.6,140.04,Not Applicable,Yes,Yes,No,13.2,No,Female,Fatal,8,2022,November,16:24
Karnataka,Car,Foggy,Damaged,Highway,Morning,78.8,111.85,Not Applicable,Yes,Yes,Yes,34.6,Expired,Female,Fatal,6,2022,August,4:06
Gujarat,Truck,Rainy,Dry,Highway,Afternoon,94.7,132.19,Not Applicable,No,No,No,15.3,Yes,Male,Fatal,1,2020,October,14:41
Uttar Pradesh,Car,Clear,Wet,Highway,Afternoon,93.7,145.33,Not Applicable,Yes,No,Yes,33.2,No,Female,Fatal,3,2022,January,14:28
Tamil Nadu,Bike,Foggy,Wet,Urban,Morning,64.9,88.6,No,Not Applicable,Yes,No,28.7,Yes,Male,Fatal,3,2019,November,8:51
Gujarat,Car,Foggy,Wet,Highway,Morning,95.2,130.87,Not Applicable,Yes,Yes,No,21.1,Expired,Male,Fatal,7,2021,August,5:29
Rajasthan,Car,Rainy,Wet,Urban,Night,48.7,66.93,Not Applicable,No,Yes,Yes,11.8,No,Male,Fatal,8,2022,July,22:00
Maharashtra,Bike,Rainy,Damaged,Highway,Morning,82.3,115.08,Yes,Not Applicable,Yes,Yes,28.8,No,Male,Fatal,4,2021,August,9:04
Tamil Nadu,Bike,Clear,Wet,Highway,Afternoon,99.3,139.66,Yes,Not Applicable,Yes,No,31.7,Yes,Female,Fatal,3,2020,August,14:44
Maharashtra,Car,Rainy,Wet,Rural,Night,73.4,116.22,Not Applicable,Yes,No,No,20.7,No,Male,Fatal,5,2020,December,1:28
Tamil Nadu,Bike,Clear,Damaged,Urban,Night,71.5,101.37,Yes,Not Applicable,Yes,Yes,29.5,Yes,Female,Fatal,3,2021,October,23:50
Gujarat,Truck,Rainy,Wet,Highway,Morning,91.9,132.4,Not Applicable,Yes,Yes,No,28.7,Yes,Male,Fatal,3,2021,January,5:18
Tamil Nadu,Bike,Rainy,Dry,Urban,Morning,48.9,73.72,No,Not Applicable,Yes,No,26.7,No,Male,Fatal,4,2021,May,6:02
Uttar Pradesh,Bike,Rainy,Wet,Urban,Morning,62.2,97.17,No,Not Applicable,Yes,Yes,10.1,Yes,Female,Fatal,5,2019,July,6:41
Karnataka,Car,Rainy,Wet,Urban,Night,44.7,58.61,Not Applicable,No,Yes,No,28.1,Expired,Female,Fatal,6,2021,March,1:13
Gujarat,Bike,Rainy,Wet,Rural,Night,78.3,107.03,Yes,Not Applicable,Yes,No,19.9,No,Female,Fatal,7,2023,July,2:58
Uttar Pradesh,Car,Clear,Wet,Highway,Morning,107.1,153.87,Not Applicable,Yes,Yes,No,24.7,No,Female,Fatal,7,2021,January,11:22
Uttar Pradesh,Bike,Clear,Wet,Urban,Evening,57.4,87.09,No,Not Applicable,Yes,Yes,31.2,No,Female,Fatal,4,2019,October,17:38
Tamil Nadu,Truck,Clear,Damaged,Highway,Morning,108.8,144.04,Not Applicable,Yes,No,No,22.6,No,Male,Fatal,3,2023,October,7:26
Uttar Pradesh,Bike,Rainy,Damaged,Urban,Night,63.6,98.99,No,Not Applicable,No,No,30.6,No,Female,Fatal,3,2024,February,1:11
Uttar Pradesh,Bike,Clear,Damaged,Rural,Afternoon,56.9,86,Yes,Not Applicable,Yes,No,31.4,No,Male,Fatal,7,2022,June,15:56
Rajasthan,Car,Foggy,Damaged,Rural,Afternoon,61.7,95.52,Not Applicable,No,Yes,Yes,17.7,Yes,Female,Fatal,7,2019,August,13:34
Maharashtra,Car,Clear,Wet,Highway,Morning,94.6,147.48,Not Applicable,No,No,Yes,26.5,Yes,Female,Fatal,6,2023,July,10:09
Maharashtra,Car,Clear,Wet,Rural,Evening,68.4,103.78,Not Applicable,Yes,Yes,No,18.6,No,Female,Fatal,8,2021,September,17:59
Maharashtra,Car,Rainy,Dry,Urban,Night,66.6,96.96,Not Applicable,No,Yes,No,13.8,Yes,Female,Fatal,6,2019,February,2:07
Maharashtra,Car,Clear,Dry,Highway,Afternoon,107.9,167.7,Not Applicable,No,No,Yes,26.7,Expired,Female,Fatal,2,2022,November,16:44
Gujarat,Truck,Clear,Wet,Highway,Evening,89.7,119.58,Not Applicable,Yes,Yes,Yes,32.3,Expired,Male,Fatal,6,2020,October,17:47
Uttar Pradesh,Bike,Rainy,Wet,Rural,Night,71.2,102.42,Yes,Not Applicable,Yes,Yes,27,Yes,Female,Fatal,3,2023,December,0:36
Rajasthan,Bike,Clear,Wet,Urban,Morning,70.8,98.57,Yes,Not Applicable,Yes,Yes,16,No,Female,Fatal,7,2019,October,11:09
Maharashtra,Truck,Clear,Wet,Rural,Night,53.8,84.47,Not Applicable,Yes,Yes,Yes,26.9,Yes,Male,Fatal,5,2019,July,23:33
Rajasthan,Bike,Rainy,Damaged,Highway,Night,101.7,135.93,No,Not Applicable,Yes,No,30.1,Yes,Female,Fatal,5,2023,October,0:06
Tamil Nadu,Truck,Rainy,Wet,Urban,Night,58.4,86.56,Not Applicable,No,No,No,26.6,No,Male,Fatal,4,2021,April,21:02
Uttar Pradesh,Bike,Foggy,Damaged,Highway,Night,98.9,156.07,No,Not Applicable,No,No,32.9,Expired,Male,Fatal,4,2024,March,22:36
Gujarat,Bus,Rainy,Wet,Urban,Morning,46.2,66.24,Not Applicable,No,Yes,Yes,28.7,Yes,Male,Fatal,21,2023,October,8:13
Tamil Nadu,Bike,Clear,Wet,Rural,Night,68.3,90.44,No,Not Applicable,No,Yes,15.5,No,Male,Fatal,4,2022,August,0:11
Karnataka,Car,Clear,Wet,Urban,Night,74.6,97.39,Not Applicable,Yes,Yes,No,34.4,No,Female,Fatal,12,2023,November,1:08
Maharashtra,Car,Rainy,Wet,Urban,Afternoon,62.2,85.55,Not Applicable,No,Yes,Yes,24.6,No,Male,Fatal,12,2022,June,12:50
Karnataka,Car,Foggy,Wet,Rural,Evening,63.5,92.83,Not Applicable,Yes,Yes,Yes,31.6,No,Male,Fatal,4,2020,April,18:26
Karnataka,Car,Clear,Wet,Highway,Night,111.6,146.83,Not Applicable,Yes,No,No,23.5,Expired,Female,Fatal,4,2021,April,3:52
Rajasthan,Car,Foggy,Wet,Highway,Morning,95.3,139.66,Not Applicable,Yes,Yes,No,21.6,Yes,Male,Fatal,3,2019,December,9:21
Tamil Nadu,Car,Clear,Wet,Urban,Night,57.3,81.63,Not Applicable,Yes,No,Yes,10.8,No,Female,Fatal,5,2019,May,1:11
Uttar Pradesh,Car,Foggy,Wet,Urban,Morning,67.6,93.4,Not Applicable,Yes,Yes,Yes,21.8,No,Female,Fatal,4,2024,August,6:59
Gujarat,Bike,Rainy,Damaged,Urban,Evening,67.8,94.64,Yes,Not Applicable,Yes,No,28.3,Expired,Female,Fatal,6,2023,October,19:00
Uttar Pradesh,Bus,Clear,Wet,Highway,Morning,104.7,150.47,Not Applicable,Yes,Yes,Yes,23.3,Yes,Male,Fatal,14,2022,June,7:48
Karnataka,Car,Clear,Wet,Highway,Morning,85.7,133.28,Not Applicable,Yes,No,No,17.7,Yes,Female,Fatal,3,2020,October,11:38
Karnataka,Bus,Rainy,Damaged,Highway,Night,95.2,135.97,Not Applicable,Yes,Yes,No,31,Yes,Male,Fatal,16,2024,October,22:57
Tamil Nadu,Car,Foggy,Wet,Urban,Morning,63.8,90.69,Not Applicable,No,Yes,No,18,Expired,Female,Fatal,7,2023,May,7:30
Maharashtra,Car,Clear,Wet,Highway,Night,109.5,174.45,Not Applicable,Yes,No,No,28.6,Yes,Female,Fatal,2,2023,September,0:03
Tamil Nadu,Bike,Rainy,Damaged,Highway,Afternoon,99.4,146.71,Yes,Not Applicable,No,No,19.9,Expired,Male,Fatal,3,2019,October,13:01
Gujarat,Car,Foggy,Damaged,Rural,Night,63.1,87.04,Not Applicable,No,Yes,No,13.4,Expired,Female,Fatal,7,2019,February,21:16
Uttar Pradesh,Truck,Clear,Dry,Highway,Morning,108.4,169.64,Not Applicable,Yes,No,Yes,17.4,Yes,Male,Fatal,2,2021,October,10:00
Uttar Pradesh,Car,Clear,Damaged,Urban,Night,69.2,101.51,Not Applicable,No,Yes,No,24,Yes,Female,Fatal,6,2024,August,3:38
Karnataka,Car,Rainy,Dry,Urban,Morning,59,91.08,Not Applicable,No,No,Yes,28.5,No,Male,Fatal,5,2022,June,11:25
Maharashtra,Truck,Rainy,Wet,Urban,Evening,67.5,91.48,Not Applicable,Yes,Yes,Yes,15.7,Yes,Male,Fatal,3,2021,December,20:23
Uttar Pradesh,Bike,Clear,Wet,Urban,Night,56.8,77.27,No,Not Applicable,Yes,No,14.8,No,Female,Fatal,4,2021,March,0:32
Rajasthan,Car,Rainy,Wet,Urban,Night,44.2,69,Not Applicable,Yes,No,Yes,13.1,No,Female,Fatal,3,2022,August,21:20
Uttar Pradesh,Car,Clear,Wet,Urban,Evening,69.9,105.82,Not Applicable,Yes,Yes,No,17.6,No,Female,Fatal,12,2022,October,20:59
Tamil Nadu,Truck,Rainy,Wet,Urban,Night,60,94.29,Not Applicable,Yes,Yes,Yes,23.1,Yes,Male,Fatal,5,2020,March,2:38
Maharashtra,Truck,Rainy,Wet,Rural,Night,54.4,75.99,Not Applicable,Yes,No,Yes,23.8,Expired,Male,Fatal,4,2023,April,0:58
Gujarat,Car,Rainy,Dry,Highway,Evening,103.9,147.06,Not Applicable,Yes,No,No,31.4,Expired,Male,Fatal,4,2024,August,19:43
Maharashtra,Car,Rainy,Damaged,Urban,Night,53.9,74.7,Not Applicable,Yes,Yes,Yes,16.7,Expired,Male,Fatal,8,2020,January,22:28
Tamil Nadu,Car,Clear,Damaged,Urban,Night,43.6,62.47,Not Applicable,Yes,Yes,Yes,14.2,Expired,Female,Fatal,6,2020,July,21:22
Gujarat,Bike,Rainy,Wet,Urban,Night,54.5,81.59,Yes,Not Applicable,No,No,30,Expired,Female,Fatal,4,2021,August,21:49
Gujarat,Truck,Clear,Dry,Highway,Night,88.2,138.71,Not Applicable,Yes,Yes,No,16.2,Yes,Male,Fatal,3,2024,January,1:27
Tamil Nadu,Car,Rainy,Wet,Urban,Morning,68.7,103.92,Not Applicable,Yes,Yes,Yes,15.5,No,Female,Fatal,12,2024,September,4:01
Uttar Pradesh,Car,Rainy,Dry,Highway,Evening,97.1,148.33,Not Applicable,Yes,No,No,31.2,Yes,Male,Fatal,2,2022,May,19:33
Maharashtra,Bike,Clear,Dry,Urban,Evening,57.9,89.24,No,Not Applicable,Yes,Yes,15.5,No,Female,Fatal,3,2023,July,17:24
Tamil Nadu,Bike,Rainy,Damaged,Highway,Morning,73.4,98.62,No,Not Applicable,Yes,No,15.3,Yes,Female,Fatal,5,2021,November,5:32
Tamil Nadu,Truck,Clear,Damaged,Highway,Afternoon,100.8,143.92,Not Applicable,Yes,Yes,No,34.6,No,Male,Fatal,4,2019,January,13:39
Uttar Pradesh,Car,Clear,Dry,Urban,Morning,69.4,108.32,Not Applicable,No,Yes,Yes,23.1,No,Female,Fatal,4,2024,January,6:20
Maharashtra,Bike,Foggy,Damaged,Urban,Night,45,66.63,No,Not Applicable,Yes,Yes,22.2,Yes,Male,Fatal,5,2021,August,22:44
Karnataka,Truck,Rainy,Damaged,Highway,Morning,96.7,141.25,Not Applicable,No,No,Yes,21.7,Yes,Male,Fatal,3,2022,December,5:17
Gujarat,Car,Foggy,Wet,Urban,Night,44.3,63.41,Not Applicable,Yes,Yes,Yes,27.7,Yes,Female,Fatal,9,2023,April,21:36
Maharashtra,Truck,Foggy,Damaged,Highway,Morning,99.6,158.93,Not Applicable,Yes,Yes,Yes,15.4,No,Male,Fatal,7,2020,July,6:55
Tamil Nadu,Bike,Clear,Damaged,Highway,Afternoon,87.4,123.7,Yes,Not Applicable,No,No,34.7,Expired,Female,Fatal,3,2021,February,13:43
Maharashtra,Car,Foggy,Dry,Highway,Morning,92.7,123.87,Not Applicable,Yes,Yes,Yes,16.7,No,Male,Fatal,7,2021,March,6:39
Uttar Pradesh,Bus,Clear,Damaged,Highway,Night,86,127.69,Not Applicable,Yes,Yes,Yes,30.9,Yes,Male,Fatal,33,2022,March,22:59
Uttar Pradesh,Car,Clear,Dry,Highway,Night,88.8,137.51,Not Applicable,Yes,No,No,15.6,No,Male,Fatal,2,2021,September,0:35
Uttar Pradesh,Bike,Rainy,Wet,Highway,Morning,81.9,128.85,Yes,Not Applicable,Yes,No,18.7,Yes,Male,Fatal,5,2024,July,9:32
Tamil Nadu,Bus,Rainy,Damaged,Urban,Morning,56.3,74.8,Not Applicable,No,Yes,Yes,11.2,Yes,Male,Fatal,30,2020,May,4:07
Gujarat,Bike,Clear,Damaged,Rural,Evening,65.1,101.56,No,Not Applicable,No,Yes,13,No,Male,Fatal,3,2021,September,17:00
Karnataka,Bike,Clear,Wet,Highway,Morning,107.8,167.71,No,Not Applicable,No,No,24.3,Yes,Male,Fatal,3,2024,September,11:18
Uttar Pradesh,Bike,Clear,Wet,Rural,Afternoon,83.6,129.86,Yes,Not Applicable,No,No,28.1,No,Male,Fatal,3,2019,March,14:20
Karnataka,Car,Rainy,Wet,Rural,Night,66.2,89.62,Not Applicable,Yes,No,No,23.4,No,Female,Fatal,8,2019,February,3:10
Tamil Nadu,Car,Rainy,Wet,Urban,Night,46.7,62.23,Not Applicable,Yes,Yes,No,10.7,No,Female,Fatal,8,2021,July,22:04
Karnataka,Truck,Rainy,Wet,Highway,Night,102,151.31,Not Applicable,Yes,No,Yes,15,Yes,Male,Fatal,2,2024,February,22:46
Tamil Nadu,Truck,Rainy,Damaged,Urban,Morning,37.5,54.04,Not Applicable,No,No,No,15.8,No,Male,Fatal,4,2023,May,10:17
Gujarat,Truck,Clear,Damaged,Rural,Night,87,137.99,Not Applicable,Yes,No,No,12.6,Expired,Male,Fatal,4,2019,November,21:55
Karnataka,Bus,Foggy,Damaged,Highway,Afternoon,85.9,131.2,Not Applicable,Yes,No,Yes,30.9,Yes,Male,Fatal,10,2023,December,16:05
Gujarat,Bike,Clear,Wet,Rural,Evening,57.2,78.71,No,Not Applicable,No,No,12.9,No,Female,Fatal,4,2020,January,19:18
Gujarat,Car,Rainy,Wet,Urban,Night,71,113.13,Not Applicable,No,No,Yes,18.5,No,Male,Fatal,3,2020,July,22:31
Karnataka,Bike,Rainy,Damaged,Highway,Evening,70.4,101.15,Yes,Not Applicable,Yes,No,12.2,No,Female,Fatal,7,2021,September,18:19
Uttar Pradesh,Bike,Clear,Dry,Highway,Evening,100.7,140.07,Yes,Not Applicable,No,No,23,Yes,Female,Fatal,2,2020,October,20:52
Rajasthan,Car,Clear,Dry,Highway,Night,113.2,163.92,Not Applicable,Yes,No,No,22.3,Expired,Female,Fatal,5,2021,July,23:48
Karnataka,Bike,Clear,Wet,Highway,Morning,110.2,164.2,Yes,Not Applicable,No,Yes,16.5,Yes,Male,Fatal,3,2019,January,4:45
Maharashtra,Bike,Rainy,Dry,Highway,Night,101.9,137.95,Yes,Not Applicable,Yes,No,27.1,Yes,Male,Fatal,2,2022,August,2:05
Gujarat,Truck,Clear,Damaged,Rural,Night,82.7,132.2,Not Applicable,Yes,No,No,17.4,Yes,Male,Fatal,3,2024,July,22:50
Karnataka,Truck,Clear,Damaged,Highway,Afternoon,80.9,106.49,Not Applicable,No,Yes,Yes,17,No,Male,Fatal,4,2020,May,12:39
Karnataka,Bike,Foggy,Wet,Urban,Night,41.6,64.13,No,Not Applicable,No,No,32.8,Yes,Female,Fatal,2,2023,November,1:44
Maharashtra,Bike,Clear,Wet,Urban,Night,76.3,120.35,Yes,Not Applicable,Yes,No,13.5,Yes,Male,Fatal,3,2024,August,0:18
Karnataka,Bus,Clear,Dry,Rural,Evening,61.8,96.78,Not Applicable,Yes,Yes,Yes,34.8,No,Male,Fatal,33,2021,August,20:37
Gujarat,Car,Clear,Damaged,Highway,Night,86,129.98,Not Applicable,Yes,No,No,11,Yes,Female,Fatal,3,2019,June,2:25
Gujarat,Car,Clear,Wet,Highway,Evening,105.1,149.13,Not Applicable,No,Yes,Yes,20.7,Yes,Female,Fatal,3,2023,December,19:30
Tamil Nadu,Truck,Rainy,Dry,Highway,Night,108.1,162.24,Not Applicable,Yes,Yes,No,15.2,Yes,Male,Fatal,2,2024,April,2:38
Gujarat,Car,Rainy,Wet,Urban,Afternoon,66.7,88.83,Not Applicable,No,Yes,No,24.8,No,Female,Fatal,4,2022,October,14:14
Karnataka,Bike,Clear,Damaged,Highway,Morning,100.3,131.46,No,Not Applicable,No,Yes,22.1,No,Male,Fatal,3,2019,October,11:39
Maharashtra,Truck,Clear,Damaged,Highway,Afternoon,94.7,147.25,Not Applicable,Yes,Yes,No,26.8,Expired,Male,Fatal,6,2021,May,13:07
Tamil Nadu,Car,Rainy,Wet,Rural,Night,63.6,90.61,Not Applicable,Yes,Yes,No,22.9,Yes,Male,Fatal,9,2023,November,21:52
Uttar Pradesh,Truck,Clear,Dry,Highway,Evening,91.9,120.94,Not Applicable,No,Yes,Yes,18.3,Yes,Male,Fatal,3,2022,October,18:33
Karnataka,Bike,Rainy,Wet,Highway,Night,73.3,100.83,No,Not Applicable,No,No,30.5,No,Male,Fatal,3,2019,June,23:18
Maharashtra,Bike,Clear,Wet,Urban,Evening,62.8,82.21,No,Not Applicable,Yes,No,29.6,No,Female,Fatal,4,2021,December,18:35
Uttar Pradesh,Bike,Clear,Wet,Rural,Night,76.1,101.24,No,Not Applicable,Yes,Yes,16.6,Yes,Female,Fatal,3,2023,January,2:49
Uttar Pradesh,Bike,Clear,Wet,Rural,Night,82.3,121.24,Yes,Not Applicable,Yes,No,12.7,Yes,Female,Fatal,5,2024,August,3:51
Uttar Pradesh,Bike,Clear,Damaged,Highway,Night,97.2,148.52,No,Not Applicable,Yes,No,11.6,Yes,Female,Fatal,5,2024,May,22:13
Rajasthan,Car,Clear,Damaged,Highway,Night,107.7,165.32,Not Applicable,Yes,Yes,Yes,27.1,No,Female,Fatal,8,2023,March,2:59
Maharashtra,Bike,Clear,Wet,Rural,Night,86.2,115.38,No,Not Applicable,Yes,Yes,13.3,No,Male,Fatal,4,2023,December,3:09
Gujarat,Car,Rainy,Dry,Highway,Morning,88,122.72,Not Applicable,Yes,No,No,30.6,No,Male,Fatal,5,2022,March,11:50
Karnataka,Truck,Clear,Wet,Highway,Evening,92.2,134.53,Not Applicable,Yes,No,Yes,19,No,Male,Fatal,4,2023,May,17:21
Rajasthan,Bike,Clear,Dry,Highway,Evening,91.2,133.35,No,Not Applicable,Yes,No,16.3,Yes,Female,Fatal,2,2019,November,19:29
Gujarat,Bike,Clear,Wet,Rural,Afternoon,52.8,74.1,No,Not Applicable,No,Yes,13.1,No,Female,Fatal,3,2019,October,15:49
Maharashtra,Bike,Foggy,Wet,Rural,Morning,73.4,103.22,No,Not Applicable,No,No,33.5,No,Female,Fatal,4,2020,January,10:26
Uttar Pradesh,Bike,Foggy,Wet,Highway,Morning,84,132.29,No,Not Applicable,No,Yes,23.2,Expired,Male,Fatal,4,2023,January,6:56
Uttar Pradesh,Car,Foggy,Dry,Highway,Night,91.9,136.42,Not Applicable,Yes,No,No,33.1,No,Male,Fatal,2,2022,April,2:02
Uttar Pradesh,Bike,Clear,Damaged,Highway,Morning,101,138.48,Yes,Not Applicable,Yes,Yes,12,No,Male,Fatal,7,2022,May,9:08
Rajasthan,Truck,Rainy,Wet,Rural,Morning,60.6,96.39,Not Applicable,Yes,Yes,Yes,15.5,Yes,Male,Fatal,5,2024,June,10:24
Uttar Pradesh,Bus,Clear,Dry,Highway,Night,113.5,164.13,Not Applicable,Yes,No,No,15.6,Yes,Male,Fatal,11,2020,January,22:37
Tamil Nadu,Truck,Rainy,Wet,Highway,Night,106.3,142.83,Not Applicable,No,No,No,22.9,Yes,Male,Fatal,2,2021,October,2:02
Karnataka,Bike,Rainy,Wet,Urban,Night,68.8,98.41,Yes,Not Applicable,Yes,Yes,26.7,Yes,Male,Fatal,3,2023,April,0:40
Karnataka,Car,Rainy,Wet,Highway,Morning,103.1,141.92,Not Applicable,Yes,No,Yes,32.2,Yes,Male,Fatal,6,2020,December,7:22
Gujarat,Bike,Clear,Wet,Urban,Morning,64.4,96.72,No,Not Applicable,Yes,Yes,28.4,Yes,Male,Fatal,5,2021,April,8:52
Rajasthan,Car,Clear,Damaged,Urban,Morning,69.4,105.81,Not Applicable,Yes,Yes,Yes,26,Expired,Female,Fatal,6,2020,July,9:09
Tamil Nadu,Bike,Clear,Wet,Highway,Morning,79,112.66,No,Not Applicable,Yes,Yes,26.9,Yes,Female,Fatal,5,2024,June,9:39
Tamil Nadu,Bus,Rainy,Dry,Highway,Night,99.2,131.94,Not Applicable,Yes,No,No,32.9,No,Male,Fatal,13,2023,March,2:20
Gujarat,Bike,Clear,Damaged,Highway,Morning,91.7,123.36,Yes,Not Applicable,No,No,30.1,Yes,Male,Fatal,2,2023,August,7:47
Rajasthan,Truck,Rainy,Wet,Urban,Evening,40.7,63.33,Not Applicable,Yes,No,Yes,17.7,No,Male,Fatal,4,2024,January,20:58
Uttar Pradesh,Car,Clear,Wet,Highway,Evening,88.4,127.19,Not Applicable,Yes,Yes,Yes,13.2,Yes,Male,Fatal,6,2019,February,20:27
Karnataka,Car,Clear,Wet,Highway,Morning,77.9,109.64,Not Applicable,Yes,Yes,Yes,30,No,Male,Fatal,4,2020,August,5:56
Rajasthan,Bike,Clear,Damaged,Urban,Night,55.7,81.73,No,Not Applicable,No,No,31.1,No,Male,Fatal,4,2019,April,1:06
Rajasthan,Bike,Rainy,Dry,Urban,Afternoon,63.3,89.69,No,Not Applicable,Yes,Yes,34.5,Yes,Female,Fatal,2,2022,January,16:16
Tamil Nadu,Bike,Foggy,Wet,Rural,Evening,48.7,68.33,Yes,Not Applicable,Yes,No,32.4,Expired,Female,Fatal,4,2019,September,17:22
Rajasthan,Car,Clear,Wet,Highway,Morning,104.6,158.6,Not Applicable,Yes,No,No,10.2,Yes,Female,Fatal,4,2024,June,6:28
Rajasthan,Bike,Rainy,Wet,Rural,Evening,61.6,91.53,Yes,Not Applicable,Yes,Yes,32.7,Yes,Female,Fatal,3,2023,April,18:36
Tamil Nadu,Bike,Clear,Damaged,Highway,Morning,89.7,142.65,Yes,Not Applicable,Yes,Yes,32.9,No,Female,Fatal,7,2023,May,8:22
Maharashtra,Truck,Clear,Wet,Highway,Morning,108.7,169.11,Not Applicable,Yes,No,Yes,10.9,No,Male,Fatal,4,2022,December,5:26
Tamil Nadu,Truck,Foggy,Wet,Highway,Morning,101.2,138.77,Not Applicable,Yes,Yes,Yes,12.7,Expired,Male,Fatal,6,2019,July,5:20
Gujarat,Bike,Foggy,Damaged,Highway,Morning,100.6,148.49,Yes,Not Applicable,Yes,No,11.4,Yes,Male,Fatal,5,2019,January,5:13
Rajasthan,Car,Foggy,Wet,Highway,Night,84.8,118.69,Not Applicable,Yes,No,Yes,25.2,No,Female,Fatal,8,2020,May,1:51
Rajasthan,Car,Clear,Wet,Urban,Night,61.2,80.35,Not Applicable,Yes,Yes,No,25.8,Expired,Male,Fatal,4,2020,October,21:25
Maharashtra,Car,Rainy,Wet,Rural,Evening,57.6,82.91,Not Applicable,Yes,No,No,31,No,Female,Fatal,8,2019,November,17:23
Gujarat,Bus,Clear,Dry,Highway,Morning,102.9,156.81,Not Applicable,Yes,No,No,16.8,Yes,Male,Fatal,14,2023,September,8:41
Uttar Pradesh,Bus,Clear,Wet,Rural,Night,75.8,111.23,Not Applicable,No,Yes,No,33.6,Expired,Male,Fatal,11,2021,October,0:56
Maharashtra,Bike,Foggy,Damaged,Urban,Morning,53.7,71.76,No,Not Applicable,No,Yes,26.6,No,Female,Fatal,4,2023,March,5:51
Uttar Pradesh,Car,Foggy,Damaged,Urban,Morning,38.8,55.31,Not Applicable,Yes,Yes,Yes,28.2,Yes,Male,Fatal,7,2024,January,8:15
Uttar Pradesh,Truck,Clear,Dry,Urban,Night,68.8,106.02,Not Applicable,No,No,Yes,29.8,No,Male,Fatal,2,2020,September,1:13
Karnataka,Truck,Clear,Wet,Urban,Morning,60.5,83.35,Not Applicable,Yes,Yes,No,13.8,No,Male,Fatal,7,2024,March,6:31
Maharashtra,Bike,Clear,Wet,Urban,Afternoon,53.3,71.86,Yes,Not Applicable,Yes,No,19.7,No,Female,Fatal,7,2023,March,13:59
Maharashtra,Bike,Rainy,Wet,Highway,Morning,102.9,142.97,No,Not Applicable,No,No,18.9,Yes,Male,Fatal,3,2024,November,4:58
Karnataka,Bike,Clear,Damaged,Highway,Morning,106.8,162.72,No,Not Applicable,No,Yes,25.3,Yes,Female,Fatal,3,2020,December,7:21
Rajasthan,Car,Foggy,Damaged,Rural,Evening,57.7,87.97,Not Applicable,No,Yes,Yes,28,Yes,Male,Fatal,7,2022,May,20:06
Karnataka,Car,Foggy,Wet,Urban,Night,45.2,65.81,Not Applicable,Yes,No,No,21.1,No,Female,Fatal,4,2021,January,23:05
Uttar Pradesh,Bike,Clear,Wet,Urban,Night,59.3,92.11,Yes,Not Applicable,Yes,No,17.5,No,Female,Fatal,7,2024,June,23:08
Maharashtra,Bike,Clear,Damaged,Rural,Night,83,126.37,No,Not Applicable,No,Yes,14,No,Male,Fatal,4,2023,September,1:08
Tamil Nadu,Bike,Clear,Wet,Highway,Morning,83.4,124.49,Yes,Not Applicable,Yes,Yes,17.2,Yes,Female,Fatal,5,2024,May,10:31
Rajasthan,Car,Foggy,Wet,Highway,Morning,99.1,135.98,Not Applicable,Yes,No,Yes,21.9,Yes,Female,Fatal,2,2023,October,6:41
Maharashtra,Car,Rainy,Wet,Rural,Morning,65.3,89.07,Not Applicable,Yes,Yes,Yes,20.2,No,Female,Fatal,7,2021,July,6:13
Karnataka,Bus,Foggy,Damaged,Urban,Night,59.4,90.92,Not Applicable,Yes,Yes,No,33.8,Yes,Male,Fatal,19,2024,November,23:10
Karnataka,Bike,Rainy,Damaged,Urban,Morning,68.6,89.6,No,Not Applicable,Yes,Yes,31.8,Yes,Male,Fatal,5,2019,October,10:15
Maharashtra,Bike,Rainy,Wet,Rural,Morning,46.4,67.75,Yes,Not Applicable,Yes,Yes,31,Yes,Male,Fatal,5,2019,March,5:32
Uttar Pradesh,Bike,Clear,Wet,Highway,Morning,102.3,150.31,Yes,Not Applicable,Yes,Yes,14,No,Female,Fatal,7,2022,July,9:58
Karnataka,Car,Rainy,Wet,Urban,Evening,39.3,51.9,Not Applicable,No,Yes,No,18.9,Yes,Female,Fatal,3,2021,October,20:08
Tamil Nadu,Bus,Clear,Dry,Highway,Night,91.6,131.79,Not Applicable,Yes,Yes,Yes,15.8,Yes,Male,Fatal,23,2020,April,3:04
Karnataka,Bike,Clear,Wet,Highway,Morning,96.8,132.32,No,Not Applicable,No,No,25.1,Yes,Male,Fatal,2,2020,September,4:26
Rajasthan,Bike,Rainy,Damaged,Rural,Evening,53.7,70.47,Yes,Not Applicable,Yes,No,19.6,No,Female,Fatal,4,2020,July,18:28
Karnataka,Car,Rainy,Wet,Highway,Night,103,134.77,Not Applicable,Yes,No,No,30,Yes,Female,Fatal,4,2022,November,23:40
Uttar Pradesh,Car,Rainy,Wet,Urban,Night,55.1,85.34,Not Applicable,No,No,No,33.5,Expired,Male,Fatal,3,2024,February,2:14
Maharashtra,Bike,Foggy,Dry,Urban,Night,59.7,93.89,Yes,Not Applicable,Yes,No,32.1,Expired,Male,Fatal,4,2022,June,22:30
Gujarat,Bike,Clear,Damaged,Rural,Night,77.2,117.88,No,Not Applicable,No,No,18.9,No,Female,Fatal,3,2024,April,2:36
Karnataka,Car,Clear,Damaged,Highway,Night,114.4,170.37,Not Applicable,No,Yes,No,34,Yes,Female,Fatal,3,2021,June,21:45
Gujarat,Car,Clear,Wet,Highway,Evening,77.6,116.26,Not Applicable,Yes,Yes,No,20.5,No,Female,Fatal,8,2022,August,20:52
Rajasthan,Bike,Clear,Damaged,Highway,Morning,106.9,141.72,Yes,Not Applicable,Yes,No,27.8,Yes,Female,Fatal,3,2023,January,4:06
Maharashtra,Car,Clear,Wet,Urban,Night,63.1,83.67,Not Applicable,No,Yes,No,15.5,No,Female,Fatal,7,2022,September,3:42
Gujarat,Bike,Foggy,Wet,Urban,Night,47.1,67.12,Yes,Not Applicable,Yes,No,11,No,Female,Fatal,4,2022,February,22:15
Tamil Nadu,Bike,Clear,Wet,Urban,Evening,73.8,97.11,No,Not Applicable,Yes,Yes,24,Expired,Female,Fatal,6,2019,July,17:25
Uttar Pradesh,Car,Foggy,Dry,Rural,Morning,77.2,122.99,Not Applicable,Yes,No,No,17.3,Yes,Female,Fatal,2,2020,March,6:53
Tamil Nadu,Truck,Clear,Wet,Highway,Night,112.7,180.26,Not Applicable,No,Yes,No,14.9,No,Male,Fatal,7,2022,September,3:48
Gujarat,Bike,Clear,Wet,Highway,Morning,97.2,143.52,Yes,Not Applicable,Yes,Yes,31.1,Yes,Female,Fatal,5,2024,August,6:47
Rajasthan,Bike,Rainy,Dry,Highway,Morning,101.7,152.96,No,Not Applicable,No,Yes,18.5,No,Female,Fatal,3,2021,October,5:17
Karnataka,Car,Rainy,Damaged,Urban,Evening,68.3,97.48,Not Applicable,No,Yes,No,20.2,Yes,Male,Fatal,7,2024,November,20:40
Gujarat,Car,Rainy,Dry,Highway,Morning,98.9,154.64,Not Applicable,Yes,No,Yes,21.9,Yes,Female,Fatal,1,2019,March,4:25
Karnataka,Bike,Rainy,Wet,Urban,Night,39.6,57.95,Yes,Not Applicable,Yes,Yes,16.7,Yes,Male,Fatal,3,2021,July,22:51
Tamil Nadu,Bike,Clear,Wet,Rural,Afternoon,59.8,81.65,No,Not Applicable,Yes,No,34.7,Expired,Female,Fatal,4,2024,June,14:09
Tamil Nadu,Bus,Clear,Wet,Urban,Night,72.2,104.11,Not Applicable,Yes,Yes,No,17.9,Expired,Male,Fatal,31,2024,July,23:11
Uttar Pradesh,Bike,Clear,Dry,Highway,Evening,83.7,120.66,Yes,Not Applicable,No,Yes,22.2,Yes,Female,Fatal,2,2023,October,20:50
Gujarat,Car,Clear,Wet,Urban,Afternoon,61.4,91.87,Not Applicable,No,No,Yes,34.8,Expired,Female,Fatal,4,2023,May,15:22
Karnataka,Bike,Clear,Dry,Highway,Morning,77.3,121.27,No,Not Applicable,Yes,No,29.6,No,Male,Fatal,3,2024,October,8:07
Maharashtra,Bike,Clear,Wet,Urban,Morning,52.9,76.58,No,Not Applicable,Yes,Yes,18.9,Expired,Male,Fatal,4,2022,April,8:28
Tamil Nadu,Bus,Rainy,Dry,Highway,Night,90,143.85,Not Applicable,No,Yes,Yes,30.5,Expired,Male,Fatal,16,2022,December,21:04
Maharashtra,Bike,Rainy,Dry,Highway,Evening,97.7,143.11,Yes,Not Applicable,Yes,No,11.5,Yes,Male,Fatal,3,2022,September,19:45
Gujarat,Car,Rainy,Dry,Highway,Afternoon,104.8,162.16,Not Applicable,Yes,Yes,Yes,16.2,No,Female,Fatal,4,2020,November,14:01
Karnataka,Car,Clear,Wet,Highway,Night,89,131.98,Not Applicable,Yes,Yes,No,11.7,No,Male,Fatal,7,2022,February,2:17
Tamil Nadu,Bike,Foggy,Wet,Highway,Evening,72.7,95.75,Yes,Not Applicable,Yes,No,22.6,Expired,Male,Fatal,6,2023,July,20:23
Gujarat,Bike,Rainy,Dry,Rural,Night,56.3,88.6,Yes,Not Applicable,Yes,Yes,33.5,No,Female,Fatal,4,2020,June,3:18
Maharashtra,Bike,Clear,Damaged,Rural,Night,71.3,103.87,No,Not Applicable,No,Yes,25.5,No,Female,Fatal,4,2021,February,0:30
Maharashtra,Car,Rainy,Damaged,Highway,Night,75.9,105.59,Not Applicable,No,Yes,No,13.8,No,Female,Fatal,7,2023,October,2:39
Tamil Nadu,Car,Rainy,Damaged,Urban,Morning,52.7,78.31,Not Applicable,No,No,Yes,20.8,No,Female,Fatal,7,2024,December,9:37
Rajasthan,Bus,Rainy,Damaged,Highway,Night,102.5,151.17,Not Applicable,No,No,Yes,14.8,Yes,Male,Fatal,14,2019,September,2:36
Gujarat,Car,Clear,Wet,Urban,Night,64.9,101.39,Not Applicable,Yes,No,No,32.6,No,Female,Fatal,3,2021,February,0:48
Maharashtra,Bike,Clear,Wet,Highway,Morning,107.9,153.99,Yes,Not Applicable,No,No,11.9,Yes,Male,Fatal,3,2022,June,11:07
Rajasthan,Truck,Foggy,Damaged,Highway,Morning,81.2,116.8,Not Applicable,Yes,Yes,Yes,12.8,No,Male,Fatal,4,2024,June,7:28
Gujarat,Car,Clear,Wet,Urban,Night,73,115.06,Not Applicable,No,Yes,Yes,10.5,Yes,Female,Fatal,5,2022,February,3:40
Uttar Pradesh,Bike,Rainy,Dry,Highway,Afternoon,79.1,120.82,No,Not Applicable,Yes,No,24.3,No,Female,Fatal,3,2019,August,13:20
Maharashtra,Bike,Foggy,Damaged,Highway,Night,107.4,139.85,No,Not Applicable,No,No,25.7,Yes,Female,Fatal,2,2020,August,23:12
Rajasthan,Car,Foggy,Wet,Urban,Evening,56,86.12,Not Applicable,Yes,Yes,No,34.1,Expired,Female,Fatal,7,2019,April,20:04
Tamil Nadu,Car,Clear,Wet,Urban,Night,68,95.57,Not Applicable,Yes,Yes,No,19.7,No,Male,Fatal,12,2021,November,23:27
Rajasthan,Car,Clear,Wet,Rural,Morning,64.9,84.74,Not Applicable,Yes,Yes,Yes,21.7,No,Female,Fatal,7,2024,November,10:34
Tamil Nadu,Car,Foggy,Wet,Urban,Evening,53.3,83.53,Not Applicable,Yes,Yes,Yes,18,No,Female,Fatal,7,2023,August,20:27
Uttar Pradesh,Bike,Clear,Wet,Urban,Evening,47.1,67.74,No,Not Applicable,Yes,Yes,34.1,No,Female,Fatal,7,2020,July,20:00
Uttar Pradesh,Car,Clear,Damaged,Highway,Night,109.5,149.77,Not Applicable,Yes,Yes,Yes,23.7,Yes,Male,Fatal,7,2020,July,23:14
Tamil Nadu,Car,Foggy,Wet,Highway,Morning,78.9,117.12,Not Applicable,Yes,Yes,Yes,34.1,No,Female,Fatal,7,2022,October,8:16
Maharashtra,Truck,Clear,Damaged,Highway,Night,108.7,171.74,Not Applicable,Yes,Yes,Yes,23.6,Yes,Male,Fatal,3,2021,July,23:34
Uttar Pradesh,Car,Rainy,Dry,Highway,Afternoon,92.1,122.64,Not Applicable,No,Yes,No,21.2,No,Male,Fatal,7,2024,July,12:32
Karnataka,Car,Rainy,Damaged,Urban,Evening,59.1,86.95,Not Applicable,No,Yes,Yes,13.8,No,Female,Fatal,8,2023,October,17:31
Uttar Pradesh,Car,Rainy,Wet,Urban,Morning,38.5,53.33,Not Applicable,No,Yes,No,34.1,Yes,Male,Fatal,5,2022,October,4:14
Maharashtra,Bike,Foggy,Wet,Highway,Evening,97.5,136.56,No,Not Applicable,Yes,Yes,10.7,Yes,Male,Fatal,5,2020,March,20:24
Rajasthan,Car,Rainy,Wet,Urban,Morning,47.9,70.42,Not Applicable,No,No,No,33.2,Yes,Female,Fatal,6,2020,April,10:48
Gujarat,Bike,Rainy,Wet,Highway,Night,99.5,131.68,Yes,Not Applicable,No,Yes,15.3,Yes,Female,Fatal,2,2022,May,23:29
Gujarat,Bike,Rainy,Damaged,Highway,Afternoon,76.5,102.11,No,Not Applicable,Yes,No,18.9,Yes,Female,Fatal,3,2020,November,14:57
Gujarat,Car,Clear,Damaged,Highway,Night,96.1,150.13,Not Applicable,Yes,Yes,Yes,13.7,No,Male,Fatal,4,2021,February,1:24
Rajasthan,Bike,Foggy,Damaged,Urban,Evening,54,75.54,No,Not Applicable,Yes,No,18.5,Yes,Male,Fatal,5,2019,October,17:22
Rajasthan,Bike,Rainy,Wet,Highway,Night,92.5,121.67,No,Not Applicable,No,No,28.1,Yes,Female,Fatal,3,2023,July,22:28
Maharashtra,Bike,Rainy,Dry,Highway,Afternoon,105.2,152.81,Yes,Not Applicable,Yes,Yes,26.8,No,Male,Fatal,3,2024,March,12:53
Tamil Nadu,Bus,Rainy,Wet,Highway,Night,96.2,131.28,Not Applicable,Yes,Yes,No,13.9,Yes,Male,Fatal,17,2022,May,23:37
Gujarat,Bike,Clear,Wet,Rural,Evening,70.1,108.66,No,Not Applicable,No,Yes,11.1,Expired,Female,Fatal,3,2023,September,20:35
Gujarat,Bike,Foggy,Wet,Highway,Night,108.4,150.21,No,Not Applicable,Yes,No,28.3,Expired,Female,Fatal,6,2020,June,22:56
Uttar Pradesh,Bike,Rainy,Damaged,Rural,Night,62.6,81.92,No,Not Applicable,Yes,No,10.6,Yes,Male,Fatal,5,2021,December,1:42
Uttar Pradesh,Car,Foggy,Wet,Rural,Night,70.2,109.4,Not Applicable,No,Yes,Yes,12.1,Yes,Female,Fatal,5,2023,September,22:28
Gujarat,Truck,Clear,Wet,Rural,Night,87.2,131.13,Not Applicable,Yes,No,No,14.8,Yes,Male,Fatal,3,2022,February,23:05
Tamil Nadu,Bike,Clear,Dry,Highway,Night,113.1,165.62,Yes,Not Applicable,Yes,No,15.9,Yes,Female,Fatal,3,2024,December,1:46
Tamil Nadu,Car,Rainy,Wet,Highway,Morning,96.5,152.6,Not Applicable,Yes,No,Yes,13.6,Yes,Female,Fatal,2,2019,August,6:35
Maharashtra,Bike,Clear,Wet,Highway,Evening,99.3,131.01,Yes,Not Applicable,No,No,31.4,No,Male,Fatal,4,2024,March,18:15
Rajasthan,Car,Rainy,Wet,Urban,Afternoon,45.7,68.91,Not Applicable,Yes,Yes,Yes,23.3,No,Female,Fatal,8,2024,March,14:26
Uttar Pradesh,Bike,Clear,Dry,Highway,Morning,83.6,126,Yes,Not Applicable,No,No,26.3,Yes,Male,Fatal,2,2019,April,11:32
Uttar Pradesh,Bike,Foggy,Wet,Rural,Evening,71.7,99.28,No,Not Applicable,Yes,No,32.7,No,Male,Fatal,7,2023,May,19:12
Uttar Pradesh,Bike,Rainy,Damaged,Urban,Morning,58.7,78.83,Yes,Not Applicable,Yes,Yes,30.2,No,Female,Fatal,7,2019,September,7:33
Maharashtra,Bike,Foggy,Damaged,Rural,Morning,51.6,68.95,No,Not Applicable,No,Yes,22.6,No,Female,Fatal,3,2022,February,6:49
Gujarat,Bike,Rainy,Wet,Urban,Night,55.2,73.25,Yes,Not Applicable,Yes,No,17.2,Yes,Male,Fatal,3,2020,July,23:48
Rajasthan,Bike,Rainy,Wet,Urban,Evening,63.8,86.21,Yes,Not Applicable,Yes,No,17.3,Expired,Female,Fatal,6,2022,June,19:12
Maharashtra,Car,Clear,Wet,Urban,Morning,47.1,69.5,Not Applicable,No,No,Yes,30.2,Yes,Male,Fatal,4,2021,August,8:39
Gujarat,Bike,Rainy,Wet,Highway,Evening,69.1,104.53,Yes,Not Applicable,Yes,Yes,35,Yes,Male,Fatal,3,2022,August,17:12
Gujarat,Bike,Clear,Wet,Highway,Evening,96.9,139.75,No,Not Applicable,No,No,20,Yes,Female,Fatal,2,2023,November,20:22
Karnataka,Truck,Clear,Wet,Urban,Evening,44.3,62.58,Not Applicable,No,Yes,No,21.7,No,Male,Fatal,4,2019,April,17:45
Maharashtra,Car,Foggy,Wet,Urban,Night,41.5,64.69,Not Applicable,Yes,Yes,No,30.1,No,Male,Fatal,8,2023,May,0:13
Karnataka,Car,Rainy,Damaged,Highway,Morning,85.8,131.52,Not Applicable,Yes,No,No,13.8,No,Female,Fatal,4,2022,February,9:13
Uttar Pradesh,Car,Clear,Wet,Highway,Morning,106.8,158.72,Not Applicable,Yes,Yes,Yes,30.3,No,Female,Fatal,7,2022,September,10:49
Uttar Pradesh,Truck,Rainy,Damaged,Urban,Morning,58.4,85.86,Not Applicable,No,Yes,Yes,26.9,Yes,Male,Fatal,5,2024,March,8:29
Tamil Nadu,Car,Clear,Damaged,Urban,Night,73.6,115.84,Not Applicable,No,No,No,19.6,No,Female,Fatal,4,2024,March,2:02
Uttar Pradesh,Bike,Clear,Damaged,Rural,Night,61.8,84.84,Yes,Not Applicable,Yes,No,20.6,No,Female,Fatal,7,2023,August,21:02
Maharashtra,Bike,Foggy,Dry,Rural,Morning,77.8,110.54,No,Not Applicable,No,Yes,15.6,No,Male,Fatal,3,2023,August,4:58
Gujarat,Truck,Clear,Wet,Rural,Morning,80.7,127.2,Not Applicable,Yes,No,Yes,11.2,Yes,Male,Fatal,2,2020,January,7:37
Rajasthan,Bike,Clear,Damaged,Highway,Night,90.8,120.95,Yes,Not Applicable,Yes,No,28.3,Yes,Male,Fatal,5,2024,October,3:17
Maharashtra,Bike,Foggy,Wet,Urban,Night,64.6,90.92,No,Not Applicable,No,No,12.8,Yes,Male,Fatal,3,2020,February,2:13
Tamil Nadu,Bike,Foggy,Wet,Urban,Morning,48,73.98,No,Not Applicable,Yes,Yes,14.3,Yes,Male,Fatal,5,2022,October,5:02
Uttar Pradesh,Bike,Clear,Wet,Urban,Night,74.8,101.43,No,Not Applicable,No,Yes,16.7,Expired,Female,Fatal,4,2022,March,21:22
Tamil Nadu,Bike,Rainy,Wet,Rural,Night,70.5,106.27,No,Not Applicable,Yes,No,20.9,Yes,Male,Fatal,5,2021,June,23:44
Maharashtra,Car,Rainy,Damaged,Rural,Night,49.9,76.2,Not Applicable,Yes,Yes,No,30.3,Yes,Female,Fatal,5,2021,December,22:45
Tamil Nadu,Bus,Clear,Wet,Highway,Morning,113.6,166.6,Not Applicable,Yes,Yes,No,32.7,Yes,Male,Fatal,19,2020,March,8:28
Gujarat,Bike,Foggy,Wet,Urban,Evening,63.7,92.02,Yes,Not Applicable,Yes,Yes,31.2,Yes,Female,Fatal,5,2020,November,18:25
Maharashtra,Car,Clear,Wet,Highway,Evening,91.4,143.78,Not Applicable,No,Yes,No,18.5,No,Female,Fatal,7,2023,July,17:26
Tamil Nadu,Car,Rainy,Damaged,Highway,Night,101.6,161.08,Not Applicable,Yes,No,Yes,11.2,Yes,Female,Fatal,4,2019,December,22:33
Rajasthan,Car,Rainy,Wet,Urban,Night,69.9,96.81,Not Applicable,Yes,Yes,No,17.7,Yes,Female,Fatal,5,2022,May,1:23
Uttar Pradesh,Bike,Rainy,Wet,Highway,Morning,97.1,142.73,No,Not Applicable,Yes,No,17.8,No,Female,Fatal,4,2022,July,6:35
Tamil Nadu,Car,Foggy,Dry,Urban,Afternoon,46.8,61.23,Not Applicable,No,Yes,Yes,14,Expired,Female,Fatal,7,2024,August,12:25
Gujarat,Car,Clear,Wet,Urban,Night,57,77.82,Not Applicable,No,No,Yes,29.9,Yes,Female,Fatal,4,2021,May,0:57
Uttar Pradesh,Bike,Rainy,Damaged,Highway,Night,90.6,139.81,No,Not Applicable,Yes,Yes,16.9,No,Male,Fatal,4,2019,June,22:19
Maharashtra,Car,Clear,Dry,Highway,Night,117.6,158.69,Not Applicable,Yes,Yes,No,25.8,Yes,Female,Fatal,2,2024,July,1:32
Gujarat,Bike,Clear,Wet,Highway,Night,110.1,156.7,No,Not Applicable,Yes,No,19.1,Yes,Male,Fatal,5,2021,January,0:02
Rajasthan,Bike,Clear,Damaged,Rural,Afternoon,58.9,88.61,No,Not Applicable,Yes,Yes,18.2,Yes,Female,Fatal,3,2022,July,12:52
Maharashtra,Bus,Rainy,Wet,Urban,Night,70.9,111.05,Not Applicable,Yes,No,No,25.8,No,Male,Fatal,29,2022,August,3:59
Maharashtra,Bike,Clear,Dry,Highway,Afternoon,81.8,122.71,Yes,Not Applicable,No,No,18.8,Yes,Male,Fatal,1,2023,March,15:35
Uttar Pradesh,Bike,Rainy,Damaged,Rural,Night,73.8,109.06,Yes,Not Applicable,No,Yes,22.2,No,Male,Fatal,3,2024,October,23:55
Tamil Nadu,Bike,Foggy,Wet,Rural,Night,69.6,102.76,No,Not Applicable,No,Yes,12.9,Yes,Male,Fatal,2,2020,June,1:29
Uttar Pradesh,Bike,Clear,Wet,Urban,Morning,53,84.66,Yes,Not Applicable,Yes,Yes,16,No,Female,Fatal,4,2021,October,5:25
Karnataka,Car,Clear,Dry,Rural,Afternoon,79.1,122.19,Not Applicable,Yes,Yes,No,15.4,No,Male,Fatal,4,2021,July,15:28
Gujarat,Bike,Clear,Wet,Rural,Morning,60.6,82.56,Yes,Not Applicable,Yes,No,17,No,Male,Fatal,4,2024,June,7:15
Rajasthan,Car,Clear,Wet,Rural,Afternoon,69.6,100.33,Not Applicable,Yes,Yes,Yes,20.6,No,Male,Fatal,8,2024,October,14:58
Gujarat,Car,Rainy,Wet,Highway,Evening,95.8,128.21,Not Applicable,Yes,Yes,No,34.2,Yes,Male,Fatal,5,2019,May,20:34
Gujarat,Car,Clear,Damaged,Highway,Afternoon,96.9,143.33,Not Applicable,Yes,Yes,No,33.3,Yes,Male,Fatal,3,2020,September,13:02
Uttar Pradesh,Truck,Clear,Dry,Urban,Evening,71.8,98.84,Not Applicable,No,Yes,Yes,15.4,Expired,Male,Fatal,4,2024,March,18:38
Karnataka,Bike,Foggy,Wet,Urban,Night,57.8,76.96,No,Not Applicable,Yes,No,33.2,No,Male,Fatal,7,2021,December,1:19
Karnataka,Bike,Clear,Dry,Highway,Morning,97.2,137.22,No,Not Applicable,No,Yes,14.5,Yes,Female,Fatal,2,2020,November,4:27
Rajasthan,Bike,Rainy,Wet,Rural,Night,56.2,77,No,Not Applicable,No,No,12.9,No,Female,Fatal,3,2019,February,23:52
Rajasthan,Truck,Rainy,Wet,Highway,Night,82.1,107.72,Not Applicable,Yes,Yes,No,27.7,No,Male,Fatal,7,2020,August,1:04
Karnataka,Car,Clear,Wet,Highway,Afternoon,96,147.38,Not Applicable,Yes,Yes,No,32.4,No,Male,Fatal,12,2024,February,13:11
Karnataka,Car,Rainy,Wet,Urban,Morning,47.1,62.67,Not Applicable,Yes,Yes,No,26.2,No,Male,Fatal,12,2019,October,6:21
Tamil Nadu,Bike,Rainy,Wet,Highway,Night,87.7,128.02,No,Not Applicable,No,No,34.4,No,Female,Fatal,3,2024,March,0:32
Karnataka,Car,Rainy,Wet,Highway,Morning,70.6,111.27,Not Applicable,Yes,Yes,Yes,33.1,No,Female,Fatal,8,2023,May,5:26
Maharashtra,Car,Clear,Dry,Highway,Night,114.3,172.79,Not Applicable,No,Yes,No,29.5,Yes,Male,Fatal,3,2024,March,2:43
Rajasthan,Bike,Clear,Wet,Highway,Evening,96.9,150.23,Yes,Not Applicable,No,Yes,11.4,No,Female,Fatal,4,2024,April,17:09
Gujarat,Car,Clear,Damaged,Rural,Morning,78.4,118.02,Not Applicable,Yes,Yes,Yes,33.4,No,Female,Fatal,7,2022,November,5:39
Gujarat,Bike,Foggy,Wet,Highway,Afternoon,99.7,140.69,No,Not Applicable,No,No,26.1,No,Female,Fatal,3,2023,August,15:05
Maharashtra,Car,Foggy,Wet,Highway,Morning,98.7,143.49,Not Applicable,Yes,Yes,Yes,14.7,Yes,Male,Fatal,3,2024,January,9:50
Gujarat,Bike,Clear,Damaged,Urban,Night,53.2,77.14,No,Not Applicable,Yes,Yes,20.5,Expired,Female,Fatal,4,2022,May,3:52
Karnataka,Car,Rainy,Damaged,Highway,Night,97.9,142.56,Not Applicable,No,No,No,23.2,Yes,Male,Fatal,5,2020,December,2:02
Gujarat,Bike,Foggy,Damaged,Highway,Night,81.8,113.2,Yes,Not Applicable,Yes,No,19.7,Expired,Female,Fatal,4,2022,December,1:05
Gujarat,Car,Rainy,Damaged,Highway,Morning,103.4,156.95,Not Applicable,Yes,No,Yes,13.5,Yes,Female,Fatal,4,2020,March,5:35
Rajasthan,Car,Clear,Dry,Highway,Night,85.2,129.86,Not Applicable,Yes,No,No,24.9,Expired,Male,Fatal,3,2020,November,23:29
Uttar Pradesh,Bus,Clear,Damaged,Highway,Morning,110.2,173.17,Not Applicable,No,Yes,No,27.1,Expired,Male,Fatal,24,2019,June,10:54
Karnataka,Car,Rainy,Dry,Highway,Morning,88.7,122.03,Not Applicable,Yes,Yes,No,26.7,Expired,Female,Fatal,3,2020,November,8:44
Uttar Pradesh,Car,Clear,Wet,Urban,Morning,54.8,82.11,Not Applicable,Yes,No,Yes,33.8,No,Female,Fatal,4,2021,July,11:04
Gujarat,Truck,Rainy,Dry,Highway,Morning,92.7,131.5,Not Applicable,No,Yes,Yes,31.5,Yes,Male,Fatal,2,2019,June,9:40
Rajasthan,Bus,Rainy,Damaged,Highway,Night,88.4,138.88,Not Applicable,No,No,Yes,24.1,Yes,Male,Fatal,19,2019,May,23:34
Tamil Nadu,Bus,Clear,Wet,Highway,Night,102.1,152.22,Not Applicable,No,No,Yes,34.8,Yes,Male,Fatal,23,2019,September,2:52
Gujarat,Bike,Rainy,Wet,Rural,Morning,56.8,75,Yes,Not Applicable,No,Yes,14.2,No,Female,Fatal,4,2023,February,10:00
Gujarat,Car,Clear,Dry,Highway,Morning,93.2,123.64,Not Applicable,Yes,Yes,No,34.2,Yes,Male,Fatal,3,2022,July,6:35
Tamil Nadu,Bike,Clear,Wet,Highway,Evening,101.8,156.21,Yes,Not Applicable,No,No,23.5,Yes,Female,Fatal,3,2023,January,17:13
Uttar Pradesh,Bike,Rainy,Damaged,Urban,Evening,48.8,68.17,Yes,Not Applicable,Yes,Yes,27.9,No,Female,Fatal,7,2023,June,19:32
Uttar Pradesh,Bike,Rainy,Wet,Urban,Night,69.8,104.94,Yes,Not Applicable,No,No,19.4,No,Male,Fatal,3,2020,January,23:13
Karnataka,Bike,Rainy,Wet,Urban,Morning,54.7,71.19,Yes,Not Applicable,Yes,Yes,12.2,No,Male,Fatal,4,2023,May,4:03
Uttar Pradesh,Bike,Rainy,Dry,Highway,Morning,78,123.89,Yes,Not Applicable,Yes,Yes,23.9,Expired,Male,Fatal,3,2024,November,8:25
Tamil Nadu,Bike,Rainy,Wet,Urban,Night,50.6,72.43,No,Not Applicable,Yes,No,12.4,Expired,Male,Fatal,6,2023,January,2:02
Rajasthan,Bike,Clear,Dry,Highway,Night,94.7,132.66,No,Not Applicable,Yes,No,22.8,Yes,Female,Fatal,2,2019,September,3:36
Maharashtra,Bike,Rainy,Wet,Highway,Evening,101.7,134.36,Yes,Not Applicable,Yes,No,25.1,Yes,Female,Fatal,5,2024,December,18:14
Gujarat,Bike,Clear,Damaged,Highway,Night,86.3,126.13,No,Not Applicable,Yes,Yes,34.4,No,Female,Fatal,4,2023,August,0:25
Rajasthan,Truck,Rainy,Wet,Rural,Night,78.3,110.92,Not Applicable,No,No,No,32.8,Yes,Male,Fatal,2,2019,August,0:48
Uttar Pradesh,Bike,Clear,Wet,Urban,Night,52.3,71.82,No,Not Applicable,Yes,No,11,No,Female,Fatal,7,2020,January,1:36
Gujarat,Bike,Rainy,Wet,Highway,Night,82.2,120.32,No,Not Applicable,No,Yes,19.7,Expired,Male,Fatal,3,2023,November,1:00
Uttar Pradesh,Bus,Foggy,Wet,Highway,Evening,103.8,146.76,Not Applicable,Yes,Yes,Yes,29.4,Yes,Male,Fatal,34,2022,March,17:11
Tamil Nadu,Truck,Rainy,Dry,Urban,Afternoon,38.4,59.75,Not Applicable,No,No,Yes,32.7,Expired,Male,Fatal,2,2023,February,14:09
Tamil Nadu,Truck,Clear,Wet,Highway,Morning,80.4,124.47,Not Applicable,Yes,Yes,No,32.4,Expired,Male,Fatal,4,2020,October,7:29
Uttar Pradesh,Bike,Clear,Damaged,Highway,Evening,99.7,129.62,Yes,Not Applicable,No,No,10.5,Yes,Female,Fatal,3,2023,April,20:41
Maharashtra,Truck,Foggy,Damaged,Highway,Night,102,150.71,Not Applicable,Yes,Yes,Yes,22.3,Yes,Male,Fatal,5,2024,May,0:27
Uttar Pradesh,Truck,Clear,Wet,Highway,Morning,99.3,132.39,Not Applicable,Yes,No,No,14.4,Expired,Male,Fatal,4,2022,April,5:09
Karnataka,Car,Rainy,Damaged,Highway,Afternoon,73.2,105.05,Not Applicable,No,No,Yes,25.8,Yes,Female,Fatal,2,2023,May,16:23
Tamil Nadu,Car,Clear,Wet,Highway,Night,85.2,123.74,Not Applicable,Yes,No,No,33,No,Female,Fatal,3,2023,July,3:19
Karnataka,Bike,Rainy,Wet,Rural,Night,64.3,87.72,Yes,Not Applicable,Yes,Yes,29.1,No,Male,Fatal,4,2019,March,23:14
Uttar Pradesh,Bus,Clear,Dry,Highway,Afternoon,90,131.43,Not Applicable,Yes,Yes,No,11.7,No,Male,Fatal,18,2021,April,16:54
Uttar Pradesh,Bike,Rainy,Damaged,Highway,Morning,82.5,131.05,Yes,Not Applicable,Yes,No,29.3,Expired,Female,Fatal,6,2021,April,9:22
Gujarat,Bike,Rainy,Dry,Urban,Morning,49.9,68.25,Yes,Not Applicable,Yes,No,26.3,No,Female,Fatal,4,2022,February,5:04
Gujarat,Car,Rainy,Wet,Highway,Evening,95.6,146.05,Not Applicable,Yes,Yes,No,20.6,Yes,Female,Fatal,6,2022,August,19:19
Uttar Pradesh,Truck,Clear,Wet,Urban,Evening,47.5,64.91,Not Applicable,Yes,Yes,No,32.7,No,Male,Fatal,7,2021,October,19:24
Rajasthan,Bike,Foggy,Wet,Urban,Night,57.1,90.57,Yes,Not Applicable,Yes,Yes,30.9,No,Male,Fatal,7,2024,April,3:28
Maharashtra,Bike,Rainy,Wet,Rural,Evening,64.5,93.78,No,Not Applicable,No,Yes,25.6,Yes,Female,Fatal,3,2019,July,20:05
Maharashtra,Bike,Rainy,Wet,Rural,Night,62,87.15,Yes,Not Applicable,Yes,No,29.2,Yes,Female,Fatal,5,2021,June,22:24
Karnataka,Car,Rainy,Damaged,Highway,Evening,90.3,125.44,Not Applicable,No,Yes,No,13.3,No,Female,Fatal,8,2024,February,19:25
Karnataka,Car,Foggy,Damaged,Highway,Afternoon,70.9,107.92,Not Applicable,No,Yes,No,30.4,Yes,Female,Fatal,7,2023,January,12:39
Rajasthan,Bike,Clear,Wet,Highway,Night,90.2,124.55,No,Not Applicable,No,Yes,21.1,Expired,Female,Fatal,3,2021,May,21:00
Rajasthan,Car,Foggy,Damaged,Highway,Morning,86,133.98,Not Applicable,Yes,Yes,Yes,18.4,Expired,Male,Fatal,6,2021,January,8:36
Karnataka,Car,Rainy,Wet,Rural,Evening,51,73.39,Not Applicable,Yes,Yes,Yes,17.6,Yes,Male,Fatal,3,2024,July,18:07
Maharashtra,Car,Clear,Dry,Highway,Night,84.2,126.31,Not Applicable,Yes,No,No,22.3,No,Female,Fatal,4,2019,February,21:14
Rajasthan,Car,Foggy,Wet,Highway,Night,106.2,152.44,Not Applicable,Yes,No,No,10.4,No,Male,Fatal,4,2024,May,1:49
Maharashtra,Truck,Clear,Damaged,Highway,Evening,104.2,150.52,Not Applicable,No,Yes,No,30.1,No,Male,Fatal,7,2019,September,18:27
Karnataka,Car,Foggy,Wet,Urban,Afternoon,66.7,93.79,Not Applicable,Yes,Yes,No,28.4,No,Female,Fatal,12,2019,January,15:33
Karnataka,Car,Clear,Wet,Highway,Night,79.1,105.63,Not Applicable,Yes,No,Yes,31.3,Expired,Female,Fatal,4,2023,April,3:08
Rajasthan,Car,Clear,Wet,Urban,Evening,71.5,104.29,Not Applicable,Yes,Yes,Yes,13.2,No,Female,Fatal,4,2019,July,19:31
Gujarat,Car,Clear,Wet,Urban,Night,43.2,57.89,Not Applicable,Yes,Yes,No,28.8,Yes,Female,Fatal,6,2022,August,21:17
Maharashtra,Car,Rainy,Dry,Highway,Night,87.9,116.66,Not Applicable,No,Yes,No,16.6,Yes,Male,Fatal,6,2024,September,2:58
Tamil Nadu,Truck,Foggy,Wet,Rural,Evening,67.5,97.3,Not Applicable,Yes,Yes,No,12.5,No,Male,Fatal,7,2023,April,18:47
Rajasthan,Bus,Rainy,Wet,Urban,Night,69.7,105.7,Not Applicable,Yes,No,No,22.7,No,Male,Fatal,14,2020,June,1:55
Maharashtra,Car,Clear,Wet,Rural,Morning,58.8,86.37,Not Applicable,Yes,Yes,Yes,16.4,Expired,Male,Fatal,7,2019,March,11:39
Tamil Nadu,Truck,Foggy,Damaged,Highway,Night,91.5,140.42,Not Applicable,Yes,Yes,Yes,16.3,No,Male,Fatal,7,2020,December,1:34
Maharashtra,Bike,Rainy,Wet,Rural,Night,55.3,74.41,No,Not Applicable,Yes,No,30.4,Expired,Female,Fatal,6,2020,March,2:19
Uttar Pradesh,Bike,Clear,Damaged,Highway,Night,99.4,142.12,Yes,Not Applicable,Yes,Yes,10.6,Expired,Male,Fatal,6,2023,August,21:06
Gujarat,Bike,Rainy,Dry,Highway,Morning,100.3,154.12,No,Not Applicable,Yes,Yes,31.3,No,Female,Fatal,4,2020,November,9:59
Maharashtra,Car,Rainy,Dry,Highway,Morning,100.5,131.64,Not Applicable,No,No,No,21.8,Expired,Female,Fatal,4,2024,January,8:35
Gujarat,Car,Rainy,Wet,Highway,Afternoon,78.6,112.79,Not Applicable,No,Yes,Yes,10.4,No,Female,Fatal,4,2023,November,15:44
Maharashtra,Bike,Clear,Damaged,Highway,Night,85.5,121.64,Yes,Not Applicable,Yes,No,21.2,No,Male,Fatal,4,2021,January,3:30
Gujarat,Bike,Clear,Wet,Highway,Night,93.7,149.28,Yes,Not Applicable,Yes,No,21.9,Expired,Female,Fatal,4,2022,February,22:20
Rajasthan,Bike,Foggy,Wet,Highway,Morning,96.6,128.54,Yes,Not Applicable,No,No,18.7,No,Female,Fatal,4,2020,December,11:33
Karnataka,Bike,Clear,Wet,Urban,Morning,61.9,91.61,No,Not Applicable,No,No,12.2,No,Female,Fatal,4,2021,July,6:42
Gujarat,Bike,Foggy,Wet,Rural,Morning,64.1,90.37,No,Not Applicable,Yes,No,13,No,Male,Fatal,4,2019,March,7:18
Maharashtra,Bike,Rainy,Dry,Highway,Morning,74.5,118.54,Yes,Not Applicable,Yes,No,27.1,No,Male,Fatal,4,2023,April,8:01
Gujarat,Bike,Rainy,Wet,Urban,Night,60.5,96.77,Yes,Not Applicable,Yes,No,14.6,Yes,Male,Fatal,3,2024,April,22:09
Tamil Nadu,Bike,Clear,Wet,Highway,Afternoon,106.3,154.5,Yes,Not Applicable,Yes,No,25.7,Yes,Male,Fatal,5,2024,August,15:46
Uttar Pradesh,Bike,Rainy,Wet,Highway,Morning,80.8,109.56,No,Not Applicable,Yes,Yes,20.4,No,Male,Fatal,7,2019,February,9:37
Rajasthan,Bike,Rainy,Wet,Urban,Evening,47,63.36,Yes,Not Applicable,Yes,Yes,23.4,Expired,Male,Fatal,6,2019,January,19:51
Rajasthan,Bike,Rainy,Damaged,Urban,Morning,59.5,84.7,Yes,Not Applicable,Yes,No,31,No,Female,Fatal,4,2022,April,4:34
Maharashtra,Bus,Clear,Dry,Highway,Night,88.1,123.52,Not Applicable,Yes,Yes,No,17.9,Yes,Male,Fatal,26,2022,June,1:47
Gujarat,Car,Clear,Dry,Highway,Night,115.9,166.05,Not Applicable,No,Yes,Yes,29.5,No,Male,Fatal,7,2019,November,2:11
Maharashtra,Bike,Rainy,Wet,Rural,Afternoon,57.1,82.17,No,Not Applicable,Yes,Yes,30.3,Yes,Female,Fatal,5,2021,October,14:27
Gujarat,Car,Clear,Wet,Highway,Night,103.4,160.82,Not Applicable,No,No,No,27.6,Yes,Male,Fatal,2,2021,November,0:10
Maharashtra,Bike,Rainy,Damaged,Urban,Evening,52.6,82.91,Yes,Not Applicable,Yes,Yes,31.6,No,Male,Fatal,7,2020,July,17:57
Gujarat,Car,Rainy,Wet,Rural,Morning,60.8,89.2,Not Applicable,Yes,Yes,No,21.5,No,Female,Fatal,7,2020,January,8:25
Maharashtra,Truck,Clear,Wet,Highway,Afternoon,103.6,143.86,Not Applicable,Yes,No,No,30,Yes,Male,Fatal,3,2019,March,16:26
Karnataka,Bus,Clear,Wet,Highway,Morning,100.1,132.05,Not Applicable,No,Yes,Yes,11.2,Yes,Male,Fatal,14,2020,February,8:53
Rajasthan,Car,Foggy,Wet,Highway,Afternoon,90,128.3,Not Applicable,Yes,No,No,31.7,Yes,Female,Fatal,6,2023,May,13:01
Maharashtra,Truck,Rainy,Wet,Highway,Night,86.3,133.31,Not Applicable,Yes,Yes,No,25.7,Expired,Male,Fatal,6,2023,April,1:54
Uttar Pradesh,Car,Clear,Damaged,Highway,Evening,107.1,152.58,Not Applicable,No,Yes,No,18.6,Yes,Male,Fatal,7,2024,September,17:25
Karnataka,Bike,Rainy,Wet,Highway,Afternoon,77.6,115.25,Yes,Not Applicable,Yes,Yes,19.4,Yes,Male,Fatal,3,2024,March,13:06
Karnataka,Bike,Clear,Wet,Urban,Night,71.4,98.22,No,Not Applicable,Yes,No,30.4,Yes,Male,Fatal,3,2023,September,2:15
Rajasthan,Truck,Clear,Damaged,Highway,Afternoon,90.7,122.36,Not Applicable,Yes,No,Yes,15.8,Yes,Male,Fatal,2,2024,August,15:48
Rajasthan,Bike,Clear,Dry,Highway,Afternoon,109.5,144.64,Yes,Not Applicable,No,No,25.1,Yes,Male,Fatal,2,2021,April,12:58
Maharashtra,Car,Clear,Damaged,Highway,Afternoon,114.8,167.81,Not Applicable,No,No,Yes,17.5,Yes,Female,Fatal,4,2023,May,16:56
Karnataka,Bike,Rainy,Wet,Highway,Night,96.8,132.6,Yes,Not Applicable,Yes,No,15.6,No,Female,Fatal,7,2022,June,1:49
Rajasthan,Car,Rainy,Dry,Highway,Morning,91.9,137.5,Not Applicable,Yes,Yes,Yes,24.6,No,Female,Fatal,7,2019,December,8:20
Karnataka,Car,Clear,Damaged,Highway,Night,86.1,123.47,Not Applicable,No,No,No,25.8,Yes,Female,Fatal,5,2020,August,21:27
Uttar Pradesh,Car,Clear,Wet,Highway,Evening,86.9,126.05,Not Applicable,No,No,No,33.4,Yes,Female,Fatal,6,2021,August,18:43
Rajasthan,Bus,Rainy,Damaged,Urban,Night,60.8,85.18,Not Applicable,No,Yes,No,24.3,No,Male,Fatal,33,2020,May,2:07
Uttar Pradesh,Car,Rainy,Damaged,Highway,Morning,87.6,123.29,Not Applicable,Yes,No,No,33.6,No,Female,Fatal,3,2023,November,8:39
Tamil Nadu,Bike,Clear,Damaged,Rural,Morning,67.1,90.92,Yes,Not Applicable,Yes,No,27,No,Female,Fatal,4,2021,May,10:53
Rajasthan,Truck,Clear,Wet,Urban,Night,62.4,97.44,Not Applicable,Yes,Yes,No,29.7,Expired,Male,Fatal,4,2019,August,1:01
Rajasthan,Truck,Clear,Wet,Highway,Night,83.7,119.56,Not Applicable,Yes,Yes,Yes,18.2,No,Male,Fatal,7,2019,December,0:05
Maharashtra,Truck,Foggy,Wet,Highway,Evening,93.1,146.98,Not Applicable,No,No,No,24.1,Yes,Male,Fatal,3,2024,November,18:21
Karnataka,Bus,Clear,Wet,Highway,Morning,79.1,122.06,Not Applicable,Yes,Yes,Yes,14.8,No,Male,Fatal,42,2019,February,4:06
Tamil Nadu,Bus,Rainy,Wet,Urban,Night,49.5,75.32,Not Applicable,Yes,No,Yes,18.3,No,Male,Fatal,25,2024,November,3:54
Uttar Pradesh,Bike,Clear,Wet,Highway,Afternoon,79.1,124.33,No,Not Applicable,No,No,19.6,No,Male,Fatal,4,2024,October,16:58
Uttar Pradesh,Truck,Rainy,Wet,Highway,Night,100.5,132.81,Not Applicable,Yes,No,No,10.4,Yes,Male,Fatal,3,2021,June,0:25
Uttar Pradesh,Car,Clear,Wet,Highway,Morning,75.8,116.48,Not Applicable,No,No,Yes,26.4,No,Male,Fatal,8,2021,May,10:00
Rajasthan,Bike,Clear,Dry,Highway,Evening,88,135.9,Yes,Not Applicable,No,No,28.6,Expired,Female,Fatal,3,2024,August,19:39
Karnataka,Bus,Rainy,Dry,Highway,Night,85.9,123.07,Not Applicable,No,Yes,No,33.3,Expired,Male,Fatal,14,2020,May,1:20
Uttar Pradesh,Bike,Clear,Wet,Highway,Afternoon,91.3,139.91,Yes,Not Applicable,Yes,Yes,26.9,Yes,Female,Fatal,5,2021,July,16:25
Gujarat,Bike,Rainy,Dry,Urban,Night,43,57.07,Yes,Not Applicable,Yes,No,18.7,No,Male,Fatal,4,2023,July,1:50
Rajasthan,Truck,Clear,Wet,Highway,Morning,89.3,129.51,Not Applicable,No,Yes,No,33.7,Yes,Male,Fatal,5,2022,August,5:42
Rajasthan,Bike,Rainy,Wet,Highway,Morning,89.4,141.28,Yes,Not Applicable,Yes,No,16.1,Yes,Female,Fatal,5,2024,January,6:57
Maharashtra,Car,Foggy,Damaged,Urban,Night,45.8,73.18,Not Applicable,Yes,Yes,No,31.6,No,Male,Fatal,9,2022,September,0:12
Maharashtra,Truck,Clear,Wet,Rural,Evening,66.4,94.64,Not Applicable,Yes,Yes,No,13.7,No,Male,Fatal,7,2020,April,19:16
Tamil Nadu,Truck,Clear,Wet,Highway,Night,115.8,182.11,Not Applicable,Yes,No,Yes,10.1,No,Male,Fatal,3,2023,January,22:32
Karnataka,Car,Rainy,Wet,Urban,Afternoon,66.7,86.81,Not Applicable,Yes,Yes,Yes,20.2,No,Female,Fatal,12,2022,October,13:29
Tamil Nadu,Bike,Foggy,Damaged,Urban,Night,38.3,50.52,No,Not Applicable,Yes,No,30.5,Yes,Male,Fatal,5,2021,December,2:39
Uttar Pradesh,Car,Rainy,Dry,Highway,Night,77.2,121.75,Not Applicable,No,No,Yes,33.8,No,Female,Fatal,3,2021,June,23:04
Tamil Nadu,Truck,Rainy,Damaged,Highway,Night,89.8,124.19,Not Applicable,Yes,Yes,No,15.8,No,Male,Fatal,4,2023,November,23:51
Maharashtra,Bike,Clear,Damaged,Highway,Evening,111.3,145.64,Yes,Not Applicable,Yes,Yes,22.1,Expired,Female,Fatal,4,2022,April,17:58
Maharashtra,Bike,Clear,Damaged,Highway,Night,92.2,142.8,No,Not Applicable,No,Yes,15.6,Yes,Female,Fatal,3,2019,August,3:21
Maharashtra,Bike,Rainy,Wet,Highway,Night,91.2,120.19,Yes,Not Applicable,Yes,Yes,22.7,Yes,Male,Fatal,3,2020,January,2:29
Uttar Pradesh,Bus,Rainy,Wet,Highway,Afternoon,83.4,122.05,Not Applicable,Yes,Yes,No,16.1,No,Male,Fatal,42,2023,December,16:04
Uttar Pradesh,Bike,Rainy,Damaged,Rural,Morning,58.2,82.64,No,Not Applicable,Yes,No,13.4,No,Male,Fatal,7,2021,December,7:13
Maharashtra,Bus,Clear,Dry,Rural,Night,84.2,124.05,Not Applicable,No,Yes,No,34.7,No,Male,Fatal,9,2019,February,21:10
Uttar Pradesh,Car,Clear,Wet,Urban,Evening,65.2,85.07,Not Applicable,Yes,Yes,No,11.9,No,Female,Fatal,7,2024,July,17:50
Karnataka,Bike,Rainy,Dry,Highway,Afternoon,97.4,133.81,Yes,Not Applicable,No,No,20.7,Yes,Male,Fatal,1,2019,January,12:02
Karnataka,Car,Clear,Dry,Highway,Evening,106.1,168.36,Not Applicable,Yes,Yes,No,33.3,Expired,Female,Fatal,3,2023,October,20:40
Tamil Nadu,Bus,Rainy,Wet,Rural,Morning,71.8,107.08,Not Applicable,Yes,Yes,Yes,18.8,Yes,Male,Fatal,21,2020,February,7:16
Gujarat,Bike,Rainy,Wet,Highway,Night,101.2,143.88,Yes,Not Applicable,No,No,13.8,No,Female,Fatal,3,2023,August,3:10
Maharashtra,Bike,Rainy,Damaged,Highway,Afternoon,93.4,126.72,No,Not Applicable,No,Yes,28.7,Yes,Female,Fatal,3,2024,April,13:26
Maharashtra,Bike,Clear,Wet,Highway,Night,99.6,142.17,No,Not Applicable,Yes,Yes,12,Yes,Male,Fatal,5,2020,August,21:10
Tamil Nadu,Bike,Clear,Dry,Highway,Night,99.9,139.8,Yes,Not Applicable,Yes,No,26.6,Yes,Female,Fatal,2,2022,September,1:27
Gujarat,Bus,Rainy,Damaged,Urban,Morning,53.1,80.9,Not Applicable,Yes,Yes,No,18.6,No,Male,Fatal,22,2024,January,4:20
Rajasthan,Car,Rainy,Wet,Rural,Morning,54.6,86.77,Not Applicable,Yes,No,Yes,11.8,No,Female,Fatal,5,2022,October,5:26
Maharashtra,Truck,Foggy,Damaged,Rural,Night,76.4,117.69,Not Applicable,Yes,Yes,No,25.2,Yes,Male,Fatal,5,2019,April,1:18
Rajasthan,Bike,Clear,Damaged,Highway,Night,103.6,156.87,No,Not Applicable,Yes,Yes,21.1,No,Female,Fatal,7,2024,January,3:22
Rajasthan,Bike,Clear,Wet,Urban,Night,49,74.13,No,Not Applicable,Yes,Yes,25,Expired,Female,Fatal,6,2020,January,21:49
Rajasthan,Bike,Clear,Wet,Highway,Evening,103.5,154.17,Yes,Not Applicable,Yes,No,25.8,No,Female,Fatal,4,2020,February,17:23
Tamil Nadu,Bike,Rainy,Damaged,Highway,Morning,84.3,121.31,Yes,Not Applicable,Yes,No,26.1,Expired,Male,Fatal,6,2020,October,4:54
Rajasthan,Bike,Foggy,Damaged,Highway,Afternoon,85.3,132.88,No,Not Applicable,Yes,No,18.1,Yes,Male,Fatal,5,2022,June,12:18
Gujarat,Bike,Clear,Wet,Urban,Morning,47.3,72.53,Yes,Not Applicable,Yes,Yes,26.2,No,Female,Fatal,7,2022,April,4:16
Uttar Pradesh,Car,Clear,Wet,Highway,Evening,80.2,125.57,Not Applicable,Yes,Yes,Yes,22.3,Yes,Female,Fatal,6,2024,December,19:46
Gujarat,Bike,Foggy,Dry,Highway,Afternoon,83.1,123.64,Yes,Not Applicable,Yes,Yes,26.8,No,Male,Fatal,4,2023,June,16:51
Karnataka,Truck,Clear,Wet,Highway,Morning,98.6,149.1,Not Applicable,Yes,Yes,No,18.5,Yes,Male,Fatal,3,2024,January,10:08
Tamil Nadu,Bike,Rainy,Wet,Urban,Morning,54.4,71.25,No,Not Applicable,No,No,23.4,No,Female,Fatal,4,2024,February,6:16
Rajasthan,Bus,Clear,Wet,Rural,Night,78.5,112.65,Not Applicable,Yes,Yes,No,21.2,No,Male,Fatal,47,2022,November,22:56
Rajasthan,Car,Rainy,Dry,Highway,Morning,92.5,147.03,Not Applicable,Yes,Yes,No,34.4,No,Female,Fatal,3,2023,May,4:27
Rajasthan,Car,Rainy,Wet,Rural,Morning,59.1,77.62,Not Applicable,No,Yes,No,34.2,Yes,Female,Fatal,5,2023,February,8:19
Rajasthan,Bike,Clear,Wet,Urban,Night,71.9,95.95,Yes,Not Applicable,Yes,Yes,24.5,Yes,Female,Fatal,3,2023,April,23:09
Uttar Pradesh,Bus,Rainy,Wet,Highway,Evening,97,130.19,Not Applicable,Yes,Yes,No,30.9,Yes,Male,Fatal,14,2022,October,17:25
Uttar Pradesh,Bike,Foggy,Damaged,Rural,Morning,77.9,119.54,No,Not Applicable,No,Yes,29.3,Expired,Male,Fatal,4,2020,June,5:25
Karnataka,Car,Rainy,Wet,Highway,Evening,94,149.14,Not Applicable,No,No,No,20.5,Yes,Male,Fatal,2,2023,October,19:40
Maharashtra,Bike,Foggy,Wet,Highway,Night,76.4,114.49,Yes,Not Applicable,Yes,No,13.8,Expired,Male,Fatal,4,2022,June,22:33
Maharashtra,Truck,Clear,Wet,Highway,Night,98.1,156.59,Not Applicable,Yes,Yes,No,11.3,Yes,Male,Fatal,3,2024,June,0:52
Tamil Nadu,Bike,Rainy,Wet,Urban,Morning,48.5,70.82,No,Not Applicable,No,No,11,No,Female,Fatal,4,2022,April,8:16
Uttar Pradesh,Bike,Clear,Damaged,Urban,Morning,67.3,106.69,No,Not Applicable,Yes,Yes,23.9,No,Female,Fatal,7,2020,August,11:53
Uttar Pradesh,Bike,Rainy,Wet,Urban,Afternoon,57.6,90.91,No,Not Applicable,No,No,32.4,No,Female,Fatal,4,2022,November,16:55
Rajasthan,Car,Rainy,Damaged,Rural,Morning,50.7,69.29,Not Applicable,No,No,No,24.1,No,Female,Fatal,4,2020,January,6:13
Uttar Pradesh,Truck,Clear,Wet,Urban,Night,43.1,64.86,Not Applicable,No,Yes,Yes,22.8,No,Male,Fatal,7,2022,March,23:26
Maharashtra,Bike,Foggy,Wet,Rural,Evening,75.7,116.42,No,Not Applicable,Yes,Yes,16.5,Yes,Female,Fatal,3,2022,November,18:19
Maharashtra,Truck,Clear,Wet,Rural,Morning,68,101.44,Not Applicable,Yes,Yes,Yes,15.6,No,Male,Fatal,7,2019,September,4:43
Uttar Pradesh,Car,Foggy,Damaged,Urban,Morning,61.4,95.83,Not Applicable,Yes,Yes,Yes,21,No,Female,Fatal,9,2021,March,7:03
Rajasthan,Truck,Clear,Wet,Urban,Evening,44.7,70.87,Not Applicable,No,Yes,Yes,29.4,Yes,Male,Fatal,5,2021,September,17:54
Karnataka,Bike,Rainy,Damaged,Rural,Night,54.3,82.51,Yes,Not Applicable,Yes,No,28.3,Yes,Female,Fatal,3,2023,October,1:29
Uttar Pradesh,Bike,Rainy,Dry,Rural,Night,58,79.29,No,Not Applicable,Yes,Yes,15.9,Yes,Female,Fatal,3,2021,September,0:18
Maharashtra,Truck,Rainy,Damaged,Highway,Night,75.9,118.26,Not Applicable,Yes,Yes,No,25.8,Yes,Male,Fatal,3,2020,August,21:17
Uttar Pradesh,Bike,Clear,Damaged,Urban,Afternoon,53.5,76.45,No,Not Applicable,Yes,Yes,18.7,Yes,Female,Fatal,5,2020,September,14:40
Maharashtra,Truck,Clear,Wet,Highway,Night,110.2,154.04,Not Applicable,Yes,No,Yes,20.8,Yes,Male,Fatal,2,2023,June,2:42
Rajasthan,Truck,Clear,Damaged,Highway,Evening,82.2,123.52,Not Applicable,Yes,No,Yes,13.9,Expired,Male,Fatal,4,2021,April,18:05
Rajasthan,Car,Foggy,Damaged,Rural,Morning,58.4,89.63,Not Applicable,Yes,Yes,No,20.7,No,Male,Fatal,4,2022,February,10:54
Rajasthan,Car,Rainy,Dry,Urban,Afternoon,59.4,82.87,Not Applicable,No,Yes,No,30.6,Yes,Male,Fatal,2,2021,March,15:19
Karnataka,Bike,Foggy,Wet,Highway,Night,106.5,160.31,Yes,Not Applicable,Yes,No,33,No,Female,Fatal,4,2024,February,22:59
Rajasthan,Bike,Foggy,Wet,Urban,Night,56.6,74.92,No,Not Applicable,No,Yes,20.8,Expired,Female,Fatal,3,2024,December,22:38
Gujarat,Car,Clear,Wet,Highway,Morning,101.5,144.73,Not Applicable,Yes,Yes,Yes,27.8,Yes,Male,Fatal,5,2023,June,5:32
Gujarat,Bike,Rainy,Dry,Urban,Morning,63.8,96.48,No,Not Applicable,Yes,Yes,19.1,No,Female,Fatal,4,2023,January,8:22
Tamil Nadu,Bike,Rainy,Damaged,Urban,Evening,38.7,61.18,No,Not Applicable,Yes,No,23.4,Yes,Male,Fatal,5,2019,June,17:05
Karnataka,Bike,Rainy,Damaged,Highway,Night,108.9,164.57,Yes,Not Applicable,No,Yes,25.7,No,Male,Fatal,4,2022,May,2:21
Rajasthan,Bike,Clear,Dry,Highway,Night,109.9,163.77,Yes,Not Applicable,No,No,14.4,Yes,Female,Fatal,2,2023,August,1:32
Gujarat,Bus,Rainy,Wet,Highway,Night,77.8,104.93,Not Applicable,Yes,Yes,No,22,Yes,Male,Fatal,27,2019,June,22:17
Tamil Nadu,Bike,Clear,Wet,Urban,Afternoon,69.4,108.37,No,Not Applicable,Yes,Yes,17,Yes,Female,Fatal,3,2023,January,14:59
Uttar Pradesh,Bike,Foggy,Wet,Urban,Night,65,101.46,Yes,Not Applicable,Yes,No,11.6,No,Male,Fatal,4,2022,May,22:14
Karnataka,Car,Rainy,Wet,Rural,Morning,74.8,107.66,Not Applicable,Yes,Yes,No,27.1,Yes,Female,Fatal,5,2021,August,11:13
Tamil Nadu,Truck,Rainy,Dry,Highway,Night,89.6,142.22,Not Applicable,Yes,Yes,No,34.5,Yes,Male,Fatal,2,2019,May,22:22
Maharashtra,Bike,Clear,Damaged,Highway,Morning,90.5,125.96,No,Not Applicable,Yes,Yes,20.7,Yes,Female,Fatal,5,2024,November,5:42
Gujarat,Truck,Foggy,Damaged,Rural,Night,66.5,97.01,Not Applicable,No,Yes,No,25.2,Yes,Male,Fatal,5,2021,January,2:49
Tamil Nadu,Bike,Rainy,Wet,Urban,Evening,37.2,56.8,No,Not Applicable,Yes,No,24.2,Expired,Female,Fatal,6,2021,February,18:32
Karnataka,Car,Rainy,Damaged,Urban,Night,68.5,96.96,Not Applicable,Yes,No,No,26.7,No,Female,Fatal,7,2019,November,22:18
Maharashtra,Bike,Clear,Damaged,Highway,Night,99.7,139.68,No,Not Applicable,No,No,15.2,No,Female,Fatal,3,2024,October,22:01
Karnataka,Bike,Clear,Wet,Rural,Morning,50.8,79.77,Yes,Not Applicable,Yes,No,13.5,No,Male,Fatal,4,2023,January,9:38
Uttar Pradesh,Truck,Rainy,Wet,Rural,Afternoon,63.3,89.08,Not Applicable,Yes,Yes,Yes,22.3,Yes,Male,Fatal,3,2021,June,13:36
Maharashtra,Bike,Rainy,Wet,Rural,Night,76.2,115.92,Yes,Not Applicable,Yes,No,32.9,Yes,Male,Fatal,3,2020,June,21:01
Rajasthan,Car,Rainy,Damaged,Urban,Night,68.2,100.85,Not Applicable,Yes,Yes,No,33.1,Yes,Male,Fatal,5,2022,May,1:14
Rajasthan,Bike,Rainy,Wet,Highway,Morning,100,142.39,Yes,Not Applicable,Yes,No,21.8,No,Female,Fatal,4,2021,May,8:10
Karnataka,Car,Rainy,Wet,Highway,Morning,98.3,157.25,Not Applicable,Yes,Yes,No,28.1,Yes,Male,Fatal,9,2020,May,7:39
Rajasthan,Truck,Clear,Wet,Highway,Night,115.9,160.82,Not Applicable,Yes,No,Yes,18.1,Expired,Male,Fatal,3,2020,March,2:34
Rajasthan,Car,Rainy,Damaged,Highway,Night,92.4,120.85,Not Applicable,Yes,Yes,Yes,13,Yes,Male,Fatal,6,2022,May,22:14
Rajasthan,Truck,Foggy,Wet,Highway,Morning,89.8,130.09,Not Applicable,Yes,Yes,No,15.4,No,Male,Fatal,4,2024,September,7:02
Maharashtra,Car,Rainy,Damaged,Rural,Night,69.2,104.99,Not Applicable,Yes,No,Yes,26.7,No,Male,Fatal,4,2022,September,1:49
Maharashtra,Bike,Rainy,Wet,Highway,Afternoon,87.8,125.83,Yes,Not Applicable,Yes,Yes,33.5,No,Male,Fatal,4,2019,October,12:26
Karnataka,Bike,Rainy,Damaged,Urban,Morning,44.5,63.67,Yes,Not Applicable,Yes,No,22.6,No,Female,Fatal,7,2023,October,5:53
Gujarat,Car,Clear,Dry,Highway,Morning,105.6,144.97,Not Applicable,Yes,Yes,Yes,22.3,Yes,Male,Fatal,2,2020,January,5:19
Gujarat,Truck,Foggy,Wet,Rural,Afternoon,51.5,67.57,Not Applicable,Yes,Yes,Yes,10.8,Expired,Male,Fatal,6,2020,January,16:19
Maharashtra,Car,Foggy,Wet,Urban,Afternoon,52.4,76.71,Not Applicable,No,Yes,Yes,23.7,Yes,Female,Fatal,9,2023,July,15:48
Tamil Nadu,Car,Clear,Damaged,Highway,Afternoon,107.9,149.08,Not Applicable,Yes,Yes,Yes,33.7,No,Female,Fatal,8,2019,December,13:43
Karnataka,Bus,Clear,Dry,Rural,Afternoon,79.7,124.73,Not Applicable,Yes,No,Yes,14.6,Yes,Male,Fatal,7,2020,December,13:03
Gujarat,Bus,Foggy,Damaged,Highway,Night,96.1,144.68,Not Applicable,Yes,No,Yes,27.1,Yes,Male,Fatal,23,2022,September,21:14
Karnataka,Bike,Clear,Damaged,Highway,Evening,96.8,138.68,No,Not Applicable,Yes,No,16.3,Yes,Male,Fatal,5,2020,December,19:59
Rajasthan,Car,Foggy,Wet,Highway,Evening,87.3,139.38,Not Applicable,Yes,No,Yes,27.8,No,Female,Fatal,5,2021,September,17:58
Rajasthan,Car,Clear,Damaged,Highway,Night,78.6,110.39,Not Applicable,Yes,Yes,Yes,29,No,Female,Fatal,8,2023,June,3:34
Rajasthan,Car,Rainy,Wet,Rural,Night,48.3,73.42,Not Applicable,Yes,Yes,No,31.8,Yes,Male,Fatal,9,2023,May,22:10
Karnataka,Car,Clear,Dry,Urban,Morning,44.8,60.89,Not Applicable,Yes,Yes,Yes,34.3,No,Male,Fatal,7,2022,January,9:35
Tamil Nadu,Bike,Clear,Dry,Highway,Night,91.2,124.08,Yes,Not Applicable,No,No,22.3,Yes,Female,Fatal,2,2019,August,0:30
Karnataka,Truck,Clear,Damaged,Highway,Evening,85,133.87,Not Applicable,No,Yes,Yes,31.9,Yes,Male,Fatal,5,2021,March,20:51
Gujarat,Truck,Rainy,Wet,Highway,Night,107.6,141.78,Not Applicable,Yes,Yes,No,26.2,Yes,Male,Fatal,3,2019,October,23:46
Maharashtra,Truck,Rainy,Wet,Highway,Morning,81.1,125.37,Not Applicable,No,Yes,No,32.6,Yes,Male,Fatal,5,2021,April,10:47
Maharashtra,Truck,Clear,Damaged,Highway,Evening,77.5,123.51,Not Applicable,Yes,No,No,19.4,Expired,Male,Fatal,3,2020,September,17:52
Gujarat,Bus,Clear,Wet,Highway,Afternoon,101.8,149.22,Not Applicable,Yes,Yes,No,24.5,Yes,Male,Fatal,10,2019,September,16:43
Tamil Nadu,Bike,Clear,Dry,Highway,Night,104.3,163.18,Yes,Not Applicable,No,No,19.4,Yes,Male,Fatal,1,2020,December,22:03
Maharashtra,Car,Rainy,Wet,Highway,Night,92.3,133.19,Not Applicable,Yes,Yes,No,18.1,No,Female,Fatal,8,2020,June,22:05
Karnataka,Bike,Foggy,Dry,Highway,Afternoon,105.5,154.52,Yes,Not Applicable,No,Yes,31.4,No,Female,Fatal,2,2021,December,16:00
Maharashtra,Car,Clear,Damaged,Rural,Morning,84.7,118.27,Not Applicable,Yes,Yes,Yes,32.4,No,Male,Fatal,7,2024,October,9:57
Karnataka,Bike,Rainy,Wet,Highway,Night,79.7,107.09,Yes,Not Applicable,No,No,29.7,Expired,Male,Fatal,4,2020,December,21:10
Tamil Nadu,Car,Foggy,Wet,Highway,Morning,95.2,130.75,Not Applicable,No,No,No,22,No,Male,Fatal,8,2020,March,8:33
Gujarat,Car,Rainy,Damaged,Rural,Morning,53.8,80.33,Not Applicable,No,No,No,26.8,No,Male,Fatal,5,2022,November,10:12
Uttar Pradesh,Bike,Rainy,Damaged,Urban,Morning,67.9,96.2,Yes,Not Applicable,Yes,Yes,16.1,No,Female,Fatal,7,2021,May,5:34
Uttar Pradesh,Bus,Clear,Damaged,Highway,Morning,107.6,147.76,Not Applicable,Yes,No,No,32.6,Expired,Male,Fatal,19,2023,November,11:33
Gujarat,Car,Rainy,Wet,Rural,Night,67.4,92.51,Not Applicable,Yes,No,No,30.2,No,Male,Fatal,4,2019,October,22:41
Maharashtra,Bike,Clear,Wet,Rural,Evening,62.8,84.08,No,Not Applicable,No,No,28.5,Expired,Female,Fatal,3,2023,July,19:50
Rajasthan,Car,Clear,Wet,Urban,Night,68.9,108.55,Not Applicable,Yes,Yes,Yes,17,Yes,Female,Fatal,5,2019,September,0:09
Tamil Nadu,Truck,Clear,Damaged,Highway,Afternoon,104.8,143.75,Not Applicable,No,No,Yes,33,Yes,Male,Fatal,3,2021,September,15:14
Karnataka,Car,Clear,Wet,Highway,Morning,108.1,146.67,Not Applicable,Yes,Yes,No,31.5,No,Female,Fatal,7,2024,August,4:11
Gujarat,Car,Foggy,Damaged,Rural,Night,79.6,103.61,Not Applicable,No,Yes,No,17.5,Yes,Female,Fatal,3,2020,May,2:50
Maharashtra,Bike,Rainy,Damaged,Urban,Night,39.5,57.29,Yes,Not Applicable,Yes,Yes,12.2,Yes,Male,Fatal,3,2019,December,2:05
Uttar Pradesh,Bike,Rainy,Wet,Rural,Evening,54.2,78.12,Yes,Not Applicable,Yes,Yes,29.9,Expired,Male,Fatal,6,2023,August,17:07
Uttar Pradesh,Bike,Rainy,Damaged,Highway,Night,105.4,144.56,Yes,Not Applicable,No,No,20.7,Yes,Male,Fatal,3,2021,July,22:00
Tamil Nadu,Truck,Foggy,Wet,Rural,Afternoon,77.5,108.95,Not Applicable,Yes,Yes,No,16,No,Male,Fatal,7,2021,January,13:47
Rajasthan,Bike,Clear,Wet,Highway,Afternoon,105.2,150.33,Yes,Not Applicable,No,No,12.1,Yes,Male,Fatal,3,2023,October,15:53
Rajasthan,Bike,Foggy,Wet,Highway,Night,102.5,152,No,Not Applicable,Yes,Yes,30.2,Yes,Male,Fatal,5,2021,February,23:54
Gujarat,Car,Foggy,Damaged,Highway,Morning,74.5,119.03,Not Applicable,No,Yes,No,27.2,Yes,Female,Fatal,5,2019,April,9:49
Maharashtra,Car,Rainy,Damaged,Highway,Night,96.5,126.8,Not Applicable,Yes,Yes,No,14.2,Yes,Female,Fatal,5,2021,February,23:54
Gujarat,Bike,Clear,Wet,Rural,Morning,53.2,83.48,Yes,Not Applicable,Yes,No,27.2,No,Female,Fatal,4,2020,January,4:48
Gujarat,Car,Clear,Damaged,Highway,Night,96.6,149.77,Not Applicable,No,Yes,No,14,Yes,Male,Fatal,6,2021,April,1:04
Uttar Pradesh,Truck,Rainy,Wet,Urban,Afternoon,37.2,57.4,Not Applicable,Yes,Yes,No,29.6,Yes,Male,Fatal,3,2020,June,15:46
Gujarat,Bike,Clear,Wet,Rural,Afternoon,57.2,76.05,Yes,Not Applicable,Yes,Yes,17.1,Expired,Female,Fatal,4,2021,February,16:59
Rajasthan,Bike,Foggy,Dry,Highway,Night,89.5,128.02,No,Not Applicable,Yes,No,16.3,Yes,Female,Fatal,2,2023,October,3:53
Gujarat,Bus,Clear,Wet,Urban,Night,65.4,88.69,Not Applicable,No,Yes,Yes,20,Yes,Male,Fatal,33,2023,June,2:52
Rajasthan,Truck,Rainy,Damaged,Highway,Afternoon,103.5,140.47,Not Applicable,Yes,Yes,Yes,34.3,Expired,Male,Fatal,4,2021,January,16:34
Gujarat,Truck,Rainy,Wet,Highway,Night,106.3,151.26,Not Applicable,Yes,Yes,No,18.6,Yes,Male,Fatal,3,2022,October,23:44
Karnataka,Bus,Clear,Wet,Highway,Morning,97.2,146.71,Not Applicable,Yes,Yes,Yes,24.3,No,Male,Fatal,35,2022,July,11:35
Gujarat,Bike,Rainy,Wet,Rural,Evening,68.5,100.14,Yes,Not Applicable,Yes,Yes,21.5,No,Male,Fatal,7,2022,September,19:59
Uttar Pradesh,Car,Clear,Damaged,Urban,Night,45.7,68.83,Not Applicable,Yes,Yes,Yes,23.2,No,Female,Fatal,8,2020,May,23:09
Maharashtra,Truck,Rainy,Wet,Highway,Evening,87.9,135.18,Not Applicable,No,Yes,No,28.9,Yes,Male,Fatal,5,2019,February,17:27
Rajasthan,Bus,Foggy,Wet,Urban,Night,55.8,85.58,Not Applicable,Yes,No,Yes,23,No,Male,Fatal,25,2019,February,22:23
Maharashtra,Bike,Clear,Wet,Urban,Night,53.2,84.19,No,Not Applicable,Yes,Yes,11.7,No,Male,Fatal,7,2023,January,21:37
Uttar Pradesh,Bike,Foggy,Damaged,Highway,Evening,78.3,112.14,Yes,Not Applicable,Yes,Yes,32.3,Expired,Female,Fatal,4,2019,March,20:58
Karnataka,Car,Foggy,Wet,Urban,Afternoon,46.8,74.86,Not Applicable,No,No,Yes,25.6,Yes,Female,Fatal,4,2024,September,14:11
Karnataka,Bike,Rainy,Damaged,Urban,Night,44,62.09,No,Not Applicable,No,No,29.8,Yes,Female,Fatal,2,2021,June,0:06
Rajasthan,Bike,Rainy,Wet,Urban,Morning,62.5,98.29,No,Not Applicable,Yes,No,10.7,Yes,Male,Fatal,3,2024,July,10:57
Maharashtra,Car,Clear,Wet,Highway,Evening,90.6,122.37,Not Applicable,Yes,Yes,No,10.6,Yes,Female,Fatal,3,2021,July,20:29
Rajasthan,Car,Clear,Damaged,Urban,Night,64.9,103.48,Not Applicable,No,Yes,Yes,12.6,No,Female,Fatal,7,2023,February,2:09
Karnataka,Car,Foggy,Damaged,Highway,Morning,104.5,164.02,Not Applicable,Yes,Yes,No,31.3,Yes,Male,Fatal,5,2020,November,7:49
Uttar Pradesh,Bike,Rainy,Dry,Highway,Morning,92.9,146.44,No,Not Applicable,Yes,Yes,13.4,No,Female,Fatal,4,2021,June,4:45
Tamil Nadu,Bike,Foggy,Wet,Urban,Night,48.9,78.18,Yes,Not Applicable,No,No,17.9,No,Female,Fatal,4,2022,January,3:14
Tamil Nadu,Truck,Clear,Wet,Highway,Night,92.7,121.33,Not Applicable,No,No,Yes,29.7,Yes,Male,Fatal,2,2023,June,3:44
Uttar Pradesh,Bike,Clear,Dry,Highway,Night,80.2,123.4,No,Not Applicable,No,No,20.2,Yes,Male,Fatal,1,2019,October,2:53
Uttar Pradesh,Car,Rainy,Damaged,Rural,Morning,61,86.82,Not Applicable,Yes,Yes,Yes,30.7,Yes,Female,Fatal,7,2022,November,6:56
Uttar Pradesh,Truck,Foggy,Damaged,Urban,Evening,37.2,57.07,Not Applicable,No,No,Yes,10.8,No,Male,Fatal,4,2022,December,19:51
Tamil Nadu,Bike,Foggy,Wet,Highway,Evening,81.3,107.88,Yes,Not Applicable,Yes,No,17.4,Expired,Female,Fatal,4,2022,March,20:10
Tamil Nadu,Bike,Rainy,Damaged,Urban,Morning,49.1,74.78,Yes,Not Applicable,Yes,Yes,28.6,Expired,Male,Fatal,6,2021,March,11:43
Karnataka,Bike,Clear,Wet,Urban,Afternoon,56.5,82.09,Yes,Not Applicable,Yes,Yes,30.5,Yes,Female,Fatal,3,2019,June,15:12
Gujarat,Bike,Clear,Damaged,Highway,Morning,91.8,125.26,Yes,Not Applicable,No,Yes,31,Expired,Female,Fatal,4,2022,March,10:06
Tamil Nadu,Bike,Clear,Wet,Rural,Morning,59.6,82.47,No,Not Applicable,Yes,No,10.1,No,Male,Fatal,7,2022,June,10:15
Rajasthan,Car,Rainy,Damaged,Urban,Morning,60.8,84.84,Not Applicable,Yes,No,Yes,33.4,No,Female,Fatal,4,2021,October,6:44
Gujarat,Truck,Clear,Damaged,Highway,Night,90.3,123.18,Not Applicable,Yes,Yes,No,20.4,Yes,Male,Fatal,5,2023,May,1:53
Tamil Nadu,Bike,Foggy,Wet,Highway,Morning,92.7,138.42,Yes,Not Applicable,Yes,Yes,19,No,Male,Fatal,4,2022,June,4:09
Karnataka,Car,Clear,Wet,Urban,Night,53.2,81.72,Not Applicable,Yes,No,No,32.2,No,Female,Fatal,4,2023,January,2:34
Maharashtra,Car,Rainy,Dry,Urban,Evening,60.2,83.43,Not Applicable,No,Yes,No,34.6,Yes,Female,Fatal,6,2023,January,18:47
Rajasthan,Bike,Foggy,Dry,Rural,Night,76.9,121.65,Yes,Not Applicable,Yes,Yes,29.4,Expired,Female,Fatal,4,2021,August,2:16
Maharashtra,Bike,Foggy,Wet,Highway,Night,107.4,141.6,No,Not Applicable,Yes,No,24.7,Yes,Female,Fatal,5,2024,July,3:15
Rajasthan,Car,Foggy,Wet,Highway,Morning,80.8,126.43,Not Applicable,Yes,Yes,No,13.5,Yes,Female,Fatal,6,2021,June,9:09
Uttar Pradesh,Car,Foggy,Damaged,Urban,Night,44.2,70.53,Not Applicable,Yes,Yes,No,19.2,No,Male,Fatal,9,2024,June,23:22
Karnataka,Car,Rainy,Wet,Urban,Night,67.1,95.96,Not Applicable,No,Yes,No,12.6,Yes,Male,Fatal,5,2020,September,2:00
Karnataka,Bike,Clear,Wet,Rural,Night,57.3,87.02,Yes,Not Applicable,No,Yes,11.5,No,Female,Fatal,4,2019,January,0:33
Gujarat,Bike,Rainy,Wet,Highway,Night,94.6,133.24,Yes,Not Applicable,No,Yes,21.9,Expired,Female,Fatal,3,2022,June,21:16
Gujarat,Bike,Foggy,Dry,Highway,Morning,103.7,163.59,Yes,Not Applicable,No,No,10.6,No,Female,Fatal,3,2020,September,9:23
Karnataka,Bike,Clear,Damaged,Highway,Night,116.3,160.54,No,Not Applicable,Yes,No,21.3,Yes,Female,Fatal,5,2022,November,1:10
Maharashtra,Bike,Rainy,Wet,Urban,Afternoon,38.6,59.92,Yes,Not Applicable,Yes,No,29.2,Yes,Female,Fatal,5,2019,February,12:23
Rajasthan,Bike,Rainy,Wet,Highway,Morning,102.8,149.12,No,Not Applicable,No,Yes,25.8,No,Female,Fatal,3,2020,June,10:41
Tamil Nadu,Bike,Foggy,Wet,Rural,Morning,76.9,116.65,No,Not Applicable,Yes,No,32.9,Expired,Female,Fatal,4,2019,April,11:42
Karnataka,Car,Clear,Wet,Rural,Night,79.7,107.78,Not Applicable,No,Yes,No,13.9,No,Male,Fatal,8,2022,September,0:35
Uttar Pradesh,Car,Clear,Wet,Urban,Night,67.9,89.84,Not Applicable,Yes,Yes,Yes,20.7,Yes,Male,Fatal,9,2019,December,2:11
Maharashtra,Bus,Rainy,Wet,Highway,Morning,99,136.13,Not Applicable,No,Yes,No,34.7,Yes,Male,Fatal,35,2021,October,5:49
Tamil Nadu,Bike,Rainy,Wet,Rural,Afternoon,53.4,80.51,Yes,Not Applicable,Yes,Yes,32.6,Yes,Female,Fatal,3,2019,April,13:53
Rajasthan,Bike,Clear,Wet,Urban,Evening,41.9,59.58,Yes,Not Applicable,Yes,No,23.1,No,Female,Fatal,4,2019,June,18:11
Tamil Nadu,Bike,Rainy,Wet,Highway,Evening,88.6,137.88,No,Not Applicable,Yes,Yes,31.9,No,Male,Fatal,7,2022,October,18:35
Maharashtra,Bus,Rainy,Damaged,Urban,Evening,65.3,97.96,Not Applicable,No,Yes,Yes,18.4,No,Male,Fatal,42,2019,March,19:01
Rajasthan,Car,Rainy,Wet,Urban,Morning,65.2,85.01,Not Applicable,No,No,No,16.4,Expired,Male,Fatal,5,2023,April,4:55
Rajasthan,Truck,Foggy,Damaged,Rural,Afternoon,48.1,66.48,Not Applicable,Yes,Yes,No,19.8,No,Male,Fatal,4,2020,April,15:20
Gujarat,Bike,Rainy,Wet,Rural,Night,78.4,114.28,No,Not Applicable,No,No,24.2,Yes,Female,Fatal,3,2020,January,21:40
Maharashtra,Bike,Foggy,Dry,Urban,Night,67.6,103.32,No,Not Applicable,Yes,Yes,21.6,No,Male,Fatal,4,2020,September,1:42
Karnataka,Car,Rainy,Damaged,Urban,Night,46.6,67.2,Not Applicable,Yes,Yes,Yes,17.3,Yes,Male,Fatal,3,2021,June,22:27
Tamil Nadu,Bike,Foggy,Damaged,Highway,Evening,94.5,139.02,No,Not Applicable,No,No,18.5,No,Female,Fatal,4,2024,October,18:49
Rajasthan,Bike,Rainy,Wet,Urban,Night,55.7,85.41,No,Not Applicable,Yes,No,14.3,Yes,Female,Fatal,3,2023,June,3:08
Tamil Nadu,Bike,Foggy,Wet,Urban,Morning,39.3,62.05,Yes,Not Applicable,Yes,Yes,32.2,Expired,Male,Fatal,6,2024,September,6:55
Maharashtra,Car,Rainy,Dry,Urban,Night,56.7,89.84,Not Applicable,Yes,Yes,Yes,17.1,No,Female,Fatal,4,2024,December,3:08
Maharashtra,Truck,Clear,Wet,Urban,Night,42.4,57.79,Not Applicable,No,No,Yes,16.1,Yes,Male,Fatal,2,2020,May,23:47
Gujarat,Truck,Rainy,Damaged,Urban,Evening,60.2,91.66,Not Applicable,Yes,Yes,No,24.6,No,Male,Fatal,7,2020,May,18:54
Maharashtra,Truck,Clear,Dry,Rural,Morning,84.6,133.41,Not Applicable,Yes,No,No,10.6,No,Male,Fatal,2,2021,March,9:06
Tamil Nadu,Bus,Clear,Damaged,Highway,Night,93.3,123.71,Not Applicable,Yes,Yes,No,12.9,No,Male,Fatal,18,2024,January,21:52
Maharashtra,Car,Foggy,Wet,Urban,Afternoon,42.4,58.17,Not Applicable,Yes,Yes,No,20,Expired,Female,Fatal,6,2019,January,12:04
Gujarat,Truck,Clear,Dry,Highway,Evening,87.6,137.77,Not Applicable,Yes,Yes,No,23.2,Yes,Male,Fatal,3,2024,November,19:51
Gujarat,Truck,Rainy,Wet,Rural,Night,60,94.08,Not Applicable,No,Yes,No,21.8,Expired,Male,Fatal,6,2023,January,3:23
Tamil Nadu,Car,Foggy,Dry,Rural,Evening,67.1,102.74,Not Applicable,Yes,Yes,Yes,12.9,No,Female,Fatal,4,2021,December,18:31
Tamil Nadu,Car,Clear,Wet,Highway,Night,101.4,152.51,Not Applicable,Yes,Yes,No,25.4,Expired,Male,Fatal,6,2022,August,22:05
Uttar Pradesh,Bike,Rainy,Damaged,Urban,Night,69.1,99.37,Yes,Not Applicable,Yes,Yes,11,Expired,Male,Fatal,4,2022,October,1:56
Gujarat,Bike,Clear,Dry,Urban,Night,61.5,82.88,No,Not Applicable,Yes,Yes,14.6,Yes,Female,Fatal,2,2022,February,23:02
Uttar Pradesh,Car,Clear,Wet,Highway,Morning,109.2,155.11,Not Applicable,Yes,Yes,No,11.3,Yes,Female,Fatal,6,2020,September,4:22
Karnataka,Bus,Rainy,Wet,Highway,Evening,102.1,156.03,Not Applicable,Yes,No,No,20.3,Expired,Male,Fatal,13,2024,November,19:53
Tamil Nadu,Car,Rainy,Damaged,Rural,Morning,50.6,68.05,Not Applicable,Yes,Yes,No,11.7,No,Female,Fatal,4,2024,January,4:57
Tamil Nadu,Bike,Rainy,Wet,Urban,Evening,48.1,76.04,Yes,Not Applicable,Yes,Yes,13.7,Expired,Male,Fatal,6,2024,December,17:14
Karnataka,Truck,Rainy,Wet,Rural,Night,69.3,100.9,Not Applicable,Yes,Yes,Yes,27.4,No,Male,Fatal,7,2021,January,0:22
Tamil Nadu,Car,Rainy,Dry,Highway,Morning,93,121.16,Not Applicable,Yes,Yes,Yes,14.9,No,Female,Fatal,4,2019,January,8:47
Gujarat,Car,Rainy,Wet,Rural,Night,72.8,107.27,Not Applicable,Yes,Yes,No,16.3,Yes,Male,Fatal,9,2023,October,3:32
Maharashtra,Car,Foggy,Dry,Urban,Night,49.1,74.26,Not Applicable,No,Yes,No,22.4,No,Female,Fatal,3,2020,February,23:34
Karnataka,Bike,Clear,Wet,Highway,Night,78.2,103.4,No,Not Applicable,No,Yes,25,Yes,Female,Fatal,2,2024,February,3:21
Tamil Nadu,Car,Clear,Wet,Rural,Morning,71.9,107.68,Not Applicable,No,No,Yes,27.6,Expired,Male,Fatal,4,2019,September,4:07
Uttar Pradesh,Car,Clear,Damaged,Highway,Night,103.5,164.05,Not Applicable,Yes,Yes,No,14.9,No,Female,Fatal,7,2019,August,3:22
Gujarat,Bike,Clear,Dry,Highway,Morning,98.7,154.58,No,Not Applicable,Yes,No,22.5,Expired,Female,Fatal,4,2021,September,10:24
Gujarat,Bike,Clear,Damaged,Rural,Evening,80.9,122.79,No,Not Applicable,No,No,26.3,No,Male,Fatal,3,2020,May,18:18
Maharashtra,Bike,Rainy,Wet,Urban,Evening,37.5,49.33,Yes,Not Applicable,Yes,Yes,27.3,No,Female,Fatal,7,2024,July,20:37
Rajasthan,Car,Clear,Wet,Highway,Morning,77.6,109.9,Not Applicable,No,Yes,No,14.6,No,Female,Fatal,12,2020,December,7:27
Rajasthan,Bike,Rainy,Dry,Highway,Evening,75.5,117.5,No,Not Applicable,Yes,No,14.2,Expired,Female,Fatal,4,2022,November,20:30
Maharashtra,Car,Clear,Dry,Urban,Evening,50.2,73.82,Not Applicable,No,Yes,No,32.9,No,Female,Fatal,4,2022,May,17:42
Gujarat,Car,Clear,Wet,Urban,Night,43.4,59.7,Not Applicable,No,Yes,No,27.6,Yes,Female,Fatal,3,2023,September,3:46
Maharashtra,Bike,Clear,Damaged,Urban,Night,43.4,64.18,Yes,Not Applicable,Yes,No,32.6,No,Male,Fatal,7,2019,June,2:41
Tamil Nadu,Bike,Clear,Wet,Urban,Night,69.1,102.75,No,Not Applicable,Yes,No,33.1,Yes,Female,Fatal,5,2020,April,21:32
Rajasthan,Bike,Foggy,Wet,Highway,Afternoon,74.1,109.31,Yes,Not Applicable,Yes,Yes,11,Yes,Male,Fatal,3,2023,April,13:55
Rajasthan,Car,Clear,Wet,Highway,Evening,103.6,138.05,Not Applicable,No,Yes,Yes,30.7,Yes,Male,Fatal,3,2021,September,19:32
Gujarat,Bike,Clear,Wet,Urban,Morning,73.6,115.27,No,Not Applicable,No,Yes,25.9,Yes,Female,Fatal,3,2020,February,8:23
Karnataka,Bike,Clear,Wet,Highway,Morning,112.1,154.13,Yes,Not Applicable,No,No,12.8,Expired,Female,Fatal,3,2021,January,6:31
Tamil Nadu,Bike,Clear,Wet,Highway,Evening,98.8,153.44,Yes,Not Applicable,No,No,34,Expired,Female,Fatal,3,2022,September,19:37
Tamil Nadu,Truck,Foggy,Wet,Urban,Night,61.3,94.04,Not Applicable,Yes,Yes,Yes,31.7,Yes,Male,Fatal,3,2024,June,0:46
Maharashtra,Bus,Clear,Dry,Highway,Night,80.8,114.16,Not Applicable,Yes,Yes,Yes,13.4,No,Male,Fatal,15,2020,April,2:28
Gujarat,Truck,Clear,Wet,Highway,Night,102.8,157.99,Not Applicable,Yes,Yes,Yes,27.2,Expired,Male,Fatal,6,2022,November,1:12
Rajasthan,Bike,Foggy,Wet,Urban,Evening,37.4,53.11,No,Not Applicable,Yes,Yes,14.2,Expired,Female,Fatal,6,2024,March,19:21
Maharashtra,Bike,Clear,Damaged,Rural,Morning,59.9,78.89,Yes,Not Applicable,Yes,No,30.1,No,Female,Fatal,4,2021,January,5:53
Tamil Nadu,Car,Rainy,Dry,Highway,Night,91.3,131.44,Not Applicable,Yes,No,No,23.9,Yes,Female,Fatal,2,2020,September,22:27
Gujarat,Bike,Clear,Dry,Highway,Evening,93.5,137.94,Yes,Not Applicable,Yes,No,30.3,Yes,Male,Fatal,2,2020,February,18:06
Maharashtra,Bike,Clear,Dry,Highway,Night,79,104.95,Yes,Not Applicable,Yes,Yes,24,No,Female,Fatal,3,2024,February,1:05
Rajasthan,Car,Rainy,Wet,Rural,Night,71.5,95.49,Not Applicable,No,Yes,Yes,13.5,No,Female,Fatal,4,2020,September,0:34
Maharashtra,Bike,Foggy,Wet,Highway,Morning,93.6,135.62,Yes,Not Applicable,Yes,Yes,27.9,Yes,Female,Fatal,3,2022,April,8:05
Rajasthan,Bike,Clear,Wet,Urban,Night,63.2,90.91,Yes,Not Applicable,Yes,No,28.6,Yes,Male,Fatal,3,2020,September,2:07
Maharashtra,Bike,Clear,Wet,Rural,Morning,81.4,112.32,No,Not Applicable,No,Yes,18,No,Female,Fatal,4,2021,November,4:43
Karnataka,Car,Clear,Wet,Urban,Night,75.6,108.84,Not Applicable,Yes,Yes,No,34.6,No,Male,Fatal,4,2019,January,0:52
Gujarat,Truck,Clear,Damaged,Urban,Night,45.7,61.33,Not Applicable,Yes,No,Yes,26.1,No,Male,Fatal,4,2023,December,1:50
Maharashtra,Bus,Rainy,Damaged,Urban,Evening,66.9,90.86,Not Applicable,No,Yes,No,23.2,Yes,Male,Fatal,26,2019,June,17:28
Rajasthan,Bike,Clear,Wet,Rural,Night,80.9,115.43,Yes,Not Applicable,Yes,No,32.1,No,Female,Fatal,4,2023,April,1:38
Tamil Nadu,Car,Clear,Dry,Urban,Morning,74,101.84,Not Applicable,No,Yes,No,32.6,No,Male,Fatal,8,2022,May,6:25
Uttar Pradesh,Bike,Foggy,Damaged,Urban,Night,70.7,112.52,Yes,Not Applicable,Yes,No,22.1,Expired,Male,Fatal,4,2021,September,3:55
Gujarat,Bike,Clear,Wet,Highway,Evening,76.3,101.63,Yes,Not Applicable,Yes,Yes,15,No,Female,Fatal,4,2022,May,20:30
Gujarat,Truck,Clear,Wet,Urban,Afternoon,46.5,68.37,Not Applicable,No,No,No,31.5,No,Male,Fatal,3,2019,June,14:59
Gujarat,Car,Rainy,Dry,Urban,Morning,44.1,69.73,Not Applicable,Yes,Yes,Yes,34.8,No,Male,Fatal,8,2020,January,5:11
Karnataka,Car,Clear,Damaged,Highway,Night,79.3,107.47,Not Applicable,Yes,Yes,Yes,27.6,Yes,Male,Fatal,5,2022,August,21:09
Tamil Nadu,Truck,Clear,Wet,Urban,Morning,65.7,89.24,Not Applicable,Yes,Yes,Yes,19.2,Expired,Male,Fatal,4,2023,June,4:18
Karnataka,Bike,Clear,Wet,Urban,Night,75.7,99.15,Yes,Not Applicable,Yes,No,34.1,Yes,Male,Fatal,5,2023,May,2:30
Uttar Pradesh,Bike,Rainy,Wet,Rural,Night,61.1,90.51,Yes,Not Applicable,No,No,20.9,No,Female,Fatal,3,2023,January,0:00
Maharashtra,Bike,Rainy,Wet,Highway,Afternoon,75,104.84,Yes,Not Applicable,Yes,No,25.2,Yes,Male,Fatal,3,2022,April,14:19
Tamil Nadu,Car,Foggy,Damaged,Highway,Morning,100.3,148.99,Not Applicable,Yes,No,No,18.2,Yes,Female,Fatal,4,2024,July,8:02
Rajasthan,Car,Rainy,Dry,Highway,Night,104.3,141.22,Not Applicable,No,Yes,Yes,21.1,No,Female,Fatal,3,2024,August,23:31
Rajasthan,Car,Clear,Dry,Urban,Morning,47.2,61.65,Not Applicable,No,Yes,No,30.5,No,Male,Fatal,7,2021,February,6:37
Gujarat,Bike,Foggy,Wet,Urban,Afternoon,38.7,54.75,No,Not Applicable,Yes,No,31.7,Yes,Male,Fatal,5,2022,May,14:15
Rajasthan,Bike,Foggy,Damaged,Highway,Morning,70,105.2,Yes,Not Applicable,Yes,No,24.6,No,Female,Fatal,4,2023,November,4:57
Gujarat,Bike,Foggy,Wet,Highway,Evening,94.6,150.13,No,Not Applicable,Yes,No,27.2,No,Female,Fatal,7,2021,June,19:55
Gujarat,Car,Rainy,Wet,Urban,Afternoon,65.2,89.24,Not Applicable,Yes,Yes,Yes,20.4,No,Female,Fatal,4,2022,February,15:24
Rajasthan,Bike,Clear,Wet,Highway,Evening,89.4,140.48,No,Not Applicable,Yes,No,18.2,Yes,Female,Fatal,5,2023,November,17:19
Gujarat,Car,Clear,Damaged,Urban,Night,67.8,94.82,Not Applicable,Yes,Yes,No,26.8,Expired,Female,Fatal,6,2022,August,22:05
Gujarat,Car,Foggy,Wet,Highway,Night,107.9,158.44,Not Applicable,Yes,No,Yes,11.9,No,Female,Fatal,8,2022,May,1:11
Uttar Pradesh,Bus,Clear,Damaged,Urban,Night,64.9,97.47,Not Applicable,Yes,Yes,No,22.5,No,Male,Fatal,39,2024,September,0:33
Gujarat,Car,Foggy,Damaged,Highway,Afternoon,82.5,129.7,Not Applicable,No,Yes,No,26,Yes,Male,Fatal,6,2019,August,16:31
Gujarat,Car,Foggy,Damaged,Highway,Morning,97.3,154.82,Not Applicable,Yes,Yes,Yes,30.4,Expired,Male,Fatal,4,2024,October,10:09
Uttar Pradesh,Bike,Rainy,Wet,Highway,Night,105.5,158.34,Yes,Not Applicable,Yes,Yes,26.3,No,Male,Fatal,4,2020,April,3:05
Gujarat,Bike,Clear,Wet,Urban,Afternoon,40.5,62.58,No,Not Applicable,No,No,30,No,Male,Fatal,4,2021,November,12:35
Karnataka,Bike,Clear,Dry,Highway,Evening,90.2,139.93,Yes,Not Applicable,Yes,No,26.7,Expired,Male,Fatal,4,2023,February,20:58
Maharashtra,Car,Foggy,Damaged,Urban,Night,38.9,52.76,Not Applicable,Yes,Yes,Yes,32.3,No,Male,Fatal,8,2023,March,21:05
Uttar Pradesh,Bike,Rainy,Wet,Highway,Morning,77,107.47,No,Not Applicable,Yes,No,19.9,Yes,Female,Fatal,3,2019,February,5:38
Gujarat,Car,Clear,Wet,Rural,Evening,52.7,75.46,Not Applicable,No,Yes,No,20.8,Yes,Female,Fatal,5,2024,February,17:03
Karnataka,Bike,Clear,Wet,Highway,Night,97.2,132.07,Yes,Not Applicable,Yes,No,20.8,Expired,Male,Fatal,6,2021,September,3:40
Gujarat,Bike,Rainy,Damaged,Highway,Night,88.3,114.83,Yes,Not Applicable,Yes,No,16.7,Expired,Male,Fatal,4,2021,May,3:36
Uttar Pradesh,Car,Foggy,Damaged,Urban,Afternoon,44.1,69.61,Not Applicable,No,Yes,Yes,29.3,Yes,Female,Fatal,7,2022,November,13:42
Gujarat,Bike,Foggy,Dry,Rural,Night,79.5,122.89,Yes,Not Applicable,No,No,27.7,Yes,Male,Fatal,1,2021,August,3:14
Karnataka,Truck,Clear,Dry,Highway,Evening,98.8,147.83,Not Applicable,Yes,No,No,31.5,Yes,Male,Fatal,1,2019,July,18:38
Gujarat,Bike,Foggy,Damaged,Rural,Night,49.1,73.15,Yes,Not Applicable,Yes,No,25.5,No,Male,Fatal,4,2022,October,0:30
Rajasthan,Car,Clear,Damaged,Urban,Afternoon,60.1,85.27,Not Applicable,Yes,Yes,No,34.9,No,Female,Fatal,7,2021,May,15:44
Karnataka,Car,Rainy,Damaged,Highway,Evening,91,129.13,Not Applicable,Yes,Yes,No,17.7,Expired,Male,Fatal,8,2019,June,18:06
Gujarat,Bike,Rainy,Wet,Highway,Morning,102.9,143.5,No,Not Applicable,Yes,No,10.2,Yes,Male,Fatal,5,2020,September,11:53
Gujarat,Car,Foggy,Wet,Rural,Night,71.4,107.96,Not Applicable,Yes,Yes,No,19.6,Yes,Female,Fatal,6,2020,September,21:19
Gujarat,Bike,Clear,Damaged,Highway,Evening,107.7,164.12,Yes,Not Applicable,No,No,34.9,Yes,Male,Fatal,2,2022,August,19:49
Tamil Nadu,Car,Clear,Damaged,Rural,Evening,81.3,121.7,Not Applicable,Yes,No,Yes,18.1,Yes,Female,Fatal,5,2020,March,19:08
Rajasthan,Car,Rainy,Wet,Highway,Morning,72.2,96.39,Not Applicable,No,Yes,Yes,14.6,Yes,Female,Fatal,3,2024,July,7:14
Rajasthan,Truck,Clear,Damaged,Highway,Morning,108.9,156.92,Not Applicable,No,No,No,32.5,Yes,Male,Fatal,2,2021,April,9:57
Gujarat,Car,Rainy,Wet,Highway,Evening,83,109.96,Not Applicable,No,Yes,Yes,17.7,Yes,Female,Fatal,6,2019,September,18:59
Karnataka,Bike,Rainy,Damaged,Rural,Night,68.4,104.05,No,Not Applicable,Yes,No,33.1,No,Male,Fatal,7,2021,December,0:55
Uttar Pradesh,Bike,Clear,Wet,Highway,Evening,84.2,113.55,No,Not Applicable,No,Yes,27.5,Expired,Male,Fatal,4,2021,August,19:28
Maharashtra,Truck,Foggy,Wet,Urban,Night,66.6,96.77,Not Applicable,Yes,Yes,Yes,32.9,Expired,Male,Fatal,4,2019,January,1:44
Maharashtra,Bus,Rainy,Damaged,Urban,Night,52.5,70.07,Not Applicable,Yes,Yes,No,22.7,No,Male,Fatal,25,2020,July,21:14
Maharashtra,Bus,Clear,Damaged,Rural,Night,80.9,126.09,Not Applicable,Yes,No,No,30.8,Yes,Male,Fatal,6,2022,March,22:36
Tamil Nadu,Car,Clear,Dry,Highway,Afternoon,79.4,120.28,Not Applicable,No,No,No,34.5,Yes,Female,Fatal,3,2019,November,14:46
Karnataka,Bus,Foggy,Dry,Rural,Afternoon,49.2,65.83,Not Applicable,No,Yes,Yes,12.6,No,Male,Fatal,33,2024,January,15:33
Gujarat,Car,Clear,Damaged,Urban,Night,52.3,81.3,Not Applicable,Yes,Yes,No,25.7,No,Male,Fatal,8,2023,January,1:45
Maharashtra,Car,Foggy,Wet,Urban,Afternoon,60,80.52,Not Applicable,No,Yes,Yes,33.9,Expired,Male,Fatal,6,2023,January,15:54
Tamil Nadu,Car,Rainy,Wet,Highway,Morning,89.2,138.18,Not Applicable,Yes,Yes,No,30.4,Expired,Male,Fatal,10,2020,November,4:16
Karnataka,Truck,Foggy,Dry,Highway,Evening,86.3,131.63,Not Applicable,Yes,No,No,10.7,Expired,Male,Fatal,2,2019,April,20:54
Maharashtra,Car,Clear,Dry,Highway,Night,88.1,135.8,Not Applicable,Yes,No,No,25.7,No,Female,Fatal,2,2023,April,3:29
Karnataka,Car,Clear,Damaged,Rural,Night,57.2,83.95,Not Applicable,No,Yes,Yes,31.3,Expired,Male,Fatal,4,2021,December,22:49
Gujarat,Car,Rainy,Damaged,Highway,Evening,90.3,142.81,Not Applicable,Yes,Yes,Yes,30,Yes,Female,Fatal,7,2024,October,18:59
Maharashtra,Bike,Clear,Wet,Highway,Night,91.5,136.1,Yes,Not Applicable,Yes,No,34.3,Yes,Male,Fatal,3,2022,December,3:01
Rajasthan,Bike,Clear,Wet,Highway,Night,111.1,147.06,Yes,Not Applicable,Yes,Yes,10.3,Yes,Female,Fatal,5,2022,March,1:41
Karnataka,Car,Foggy,Wet,Highway,Afternoon,91,130.32,Not Applicable,Yes,Yes,No,30,Expired,Female,Fatal,10,2021,September,14:17
Rajasthan,Bike,Clear,Damaged,Highway,Night,85.3,119.19,No,Not Applicable,Yes,No,19.8,Yes,Female,Fatal,5,2022,February,21:13
Karnataka,Bike,Clear,Wet,Rural,Morning,57.3,85.59,Yes,Not Applicable,Yes,Yes,29,Yes,Female,Fatal,5,2019,April,4:16
Karnataka,Car,Rainy,Dry,Rural,Evening,48.9,77.22,Not Applicable,No,Yes,Yes,14.2,No,Female,Fatal,3,2024,October,18:25
Maharashtra,Car,Rainy,Dry,Highway,Morning,91.1,123.18,Not Applicable,No,Yes,No,28.6,Expired,Male,Fatal,7,2023,February,11:50
Gujarat,Car,Clear,Wet,Rural,Night,66.1,91.55,Not Applicable,Yes,Yes,No,31.3,Expired,Male,Fatal,4,2022,August,21:16
Karnataka,Bus,Foggy,Dry,Highway,Night,102.8,139.71,Not Applicable,No,Yes,No,33.3,Yes,Male,Fatal,19,2024,January,22:35
Maharashtra,Car,Clear,Damaged,Highway,Morning,104.4,163.28,Not Applicable,Yes,Yes,Yes,22.3,Expired,Male,Fatal,7,2024,May,9:48
Gujarat,Car,Clear,Wet,Rural,Night,67.6,97.03,Not Applicable,Yes,Yes,No,25.5,Yes,Female,Fatal,3,2020,November,0:39
Tamil Nadu,Bike,Rainy,Wet,Rural,Evening,73.6,112.37,No,Not Applicable,Yes,Yes,21.8,Yes,Female,Fatal,5,2019,July,19:18
Rajasthan,Bike,Rainy,Wet,Highway,Afternoon,103.3,150.64,Yes,Not Applicable,No,Yes,22.1,Yes,Female,Fatal,3,2021,May,15:37
Tamil Nadu,Car,Clear,Damaged,Rural,Night,65.2,99.72,Not Applicable,Yes,Yes,Yes,18.2,Expired,Female,Fatal,8,2023,May,22:54
Uttar Pradesh,Car,Rainy,Damaged,Urban,Morning,43.2,69.11,Not Applicable,No,Yes,No,18.1,Yes,Male,Fatal,3,2019,February,10:10
Tamil Nadu,Bus,Rainy,Damaged,Highway,Night,108.8,151.13,Not Applicable,Yes,No,Yes,21.6,Yes,Male,Fatal,12,2022,December,0:36
Gujarat,Car,Rainy,Wet,Urban,Night,63.4,97.58,Not Applicable,Yes,No,No,29.4,Expired,Female,Fatal,4,2021,August,1:46
Uttar Pradesh,Car,Rainy,Damaged,Highway,Night,100.3,144.83,Not Applicable,Yes,No,Yes,29.1,Yes,Female,Fatal,3,2021,September,23:10
Karnataka,Car,Foggy,Wet,Highway,Morning,72.3,97.01,Not Applicable,Yes,No,Yes,31,No,Male,Fatal,5,2023,August,6:29
Uttar Pradesh,Bike,Clear,Wet,Urban,Evening,47.8,65.5,No,Not Applicable,Yes,No,25.4,No,Male,Fatal,4,2019,April,19:45
Uttar Pradesh,Bus,Rainy,Damaged,Urban,Night,42.5,59.4,Not Applicable,No,No,Yes,13.6,Yes,Male,Fatal,20,2020,January,0:27
Tamil Nadu,Car,Rainy,Wet,Urban,Night,59,91.69,Not Applicable,No,Yes,No,21.1,Yes,Female,Fatal,9,2022,November,0:33
Karnataka,Car,Clear,Wet,Highway,Morning,90.7,137.69,Not Applicable,Yes,Yes,Yes,17.6,Yes,Male,Fatal,3,2020,November,5:05
Tamil Nadu,Bike,Foggy,Wet,Urban,Night,68.2,102.72,No,Not Applicable,Yes,No,14.5,Yes,Female,Fatal,3,2022,March,0:30
Gujarat,Bike,Rainy,Damaged,Highway,Night,79,122.74,Yes,Not Applicable,No,Yes,18.2,Yes,Female,Fatal,2,2020,September,0:10
Uttar Pradesh,Car,Rainy,Wet,Urban,Evening,55.5,73.96,Not Applicable,Yes,Yes,No,17.5,Expired,Male,Fatal,4,2019,November,20:12
Uttar Pradesh,Truck,Foggy,Dry,Highway,Morning,78.3,122.42,Not Applicable,No,No,Yes,10.9,Yes,Male,Fatal,1,2021,March,7:01
Tamil Nadu,Car,Clear,Damaged,Highway,Morning,93.2,135.44,Not Applicable,No,No,Yes,23.8,Expired,Female,Fatal,6,2021,January,6:42
Gujarat,Car,Rainy,Wet,Rural,Night,78.9,114.73,Not Applicable,Yes,No,No,18.7,No,Female,Fatal,5,2022,July,2:06
Uttar Pradesh,Bus,Rainy,Wet,Urban,Evening,65.8,104.43,Not Applicable,No,No,No,21.7,No,Male,Fatal,33,2022,May,17:10
Rajasthan,Bike,Clear,Damaged,Urban,Night,56.6,75.05,No,Not Applicable,Yes,Yes,29.7,Expired,Female,Fatal,4,2021,April,1:06
Tamil Nadu,Bike,Foggy,Dry,Highway,Afternoon,93.9,141.77,Yes,Not Applicable,No,Yes,24.8,Yes,Male,Fatal,2,2020,May,12:26
Uttar Pradesh,Bike,Foggy,Wet,Urban,Night,67.3,101.08,No,Not Applicable,Yes,No,31.6,Yes,Male,Fatal,5,2022,January,2:18
Rajasthan,Bike,Foggy,Wet,Urban,Night,53.5,74.62,Yes,Not Applicable,No,No,16.3,No,Male,Fatal,4,2020,July,1:39
Maharashtra,Bus,Clear,Dry,Highway,Morning,96.9,149.12,Not Applicable,No,No,Yes,25,Yes,Male,Fatal,6,2024,November,5:13
Uttar Pradesh,Car,Clear,Dry,Highway,Night,95.8,149.58,Not Applicable,Yes,Yes,No,27.6,No,Male,Fatal,3,2020,August,22:19
Gujarat,Car,Rainy,Damaged,Highway,Morning,104.6,144.05,Not Applicable,Yes,Yes,No,32,No,Male,Fatal,4,2023,December,10:16
Uttar Pradesh,Truck,Clear,Dry,Highway,Afternoon,105.3,165.26,Not Applicable,No,No,No,31.8,Expired,Male,Fatal,2,2019,March,15:50
Rajasthan,Bike,Rainy,Damaged,Highway,Morning,74.7,102.19,No,Not Applicable,Yes,No,14.7,No,Female,Fatal,7,2019,January,8:03
Gujarat,Car,Rainy,Wet,Rural,Morning,50,78.8,Not Applicable,No,No,Yes,10.6,No,Female,Fatal,3,2021,August,11:59
Tamil Nadu,Truck,Foggy,Wet,Urban,Afternoon,48,66.56,Not Applicable,Yes,Yes,No,10.3,No,Male,Fatal,7,2020,August,13:35
Uttar Pradesh,Car,Rainy,Damaged,Urban,Morning,64.4,94.48,Not Applicable,No,No,Yes,22.4,Expired,Female,Fatal,4,2022,January,5:15
Tamil Nadu,Bike,Rainy,Wet,Highway,Morning,72.4,94.73,No,Not Applicable,No,No,33.4,Yes,Male,Fatal,3,2021,January,8:51
Tamil Nadu,Bike,Clear,Damaged,Highway,Night,90.9,140.71,Yes,Not Applicable,Yes,Yes,22.4,Yes,Female,Fatal,5,2022,February,0:05
Rajasthan,Bus,Clear,Damaged,Highway,Morning,103.5,145.4,Not Applicable,Yes,No,No,13.6,No,Male,Fatal,28,2023,December,6:24
Tamil Nadu,Bus,Clear,Wet,Urban,Night,60.1,89.74,Not Applicable,Yes,No,Yes,33.9,Expired,Male,Fatal,28,2020,March,2:32
Maharashtra,Bike,Foggy,Wet,Urban,Evening,63.3,90.85,No,Not Applicable,Yes,Yes,28.5,Expired,Male,Fatal,6,2021,September,19:43
Maharashtra,Bike,Clear,Damaged,Highway,Night,111.1,148.35,Yes,Not Applicable,Yes,Yes,20.2,Yes,Female,Fatal,5,2020,August,0:37
Maharashtra,Car,Clear,Wet,Highway,Night,83.8,124.3,Not Applicable,No,Yes,Yes,12.6,Yes,Female,Fatal,5,2021,August,3:43
Tamil Nadu,Bike,Rainy,Wet,Urban,Morning,59.3,87.59,Yes,Not Applicable,No,Yes,33.7,Expired,Male,Fatal,4,2021,December,5:04
Uttar Pradesh,Truck,Clear,Wet,Rural,Night,70.4,102.56,Not Applicable,Yes,Yes,Yes,33.6,No,Male,Fatal,4,2021,May,2:33
Uttar Pradesh,Truck,Rainy,Dry,Urban,Afternoon,39.6,61.16,Not Applicable,No,Yes,No,11.3,No,Male,Fatal,3,2023,January,16:49
Tamil Nadu,Bike,Foggy,Damaged,Highway,Afternoon,104.8,137.44,No,Not Applicable,Yes,Yes,11.3,Expired,Female,Fatal,6,2019,July,14:05
Rajasthan,Car,Rainy,Damaged,Highway,Morning,96,134.37,Not Applicable,Yes,Yes,No,13.4,No,Female,Fatal,9,2021,December,4:54
Maharashtra,Bike,Foggy,Wet,Urban,Night,57.2,77.77,No,Not Applicable,No,No,30.7,Expired,Female,Fatal,4,2020,October,2:01
Gujarat,Bike,Clear,Wet,Highway,Night,118.1,179.06,Yes,Not Applicable,No,No,29.4,No,Female,Fatal,4,2023,November,21:20
Tamil Nadu,Bike,Clear,Dry,Highway,Evening,87.4,132.46,Yes,Not Applicable,Yes,No,17.9,Yes,Female,Fatal,2,2019,March,20:24
Gujarat,Bike,Clear,Wet,Highway,Morning,112.1,164.8,Yes,Not Applicable,No,Yes,30.9,No,Female,Fatal,3,2023,November,8:13
Gujarat,Truck,Foggy,Dry,Rural,Night,78.4,117.11,Not Applicable,No,No,No,11.7,No,Male,Fatal,3,2019,February,22:08
Rajasthan,Car,Clear,Dry,Highway,Afternoon,95.7,135.15,Not Applicable,Yes,Yes,No,29.7,No,Male,Fatal,7,2024,July,16:24
Rajasthan,Bike,Clear,Wet,Highway,Evening,96.6,132.87,No,Not Applicable,Yes,Yes,26,Yes,Female,Fatal,3,2020,March,19:14
Maharashtra,Truck,Clear,Wet,Urban,Night,57.3,86.61,Not Applicable,Yes,Yes,No,23.4,No,Male,Fatal,7,2020,October,1:42
Tamil Nadu,Bus,Foggy,Wet,Urban,Night,38.3,58.95,Not Applicable,No,Yes,No,29.1,Yes,Male,Fatal,34,2020,September,2:43
Maharashtra,Bike,Rainy,Dry,Rural,Night,78.6,107.17,Yes,Not Applicable,Yes,Yes,21.2,No,Male,Fatal,3,2021,December,2:18
Karnataka,Bus,Foggy,Wet,Urban,Morning,59.4,94.19,Not Applicable,Yes,Yes,No,34,Yes,Male,Fatal,30,2023,August,7:51
Tamil Nadu,Car,Clear,Wet,Urban,Night,66.1,91.24,Not Applicable,Yes,No,Yes,33.4,Expired,Male,Fatal,7,2019,June,22:11
Gujarat,Car,Clear,Wet,Highway,Morning,84.6,120.26,Not Applicable,Yes,Yes,No,11.1,No,Female,Fatal,8,2019,April,4:49
Karnataka,Car,Foggy,Damaged,Highway,Night,93.1,137.89,Not Applicable,No,Yes,Yes,34.1,Yes,Female,Fatal,7,2021,October,1:28
Karnataka,Bike,Foggy,Wet,Highway,Night,83,132.03,Yes,Not Applicable,No,No,13.1,Yes,Female,Fatal,2,2019,March,0:29
Tamil Nadu,Bike,Rainy,Wet,Highway,Night,104.4,150.81,Yes,Not Applicable,No,Yes,34.1,Yes,Female,Fatal,2,2022,November,0:06
Tamil Nadu,Bike,Foggy,Damaged,Highway,Evening,77.4,116.98,Yes,Not Applicable,Yes,Yes,11.6,Expired,Female,Fatal,6,2023,September,19:12
Karnataka,Car,Rainy,Wet,Rural,Evening,67.3,97.89,Not Applicable,Yes,Yes,No,15.6,Expired,Female,Fatal,6,2021,April,17:17
Rajasthan,Bike,Clear,Wet,Highway,Night,93.7,142.54,Yes,Not Applicable,Yes,No,16.6,Expired,Female,Fatal,6,2023,December,2:43
Uttar Pradesh,Bike,Rainy,Wet,Highway,Night,106.4,141.54,Yes,Not Applicable,No,No,15.2,Yes,Male,Fatal,3,2021,October,2:18
Rajasthan,Bike,Foggy,Dry,Highway,Afternoon,84.3,134.77,Yes,Not Applicable,No,No,34.1,Expired,Female,Fatal,3,2024,March,15:42
Rajasthan,Bike,Rainy,Damaged,Rural,Evening,61.2,95.06,No,Not Applicable,Yes,No,23.1,Expired,Male,Fatal,4,2022,June,18:28
Uttar Pradesh,Car,Clear,Damaged,Rural,Night,66.6,89.45,Not Applicable,No,Yes,No,15.7,Yes,Female,Fatal,3,2021,January,1:29
Tamil Nadu,Car,Foggy,Dry,Highway,Morning,70.9,111.99,Not Applicable,Yes,Yes,Yes,21.8,No,Male,Fatal,3,2020,January,7:08
Maharashtra,Bike,Rainy,Dry,Highway,Night,80,114.01,No,Not Applicable,No,Yes,31,Yes,Male,Fatal,1,2020,August,21:08
Uttar Pradesh,Truck,Clear,Damaged,Rural,Night,76.1,119.27,Not Applicable,No,Yes,No,24.2,No,Male,Fatal,7,2020,August,21:40
Gujarat,Bus,Foggy,Wet,Urban,Morning,47.6,67.17,Not Applicable,Yes,Yes,No,33.8,No,Male,Fatal,13,2023,April,10:55
Gujarat,Bike,Foggy,Dry,Highway,Night,87.8,128.55,Yes,Not Applicable,No,Yes,27.8,No,Female,Fatal,3,2022,April,2:51
Uttar Pradesh,Bike,Clear,Damaged,Highway,Morning,89,133.42,Yes,Not Applicable,No,No,11,Yes,Male,Fatal,3,2020,June,5:31
Rajasthan,Car,Foggy,Wet,Urban,Morning,53.7,77.1,Not Applicable,Yes,Yes,No,30,Yes,Female,Fatal,3,2023,December,8:01
Karnataka,Car,Clear,Wet,Urban,Morning,54.1,78.43,Not Applicable,No,No,Yes,25.8,Yes,Male,Fatal,6,2024,September,7:41
Rajasthan,Bike,Clear,Dry,Rural,Night,83.5,122.31,No,Not Applicable,No,Yes,18.3,Expired,Female,Fatal,2,2023,July,23:07
Rajasthan,Car,Foggy,Damaged,Urban,Morning,42.4,63.32,Not Applicable,Yes,Yes,Yes,29.5,Yes,Female,Fatal,3,2020,December,5:11
Uttar Pradesh,Car,Clear,Dry,Urban,Night,62.4,96.15,Not Applicable,Yes,Yes,Yes,30.2,Expired,Female,Fatal,3,2023,December,2:58
Karnataka,Car,Foggy,Wet,Rural,Morning,72.5,109.96,Not Applicable,Yes,Yes,Yes,28.8,Yes,Male,Fatal,9,2019,April,5:20
Rajasthan,Truck,Rainy,Damaged,Urban,Night,69,99.82,Not Applicable,No,Yes,Yes,22.1,Yes,Male,Fatal,5,2024,August,2:05
Karnataka,Car,Foggy,Damaged,Highway,Night,86,116.45,Not Applicable,Yes,Yes,No,34.7,Yes,Male,Fatal,7,2020,January,22:59
Rajasthan,Bike,Foggy,Wet,Rural,Night,75.4,101.66,No,Not Applicable,Yes,No,10.6,Expired,Male,Fatal,6,2019,October,3:49
Karnataka,Car,Clear,Wet,Urban,Evening,73,108.23,Not Applicable,Yes,No,Yes,31.5,No,Male,Fatal,8,2022,March,19:26
Tamil Nadu,Bike,Foggy,Damaged,Highway,Afternoon,73.4,112.48,No,Not Applicable,Yes,No,31.5,No,Female,Fatal,4,2020,October,12:04
Karnataka,Bike,Rainy,Damaged,Rural,Morning,61.5,82.75,Yes,Not Applicable,Yes,Yes,10.7,Expired,Male,Fatal,4,2024,December,4:17
Karnataka,Car,Clear,Wet,Highway,Morning,109.9,175.02,Not Applicable,No,Yes,No,33.7,Yes,Female,Fatal,9,2020,March,6:56
Karnataka,Car,Rainy,Damaged,Rural,Evening,77,115.46,Not Applicable,Yes,Yes,Yes,25.5,No,Female,Fatal,4,2023,December,20:48
Karnataka,Bike,Clear,Wet,Highway,Night,92,129.7,Yes,Not Applicable,No,Yes,26,Yes,Female,Fatal,2,2021,May,0:03
Maharashtra,Bike,Clear,Damaged,Urban,Evening,68.7,89.98,No,Not Applicable,Yes,Yes,18.9,Yes,Male,Fatal,5,2019,January,18:06
Tamil Nadu,Car,Rainy,Wet,Urban,Afternoon,45.5,61.86,Not Applicable,Yes,Yes,No,30.6,Expired,Female,Fatal,7,2023,May,12:35
Karnataka,Car,Clear,Wet,Highway,Night,99.1,141.87,Not Applicable,Yes,No,No,23.5,Expired,Female,Fatal,5,2024,October,1:19
Gujarat,Bike,Rainy,Wet,Highway,Night,90.9,137.36,No,Not Applicable,No,No,18.2,Yes,Male,Fatal,2,2021,November,0:55
Maharashtra,Bike,Clear,Wet,Highway,Morning,96,130.52,Yes,Not Applicable,No,Yes,10,Yes,Male,Fatal,2,2020,March,11:03
Gujarat,Bike,Clear,Damaged,Highway,Night,111.8,147.54,Yes,Not Applicable,No,Yes,17.5,Yes,Female,Fatal,3,2022,August,0:30
Maharashtra,Car,Clear,Wet,Highway,Morning,104.8,163.98,Not Applicable,Yes,No,No,23.5,Yes,Female,Fatal,2,2019,August,6:58
Karnataka,Car,Clear,Wet,Highway,Morning,91.9,125.81,Not Applicable,Yes,Yes,No,30.3,Yes,Female,Fatal,5,2022,March,7:23
Karnataka,Car,Foggy,Wet,Highway,Afternoon,90,142.26,Not Applicable,Yes,Yes,Yes,13.2,Yes,Female,Fatal,9,2019,March,14:25
Gujarat,Car,Clear,Damaged,Highway,Morning,88.7,137.65,Not Applicable,No,Yes,No,10,Yes,Female,Fatal,7,2019,January,9:15
Rajasthan,Car,Clear,Damaged,Highway,Morning,85.2,129.79,Not Applicable,Yes,No,No,16.5,Expired,Female,Fatal,3,2022,July,11:42
Maharashtra,Bike,Clear,Dry,Highway,Night,103,146.69,No,Not Applicable,Yes,Yes,13.7,No,Male,Fatal,3,2020,January,2:57
Tamil Nadu,Car,Rainy,Wet,Highway,Night,76.8,121.51,Not Applicable,No,Yes,No,28.4,Yes,Male,Fatal,6,2023,May,21:58
Karnataka,Car,Foggy,Damaged,Urban,Morning,39.7,59.7,Not Applicable,Yes,Yes,Yes,11.3,Expired,Female,Fatal,8,2022,June,9:15
Karnataka,Bus,Clear,Damaged,Urban,Evening,44.3,60.1,Not Applicable,No,Yes,No,24.7,Expired,Male,Fatal,33,2019,January,18:39
Gujarat,Bike,Clear,Damaged,Highway,Evening,93.2,126.67,Yes,Not Applicable,Yes,No,11.2,Yes,Female,Fatal,5,2021,July,18:55
Gujarat,Bike,Rainy,Dry,Highway,Night,106.2,161.72,No,Not Applicable,Yes,Yes,20.1,Yes,Male,Fatal,2,2021,September,1:52
Tamil Nadu,Bike,Foggy,Dry,Urban,Morning,62.6,99.49,No,Not Applicable,Yes,No,20.4,No,Female,Fatal,3,2024,June,4:00
Karnataka,Truck,Clear,Wet,Urban,Morning,49.8,66.13,Not Applicable,No,Yes,Yes,22.4,Yes,Male,Fatal,3,2021,October,7:43
Gujarat,Bike,Foggy,Wet,Highway,Morning,80.5,106.07,No,Not Applicable,No,Yes,21.9,No,Male,Fatal,4,2022,August,4:11
Gujarat,Truck,Clear,Wet,Highway,Morning,82.3,125.21,Not Applicable,Yes,Yes,Yes,18,Expired,Male,Fatal,6,2020,February,8:02
Gujarat,Car,Foggy,Damaged,Rural,Morning,46.7,67.13,Not Applicable,Yes,Yes,Yes,30.4,Expired,Female,Fatal,6,2022,September,5:03
Gujarat,Truck,Rainy,Damaged,Urban,Morning,50.7,76.28,Not Applicable,No,Yes,Yes,28.5,Expired,Male,Fatal,4,2022,February,5:57
Karnataka,Bus,Clear,Wet,Highway,Afternoon,114.5,175.16,Not Applicable,No,No,No,12.7,No,Male,Fatal,29,2023,March,15:46
Tamil Nadu,Truck,Clear,Wet,Rural,Night,72.5,97.67,Not Applicable,Yes,Yes,No,12.6,No,Male,Fatal,4,2019,December,23:10
Gujarat,Car,Rainy,Damaged,Highway,Night,82.9,115.71,Not Applicable,No,No,Yes,12.8,Expired,Male,Fatal,3,2021,December,2:53
Uttar Pradesh,Bus,Clear,Wet,Urban,Afternoon,54.4,74.03,Not Applicable,Yes,Yes,No,27.6,Expired,Male,Fatal,14,2022,August,16:06
Uttar Pradesh,Bus,Clear,Dry,Highway,Night,108.8,169.08,Not Applicable,Yes,No,No,12.2,No,Male,Fatal,17,2019,June,0:19
Gujarat,Bike,Clear,Damaged,Rural,Night,60.4,92.38,No,Not Applicable,No,Yes,28.3,Expired,Female,Fatal,3,2021,July,3:15
Karnataka,Car,Rainy,Wet,Urban,Morning,46.6,69.36,Not Applicable,No,Yes,Yes,23,Yes,Male,Fatal,5,2023,February,6:47
Tamil Nadu,Truck,Clear,Damaged,Rural,Night,52.5,78.72,Not Applicable,Yes,Yes,Yes,23.2,Expired,Male,Fatal,6,2021,October,21:19
Maharashtra,Truck,Rainy,Wet,Rural,Evening,46.6,73.67,Not Applicable,Yes,Yes,No,32.4,Yes,Male,Fatal,5,2019,December,18:24
Maharashtra,Bike,Rainy,Wet,Urban,Afternoon,60.1,80.31,Yes,Not Applicable,Yes,No,32.7,Expired,Female,Fatal,6,2019,August,15:52
Maharashtra,Bike,Rainy,Dry,Highway,Afternoon,94.7,140.79,No,Not Applicable,Yes,Yes,26,Yes,Male,Fatal,3,2019,May,12:49
Rajasthan,Car,Rainy,Wet,Highway,Evening,87.7,135.51,Not Applicable,Yes,Yes,Yes,18.9,Yes,Female,Fatal,9,2024,June,18:46
Maharashtra,Bike,Foggy,Wet,Urban,Night,44.8,69.6,No,Not Applicable,Yes,Yes,15.2,No,Male,Fatal,4,2022,October,2:48
Rajasthan,Bus,Foggy,Wet,Urban,Night,41.9,65.69,Not Applicable,Yes,Yes,Yes,25.8,Yes,Male,Fatal,30,2023,January,2:53
Maharashtra,Bike,Clear,Wet,Highway,Night,116,162.68,Yes,Not Applicable,Yes,No,12.5,No,Female,Fatal,7,2019,January,2:34
Rajasthan,Bike,Rainy,Wet,Highway,Night,93,133.38,Yes,Not Applicable,No,No,25,Yes,Male,Fatal,2,2022,April,0:07
Rajasthan,Car,Clear,Damaged,Highway,Night,103.5,164.35,Not Applicable,No,No,No,28.3,Yes,Female,Fatal,4,2021,May,0:17
Rajasthan,Bus,Rainy,Wet,Highway,Morning,81,125.1,Not Applicable,Yes,Yes,Yes,18,Yes,Male,Fatal,14,2020,April,7:26
Maharashtra,Bus,Rainy,Wet,Urban,Afternoon,68.8,89.52,Not Applicable,Yes,Yes,Yes,30.9,Yes,Male,Fatal,16,2021,July,14:53
Gujarat,Car,Clear,Dry,Urban,Night,64.4,96.42,Not Applicable,No,No,Yes,22.1,No,Female,Fatal,3,2019,December,2:43
Uttar Pradesh,Car,Rainy,Dry,Highway,Night,91.8,122.7,Not Applicable,No,Yes,No,18.3,No,Male,Fatal,8,2023,July,1:12
Rajasthan,Bike,Clear,Wet,Highway,Night,110.1,144.19,Yes,Not Applicable,Yes,No,14.3,Yes,Female,Fatal,5,2021,February,2:36
Uttar Pradesh,Bike,Clear,Damaged,Highway,Night,112.3,173.34,No,Not Applicable,No,Yes,19.7,No,Male,Fatal,3,2020,August,2:50
Rajasthan,Car,Clear,Wet,Highway,Evening,102.5,157.1,Not Applicable,Yes,Yes,No,23.9,Yes,Female,Fatal,9,2023,June,19:25
Gujarat,Car,Clear,Wet,Rural,Morning,84.5,133.2,Not Applicable,Yes,No,No,23,No,Female,Fatal,5,2020,November,9:42
Rajasthan,Car,Foggy,Wet,Rural,Night,63.1,86.09,Not Applicable,Yes,No,No,13.3,No,Male,Fatal,8,2019,August,22:20
Uttar Pradesh,Bike,Rainy,Damaged,Highway,Morning,75.2,115.32,Yes,Not Applicable,Yes,Yes,31,Yes,Male,Fatal,5,2022,July,4:11
Maharashtra,Car,Rainy,Wet,Highway,Afternoon,95.6,150.88,Not Applicable,Yes,No,Yes,32.5,No,Female,Fatal,3,2023,December,15:05
Rajasthan,Bike,Clear,Wet,Rural,Night,80.1,114.54,No,Not Applicable,No,Yes,29.6,Yes,Female,Fatal,2,2023,December,21:25
Gujarat,Truck,Clear,Wet,Rural,Night,75.1,118.34,Not Applicable,No,Yes,No,32.2,No,Male,Fatal,7,2023,December,2:05
Rajasthan,Bus,Rainy,Dry,Urban,Morning,60.1,95.89,Not Applicable,No,Yes,Yes,34.4,Yes,Male,Fatal,19,2019,April,10:31
Tamil Nadu,Bike,Rainy,Damaged,Urban,Afternoon,47,61.68,Yes,Not Applicable,No,Yes,26.8,No,Female,Fatal,4,2021,April,12:05
Maharashtra,Bike,Foggy,Wet,Rural,Night,79.4,111.4,Yes,Not Applicable,Yes,Yes,28.9,Yes,Male,Fatal,5,2019,October,1:52
Tamil Nadu,Bike,Rainy,Wet,Highway,Afternoon,69.6,94.98,Yes,Not Applicable,Yes,Yes,26.8,Yes,Female,Fatal,5,2021,June,13:26
Maharashtra,Bike,Clear,Damaged,Urban,Evening,44.8,58.81,No,Not Applicable,Yes,Yes,18.4,No,Male,Fatal,7,2021,August,20:26
Uttar Pradesh,Truck,Rainy,Dry,Highway,Night,91.8,146.05,Not Applicable,Yes,No,No,29.4,No,Male,Fatal,2,2022,January,22:23
Tamil Nadu,Bike,Rainy,Damaged,Urban,Morning,68.7,100.4,Yes,Not Applicable,No,Yes,33.4,No,Male,Fatal,3,2021,August,4:50
Karnataka,Car,Rainy,Damaged,Highway,Morning,85.4,130.34,Not Applicable,Yes,No,Yes,22.4,Yes,Female,Fatal,2,2024,September,4:26
Gujarat,Bike,Foggy,Wet,Urban,Afternoon,54.3,78.48,Yes,Not Applicable,Yes,Yes,25.9,Yes,Female,Fatal,5,2020,May,12:39
Gujarat,Bike,Clear,Wet,Urban,Night,46.9,69.61,Yes,Not Applicable,Yes,Yes,29.5,Yes,Female,Fatal,3,2024,February,3:26
Maharashtra,Bike,Clear,Dry,Highway,Evening,94.9,128.76,Yes,Not Applicable,Yes,No,23.5,Expired,Female,Fatal,3,2023,March,19:17
Tamil Nadu,Car,Foggy,Wet,Urban,Morning,40.9,64.17,Not Applicable,Yes,Yes,No,30.6,Yes,Female,Fatal,6,2022,October,9:53
Gujarat,Truck,Clear,Damaged,Highway,Night,97.6,140.46,Not Applicable,Yes,Yes,Yes,33.1,Yes,Male,Fatal,3,2019,June,21:34
Tamil Nadu,Bike,Clear,Wet,Rural,Afternoon,70.9,94.2,No,Not Applicable,Yes,Yes,12.1,Expired,Male,Fatal,6,2020,March,16:48
Karnataka,Car,Clear,Wet,Urban,Evening,44.4,67.74,Not Applicable,No,Yes,No,24,No,Male,Fatal,8,2022,October,20:59
Gujarat,Bus,Foggy,Damaged,Highway,Night,107.8,168.97,Not Applicable,No,No,Yes,23.9,Expired,Male,Fatal,25,2020,November,21:26
Rajasthan,Car,Rainy,Wet,Urban,Night,70.5,99,Not Applicable,Yes,Yes,Yes,18,Yes,Female,Fatal,3,2021,December,23:29
Uttar Pradesh,Bike,Clear,Wet,Highway,Night,87.3,129.66,No,Not Applicable,No,No,25.4,Yes,Male,Fatal,2,2024,April,23:18
Maharashtra,Truck,Clear,Wet,Urban,Night,72.2,100.03,Not Applicable,Yes,Yes,No,30.5,Yes,Male,Fatal,5,2022,September,22:45
Karnataka,Bike,Foggy,Dry,Highway,Morning,102.9,158.37,No,Not Applicable,No,No,30.6,No,Female,Fatal,2,2019,March,8:59
Rajasthan,Bike,Foggy,Dry,Rural,Night,70,103.27,Yes,Not Applicable,Yes,Yes,25,Expired,Male,Fatal,3,2022,January,3:57
Maharashtra,Car,Foggy,Damaged,Highway,Night,105.5,158.08,Not Applicable,Yes,No,No,10.7,Yes,Female,Fatal,3,2023,January,3:02
Gujarat,Bike,Foggy,Wet,Highway,Morning,103.8,153.95,Yes,Not Applicable,No,No,22.9,No,Female,Fatal,4,2023,November,10:26
Uttar Pradesh,Bike,Clear,Dry,Highway,Night,98.9,136.97,No,Not Applicable,No,Yes,17.4,No,Male,Fatal,2,2021,October,23:04
Uttar Pradesh,Truck,Clear,Wet,Highway,Morning,99.7,133.75,Not Applicable,Yes,No,No,24.4,No,Male,Fatal,3,2020,August,4:01
Rajasthan,Bike,Clear,Damaged,Highway,Night,84.6,120.68,Yes,Not Applicable,No,No,33.4,No,Female,Fatal,4,2021,August,3:42
Uttar Pradesh,Truck,Rainy,Wet,Highway,Morning,90.6,136.86,Not Applicable,No,Yes,No,24.5,Yes,Male,Fatal,5,2022,June,9:04
Uttar Pradesh,Car,Clear,Wet,Urban,Evening,62.3,82.19,Not Applicable,Yes,Yes,No,13.2,No,Male,Fatal,7,2020,March,17:22
Gujarat,Truck,Clear,Wet,Highway,Morning,78.5,123.52,Not Applicable,Yes,Yes,Yes,32.8,Expired,Male,Fatal,6,2020,February,5:19
Maharashtra,Truck,Rainy,Damaged,Urban,Night,56.7,73.79,Not Applicable,No,Yes,No,12.3,Expired,Male,Fatal,4,2019,April,3:32
Rajasthan,Car,Rainy,Wet,Urban,Morning,57.7,91.55,Not Applicable,No,No,Yes,32.8,No,Male,Fatal,4,2019,June,11:47
Maharashtra,Truck,Clear,Wet,Urban,Morning,68.7,96.28,Not Applicable,Yes,Yes,No,34.2,No,Male,Fatal,4,2019,March,10:15
Tamil Nadu,Car,Clear,Damaged,Rural,Evening,54.7,81.28,Not Applicable,Yes,Yes,No,25.7,No,Male,Fatal,9,2020,March,19:56
Gujarat,Bike,Rainy,Damaged,Urban,Night,48.4,66.5,Yes,Not Applicable,Yes,No,31.9,Yes,Male,Fatal,5,2023,June,23:09
Gujarat,Car,Rainy,Wet,Highway,Night,73.3,108.98,Not Applicable,Yes,Yes,No,35,No,Female,Fatal,4,2020,May,3:01
Uttar Pradesh,Bus,Clear,Wet,Highway,Morning,98.8,143.42,Not Applicable,Yes,No,No,31.6,Yes,Male,Fatal,25,2023,April,6:59
Uttar Pradesh,Bike,Foggy,Dry,Urban,Morning,46.9,71.66,No,Not Applicable,Yes,Yes,13.8,Yes,Female,Fatal,2,2021,November,10:21
Karnataka,Truck,Clear,Wet,Rural,Night,69.4,96.85,Not Applicable,Yes,Yes,No,25.9,Yes,Male,Fatal,3,2024,May,3:32
Tamil Nadu,Bike,Clear,Wet,Urban,Night,58.6,81.19,Yes,Not Applicable,Yes,No,27.1,Expired,Female,Fatal,4,2019,January,21:20
Gujarat,Car,Rainy,Dry,Highway,Night,96.6,128.54,Not Applicable,Yes,No,No,29.1,Yes,Female,Fatal,2,2020,July,1:52
Rajasthan,Truck,Rainy,Wet,Urban,Night,52.7,69.85,Not Applicable,No,Yes,No,15.8,Yes,Male,Fatal,5,2019,November,0:59
Karnataka,Truck,Foggy,Wet,Rural,Evening,61.3,97.31,Not Applicable,Yes,Yes,No,34.2,Yes,Male,Fatal,5,2019,September,20:49
Karnataka,Bus,Foggy,Dry,Highway,Morning,95.3,150.46,Not Applicable,No,No,No,21.3,Yes,Male,Fatal,6,2024,February,5:01
Rajasthan,Bike,Rainy,Dry,Rural,Evening,74.6,106.5,Yes,Not Applicable,Yes,Yes,15,No,Female,Fatal,3,2019,September,17:18
Tamil Nadu,Truck,Clear,Wet,Urban,Morning,56.1,78.96,Not Applicable,Yes,Yes,Yes,31,No,Male,Fatal,4,2024,July,8:01
Tamil Nadu,Car,Clear,Wet,Urban,Afternoon,74.4,108.84,Not Applicable,Yes,Yes,Yes,35,No,Male,Fatal,8,2022,February,12:39
Gujarat,Bike,Clear,Wet,Highway,Morning,106.2,164.97,Yes,Not Applicable,No,No,10.6,Yes,Female,Fatal,2,2022,August,7:23
Uttar Pradesh,Bike,Foggy,Wet,Urban,Night,39.6,53.03,Yes,Not Applicable,Yes,No,28.9,Yes,Male,Fatal,5,2021,December,1:47
Tamil Nadu,Bike,Clear,Damaged,Highway,Night,84.2,123.13,Yes,Not Applicable,Yes,Yes,14.1,Yes,Male,Fatal,5,2024,June,21:13
Tamil Nadu,Bus,Rainy,Wet,Highway,Night,84.5,115.71,Not Applicable,Yes,No,Yes,29.8,Yes,Male,Fatal,13,2019,October,22:13
Gujarat,Car,Rainy,Damaged,Highway,Night,84.1,132.43,Not Applicable,Yes,No,Yes,27,Yes,Male,Fatal,2,2019,April,3:10
Gujarat,Bike,Rainy,Dry,Rural,Evening,55.9,74.82,Yes,Not Applicable,Yes,Yes,26.8,Expired,Female,Fatal,3,2024,April,17:37
Maharashtra,Bike,Foggy,Wet,Urban,Afternoon,47.7,63.26,No,Not Applicable,Yes,No,32.1,Yes,Male,Fatal,3,2023,September,13:57
Maharashtra,Car,Clear,Dry,Highway,Afternoon,114.3,171.76,Not Applicable,Yes,Yes,No,30.7,Yes,Male,Fatal,3,2022,July,12:02
Gujarat,Bike,Foggy,Wet,Rural,Morning,53.3,81.98,No,Not Applicable,Yes,No,17.1,Yes,Male,Fatal,5,2021,July,11:14
Rajasthan,Bike,Rainy,Wet,Highway,Night,80,126.72,Yes,Not Applicable,No,Yes,25.5,Yes,Female,Fatal,2,2020,March,3:13
Gujarat,Bike,Foggy,Wet,Highway,Morning,88.1,140.81,Yes,Not Applicable,No,No,28.2,Yes,Male,Fatal,3,2023,October,11:31
Maharashtra,Truck,Clear,Damaged,Highway,Evening,95.5,152.69,Not Applicable,No,No,Yes,13.9,Yes,Male,Fatal,3,2024,March,18:36
Maharashtra,Bike,Rainy,Damaged,Urban,Night,41.6,62.51,Yes,Not Applicable,Yes,No,26.5,No,Female,Fatal,4,2024,May,2:11
Uttar Pradesh,Bike,Rainy,Wet,Highway,Morning,87.6,135.08,No,Not Applicable,Yes,No,16.1,Yes,Female,Fatal,5,2023,February,11:12
Tamil Nadu,Car,Rainy,Wet,Highway,Evening,100.4,134.83,Not Applicable,No,No,No,18.8,No,Female,Fatal,5,2021,September,18:21
Karnataka,Bike,Clear,Damaged,Highway,Morning,88,136.59,Yes,Not Applicable,No,No,18.9,No,Male,Fatal,3,2022,October,5:42
Tamil Nadu,Bike,Clear,Damaged,Urban,Evening,42.9,60.55,No,Not Applicable,Yes,Yes,20.7,No,Female,Fatal,4,2024,April,20:18
Karnataka,Truck,Clear,Wet,Highway,Morning,111.5,167.75,Not Applicable,Yes,Yes,No,19.3,Yes,Male,Fatal,3,2024,February,8:00
Gujarat,Bike,Clear,Wet,Highway,Night,83.9,122.22,Yes,Not Applicable,Yes,Yes,14.4,No,Male,Fatal,7,2020,July,3:07
Maharashtra,Car,Foggy,Wet,Highway,Morning,104.4,150.81,Not Applicable,Yes,Yes,Yes,32.1,Expired,Female,Fatal,6,2020,January,7:12
Gujarat,Bike,Foggy,Wet,Urban,Morning,49,67.45,Yes,Not Applicable,Yes,Yes,18.3,Yes,Female,Fatal,5,2021,December,9:18
Rajasthan,Bike,Rainy,Wet,Highway,Afternoon,72.8,111.59,Yes,Not Applicable,Yes,No,17.3,Expired,Female,Fatal,4,2022,February,14:46
Tamil Nadu,Car,Clear,Damaged,Highway,Night,108.3,166.8,Not Applicable,Yes,Yes,No,23.8,Expired,Female,Fatal,4,2020,October,23:42
Gujarat,Bike,Rainy,Wet,Urban,Night,66.4,96.91,Yes,Not Applicable,No,Yes,27,Expired,Female,Fatal,4,2024,February,2:14
Karnataka,Car,Rainy,Damaged,Rural,Night,51,77.35,Not Applicable,No,Yes,No,29.7,Yes,Male,Fatal,7,2024,February,21:53
Gujarat,Bike,Rainy,Damaged,Highway,Morning,91.1,128.97,No,Not Applicable,Yes,No,18.4,Yes,Male,Fatal,5,2021,July,4:46
Rajasthan,Car,Rainy,Wet,Urban,Night,70.5,98.73,Not Applicable,Yes,Yes,No,26,No,Female,Fatal,8,2019,February,0:05
Uttar Pradesh,Car,Rainy,Damaged,Urban,Night,69.3,95.47,Not Applicable,Yes,Yes,Yes,28.5,Yes,Female,Fatal,3,2024,October,0:21
Maharashtra,Bike,Foggy,Damaged,Highway,Morning,78.2,104.68,Yes,Not Applicable,Yes,Yes,21.9,Expired,Female,Fatal,6,2020,July,10:01
Karnataka,Car,Rainy,Damaged,Rural,Morning,76,108.29,Not Applicable,No,No,Yes,26.2,No,Male,Fatal,3,2020,October,7:00
Uttar Pradesh,Bike,Rainy,Wet,Highway,Morning,95.5,132.72,Yes,Not Applicable,No,No,15.4,Yes,Female,Fatal,3,2019,October,9:35
Uttar Pradesh,Bike,Clear,Wet,Urban,Morning,54.1,76.91,Yes,Not Applicable,Yes,No,15.4,No,Male,Fatal,7,2022,June,5:52
Uttar Pradesh,Car,Clear,Dry,Rural,Night,53.6,78.98,Not Applicable,Yes,Yes,No,27.2,No,Female,Fatal,7,2020,June,0:28
Maharashtra,Bike,Foggy,Wet,Highway,Night,79.1,118.01,Yes,Not Applicable,No,Yes,32.3,Yes,Male,Fatal,3,2022,September,21:36
Uttar Pradesh,Bike,Foggy,Dry,Rural,Night,56.3,82.37,No,Not Applicable,No,Yes,21.4,Expired,Female,Fatal,3,2024,May,2:17
Gujarat,Bike,Rainy,Wet,Highway,Night,72,109.75,No,Not Applicable,No,No,10.3,Yes,Female,Fatal,2,2021,August,3:54
Uttar Pradesh,Bus,Foggy,Wet,Highway,Afternoon,98.6,129.2,Not Applicable,Yes,Yes,Yes,29.9,Yes,Male,Fatal,34,2023,December,16:37
Maharashtra,Bike,Foggy,Wet,Urban,Morning,51.5,69.84,No,Not Applicable,Yes,Yes,34,Yes,Female,Fatal,3,2024,August,10:47
Maharashtra,Truck,Clear,Dry,Highway,Morning,108.8,158.63,Not Applicable,Yes,Yes,No,34.5,Yes,Male,Fatal,3,2022,September,6:20
Maharashtra,Truck,Clear,Wet,Highway,Morning,114.9,150.77,Not Applicable,Yes,No,No,35,Yes,Male,Fatal,2,2023,July,6:09
Tamil Nadu,Bike,Clear,Damaged,Highway,Night,83.6,125.97,Yes,Not Applicable,No,Yes,12.5,Yes,Female,Fatal,2,2021,November,2:16
Rajasthan,Bike,Rainy,Wet,Rural,Evening,68.3,98.96,No,Not Applicable,Yes,No,15.4,No,Female,Fatal,4,2021,May,17:54
Maharashtra,Car,Clear,Damaged,Rural,Evening,84.4,113.53,Not Applicable,Yes,Yes,No,26.5,No,Female,Fatal,4,2021,October,18:19
Rajasthan,Bike,Clear,Wet,Highway,Evening,103.3,145.05,Yes,Not Applicable,Yes,No,16.4,Yes,Female,Fatal,3,2021,August,20:17
Tamil Nadu,Car,Rainy,Dry,Urban,Night,64.1,100.87,Not Applicable,No,Yes,Yes,27.7,No,Female,Fatal,3,2019,October,22:08
Uttar Pradesh,Bike,Rainy,Wet,Urban,Afternoon,65.9,85.93,Yes,Not Applicable,No,Yes,25.5,No,Male,Fatal,3,2024,February,16:19
Karnataka,Bike,Rainy,Damaged,Highway,Night,78.8,113.17,Yes,Not Applicable,Yes,Yes,12.6,Yes,Female,Fatal,5,2019,May,0:05
Tamil Nadu,Car,Foggy,Wet,Urban,Night,61.3,93.63,Not Applicable,No,Yes,No,20.7,Yes,Female,Fatal,9,2024,April,0:28
